year,archive,library,original_member_path,category_tags,primary_category,selected_relative_path,bytes,sha256,decision_reason,dedupe_of
2015,sonniss.zip,Coll Anderson - Battle Crowd,Coll Anderson - Battle Crowd/EFX EXT GROUP Call Out Help Make Weapons 01.wav,combat,Combat,Assets/ThirdParty/Sonniss/Selected/Combat/2015/Coll Anderson - Battle Crowd-8196cf/EFX EXT GROUP Call Out Help Make Weapons 01.wav,3962688,6633ad3c8f15336e673ddc05c83ba6f280baa5d603e0d4979612d8c4f7c0435e,all variations retained from a selected game-fit pack,
2015,sonniss.zip,Coll Anderson - Battle Crowd,Coll Anderson - Battle Crowd/EFX EXT GROUP Marching Puddle Mud 01.wav,"combat,world_ambience",Combat,Assets/ThirdParty/Sonniss/Selected/Combat/2015/Coll Anderson - Battle Crowd-8196cf/EFX EXT GROUP Marching Puddle Mud 01.wav,11554322,d0744e3c32b2a344c8824308e1349a4b33ae699225c8ede25e330612a5b26e73,all variations retained from a selected game-fit pack,
2015,sonniss.zip,Coll Anderson - Battle Crowd,Coll Anderson - Battle Crowd/EFX EXT GROUP Battle End Agony Moans 02 A.wav,combat,Combat,Assets/ThirdParty/Sonniss/Selected/Combat/2015/Coll Anderson - Battle Crowd-8196cf/EFX EXT GROUP Battle End Agony Moans 02 A.wav,20835420,09535f4bf48f287cf687fe766bb80d75695314ecef207edaad676bd18f633436,all variations retained from a selected game-fit pack,
2015,sonniss.zip,Coll Anderson - Battle Crowd,Coll Anderson - Battle Crowd/EFX EXT GROUP Battle Approach 01 A.wav,combat,Combat,Assets/ThirdParty/Sonniss/Selected/Combat/2015/Coll Anderson - Battle Crowd-8196cf/EFX EXT GROUP Battle Approach 01 A.wav,15359618,889408ce2a042dd6aee88664ca634000b9a19bac13b41de9151799861d940210,all variations retained from a selected game-fit pack,
2015,sonniss.zip,Coll Anderson - Battle Crowd,Coll Anderson - Battle Crowd/EFX EXT GROUP Battle Steady Fighting 03 A.wav,combat,Combat,Assets/ThirdParty/Sonniss/Selected/Combat/2015/Coll Anderson - Battle Crowd-8196cf/EFX EXT GROUP Battle Steady Fighting 03 A.wav,14773206,899448eb2cd73cbf039d521688b978c11dc24161db9d5068ef97886dbc2fe864,all variations retained from a selected game-fit pack,
2015,sonniss.zip,Coll Anderson - Battle Crowd,Coll Anderson - Battle Crowd/EFX EXT GROUP Battle Movement Forrest 01 A.wav,"combat,movement_foley",Combat,Assets/ThirdParty/Sonniss/Selected/Combat/2015/Coll Anderson - Battle Crowd-8196cf/EFX EXT GROUP Battle Movement Forrest 01 A.wav,20912482,669454800e6f28984a3bb1b83a923f4a51ece75a2cd8c4594120b963f246b968,all variations retained from a selected game-fit pack,
2015,sonniss.zip,Coll Anderson - Battle Crowd,Coll Anderson - Battle Crowd/EFX EXT GROUP Female Celebration Scream 01 A .wav,combat,Combat,Assets/ThirdParty/Sonniss/Selected/Combat/2015/Coll Anderson - Battle Crowd-8196cf/EFX EXT GROUP Female Celebration Scream 01 A.wav,14848606,f96981d8989e34bf167c389ae35c4245dde12c87fa2282e5869ec51881a9ddad,all variations retained from a selected game-fit pack,
2015,sonniss.zip,Coll Anderson - Battle Crowd,Coll Anderson - Battle Crowd/EFX EXT GROUP Agony Scream 02 A.wav,combat,Combat,Assets/ThirdParty/Sonniss/Selected/Combat/2015/Coll Anderson - Battle Crowd-8196cf/EFX EXT GROUP Agony Scream 02 A.wav,9680738,af6b474ecf874f3efcfa21e2568c8391318ce719ea10c5a6d72d1355a99ea866,all variations retained from a selected game-fit pack,
2015,sonniss.zip,Coll Anderson - Battle Crowd,Coll Anderson - Battle Crowd/EFX EXT GROUP Battle Celebration 02 A.wav,combat,Combat,Assets/ThirdParty/Sonniss/Selected/Combat/2015/Coll Anderson - Battle Crowd-8196cf/EFX EXT GROUP Battle Celebration 02 A.wav,14104054,2ac3bb337751737f8d436d5f4343b0aa099bc5163d020c43ec8f90b7016590e3,all variations retained from a selected game-fit pack,
2015,sonniss.zip,Coll Anderson - Battle Crowd,Coll Anderson - Battle Crowd/EFX EXT GROUP Unrest Murmur 01 A .wav,combat,Combat,Assets/ThirdParty/Sonniss/Selected/Combat/2015/Coll Anderson - Battle Crowd-8196cf/EFX EXT GROUP Unrest Murmur 01 A.wav,22185650,76b51861e41e91faa6491c928675c7fa21380e9d0587296f9ce664465f4813c2,all variations retained from a selected game-fit pack,
2015,sonniss.zip,Coll Anderson - Battle Crowd,Coll Anderson - Battle Crowd/EFX EXT GROUP Battle Cry 03 A.wav,combat,Combat,Assets/ThirdParty/Sonniss/Selected/Combat/2015/Coll Anderson - Battle Crowd-8196cf/EFX EXT GROUP Battle Cry 03 A.wav,4144868,aefa66677a1cbe9300b9103bc281fba54bdf26160acd8b386264752c3a501ab2,all variations retained from a selected game-fit pack,
2015,sonniss.zip,Coll Anderson - Battle Crowd,Coll Anderson - Battle Crowd/EFX EXT GROUP Begging 02.wav,combat,Combat,Assets/ThirdParty/Sonniss/Selected/Combat/2015/Coll Anderson - Battle Crowd-8196cf/EFX EXT GROUP Begging 02.wav,87620044,da30b547a4c836a7e9d4b7ffe9f727047ecd1de94f0db1a695556e13af4a32d7,all variations retained from a selected game-fit pack,
2015,sonniss.zip,Coll Anderson - Dog,Coll Anderson - Dog/EFX INT Dog Drinking 02 B.wav,"creatures_wildlife,survival_crafting",Creatures,Assets/ThirdParty/Sonniss/Selected/Creatures/2015/Coll Anderson - Dog-e16107/EFX INT Dog Drinking 02 B.wav,8969308,8e915e5608a54ae79ed6d38f2171e44e4e2669c3757fc84f6cd04ec2936d22fa,all variations retained from a selected game-fit pack,
2015,sonniss.zip,Coll Anderson - Dog,Coll Anderson - Dog/EFX INT Dog Snarling 24 C.wav,creatures_wildlife,Creatures,Assets/ThirdParty/Sonniss/Selected/Creatures/2015/Coll Anderson - Dog-e16107/EFX INT Dog Snarling 24 C.wav,4496924,e2fa5fbdce1cf6307d3e2722deca8c53786783bc67ee41e713868c89e37c8ce3,all variations retained from a selected game-fit pack,
2015,sonniss.zip,Coll Anderson - Dog,Coll Anderson - Dog/EFX INT Dog Wimper 06 A.M.wav,creatures_wildlife,Creatures,Assets/ThirdParty/Sonniss/Selected/Creatures/2015/Coll Anderson - Dog-e16107/EFX INT Dog Wimper 06 A.M.wav,1219500,dd95c4d91830922ce5cb982abdbb862e2b04314f1fba2cd53d7e550e846e4b0b,all variations retained from a selected game-fit pack,
2015,sonniss.zip,Coll Anderson - Dog,Coll Anderson - Dog/EFX INT Mutt Growl 42 B.wav,creatures_wildlife,Creatures,Assets/ThirdParty/Sonniss/Selected/Creatures/2015/Coll Anderson - Dog-e16107/EFX INT Mutt Growl 42 B.wav,1420860,ef1caab144992a7a1ee6573975eff4e0018c227d3aa82b368de091f2a07f49a8,all variations retained from a selected game-fit pack,
2015,sonniss.zip,Coll Anderson - Dog,Coll Anderson - Dog/EFX INT Dog Growl 33 A.M.wav,creatures_wildlife,Creatures,Assets/ThirdParty/Sonniss/Selected/Creatures/2015/Coll Anderson - Dog-e16107/EFX INT Dog Growl 33 A.M.wav,3213468,aeaf827fbe951044b44d8dd083a91cae5cfeef841d99229bc95bb402dbe266ef,all variations retained from a selected game-fit pack,
2015,sonniss.zip,Coll Anderson - Dog,Coll Anderson - Dog/EFX INT Dog Fight 01 A.M.wav,"combat,creatures_wildlife",Creatures,Assets/ThirdParty/Sonniss/Selected/Creatures/2015/Coll Anderson - Dog-e16107/EFX INT Dog Fight 01 A.M.wav,4907676,fa8a35f597a8fd0558dd7440c00cf16119d930a4b4f3160c500b58277e79c0ff,all variations retained from a selected game-fit pack,
2015,sonniss.zip,Coll Anderson - Dog,Coll Anderson - Dog/EFX INT Dog Wimper 26 A.M.wav,creatures_wildlife,Creatures,Assets/ThirdParty/Sonniss/Selected/Creatures/2015/Coll Anderson - Dog-e16107/EFX INT Dog Wimper 26 A.M.wav,1951020,d9656620640a373aeca5a1c948a5df44cdf966d48af251a52439b1d59e995813,all variations retained from a selected game-fit pack,
2015,sonniss.zip,Coll Anderson - Metal Plate,Coll Anderson - Metal Plate/EFX SD Metal plate Tubular sweep 02 A.wav,survival_crafting,SurvivalCrafting,Assets/ThirdParty/Sonniss/Selected/SurvivalCrafting/2015/Coll Anderson - Metal Plate-01bd12/EFX SD Metal plate Tubular sweep 02 A.wav,25453884,8d57e2254c5e922887d6011f8d2cc56200e5584e2733921061e11e64d9caf8ac,all variations retained from a selected game-fit pack,
2015,sonniss.zip,Coll Anderson - Metal Plate,Coll Anderson - Metal Plate/EFX SD Metal plate iron grind 02 A.wav,survival_crafting,SurvivalCrafting,Assets/ThirdParty/Sonniss/Selected/SurvivalCrafting/2015/Coll Anderson - Metal Plate-01bd12/EFX SD Metal plate iron grind 02 A.wav,33919100,74df74daf6b5fa85fd4d20fb206b0bcbdeb6a463ddc2e4359bcf89bce9746a39,all variations retained from a selected game-fit pack,
2015,sonniss.zip,Coll Anderson - Metal Plate,Coll Anderson - Metal Plate/EFX SD Metal plate bang 01 B.M.wav,survival_crafting,SurvivalCrafting,Assets/ThirdParty/Sonniss/Selected/SurvivalCrafting/2015/Coll Anderson - Metal Plate-01bd12/EFX SD Metal plate bang 01 B.M.wav,1642556,916ade17163abb3438e3de432cde962f4613ecde51a9207b055bc82af91504db,all variations retained from a selected game-fit pack,
2015,sonniss.zip,Coll Anderson - Metal Plate,Coll Anderson - Metal Plate/EFX SD Metal plate jet bys 02 A.wav,survival_crafting,SurvivalCrafting,Assets/ThirdParty/Sonniss/Selected/SurvivalCrafting/2015/Coll Anderson - Metal Plate-01bd12/EFX SD Metal plate jet bys 02 A.wav,28717084,36a0ae5eebe459c62361f7bd11077c387f13f76fd4626c733c2be9f0b9b1d4b5,all variations retained from a selected game-fit pack,
2015,sonniss.zip,Coll Anderson - Metal Plate,Coll Anderson - Metal Plate/EFX SD Metal plate thunder 01 C.M.wav,"survival_crafting,world_ambience",SurvivalCrafting,Assets/ThirdParty/Sonniss/Selected/SurvivalCrafting/2015/Coll Anderson - Metal Plate-01bd12/EFX SD Metal plate thunder 01 C.M.wav,6550780,8310b1b5031e396776bcee6b18fbaa72932c3444888ba107391ae472a380ebc6,all variations retained from a selected game-fit pack,
2015,sonniss.zip,Coll Anderson - Metal Plate,Coll Anderson - Metal Plate/EFX SD Metal plate duct tape pull 03 C.M.wav,survival_crafting,SurvivalCrafting,Assets/ThirdParty/Sonniss/Selected/SurvivalCrafting/2015/Coll Anderson - Metal Plate-01bd12/EFX SD Metal plate duct tape pull 03 C.M.wav,1021020,46f65c1ac041b9db29d13d0f432d51cc693cd6d0820c36984752b3172ebe9ca5,all variations retained from a selected game-fit pack,
2015,sonniss.zip,Coll Anderson - Monster Zombie Vocal,Coll Anderson - Monster Zombie Vocal/EFX SD Aggressive Zombie 32 C.wav,creatures_wildlife,Creatures,Assets/ThirdParty/Sonniss/Selected/Creatures/2015/Coll Anderson - Monster Zombie V-587ecb/EFX SD Aggressive Zombie 32 C.wav,3816716,a2a675da80b867b30417de54490789d4aa77bb318b24905586ec216ea3dc5f0d,all variations retained from a selected game-fit pack,
2015,sonniss.zip,Coll Anderson - Monster Zombie Vocal,Coll Anderson - Monster Zombie Vocal/EFX SD Female Ragging Creature 03 A.wav,"creatures_wildlife,survival_crafting",Creatures,Assets/ThirdParty/Sonniss/Selected/Creatures/2015/Coll Anderson - Monster Zombie V-587ecb/EFX SD Female Ragging Creature 03 A.wav,6000844,109ff0ea5c9c88a2099bfe599089f6cb166271debb286be72c73949383d8e31c,all variations retained from a selected game-fit pack,
2015,sonniss.zip,Coll Anderson - Monster Zombie Vocal,Coll Anderson - Monster Zombie Vocal/EFX SD Aggressive Zombie 02 C.wav,creatures_wildlife,Creatures,Assets/ThirdParty/Sonniss/Selected/Creatures/2015/Coll Anderson - Monster Zombie V-587ecb/EFX SD Aggressive Zombie 02 C.wav,4791788,770a44857830b5cd327ad9d523d727f9e7f17fb710cc7471401d9eb41aa1602a,all variations retained from a selected game-fit pack,
2015,sonniss.zip,Coll Anderson - Monster Zombie Vocal,Coll Anderson - Monster Zombie Vocal/EFX SD Rage Monster 13 B.wav,creatures_wildlife,Creatures,Assets/ThirdParty/Sonniss/Selected/Creatures/2015/Coll Anderson - Monster Zombie V-587ecb/EFX SD Rage Monster 13 B.wav,1986588,6bf9f5eebd87810447f0ef7c5fe074faed84cd631867c58f0c1a51bcdc18d4e4,all variations retained from a selected game-fit pack,
2015,sonniss.zip,Coll Anderson - Monster Zombie Vocal,Coll Anderson - Monster Zombie Vocal/EFX SD Aggressive Zombie 34 C.wav,creatures_wildlife,Creatures,Assets/ThirdParty/Sonniss/Selected/Creatures/2015/Coll Anderson - Monster Zombie V-587ecb/EFX SD Aggressive Zombie 34 C.wav,11961964,798371c502129c630236aa6e43f4c01cc35a755bdb7885a181df56ab39a9aa8b,all variations retained from a selected game-fit pack,
2015,sonniss.zip,Coll Anderson - Monster Zombie Vocal,Coll Anderson - Monster Zombie Vocal/EFX SD Monster Voices 11 A.wav,"creatures_wildlife,world_ambience",Creatures,Assets/ThirdParty/Sonniss/Selected/Creatures/2015/Coll Anderson - Monster Zombie V-587ecb/EFX SD Monster Voices 11 A.wav,6901820,1ffbf9b61e7adad3ce606819cace1c7b4d4ac218baa314aa0b3712bcbfce9293,all variations retained from a selected game-fit pack,
2015,sonniss.zip,Coll Anderson - Pig,Coll Anderson - Pig/EFX SD Pig 07 Squeal 20.wav,creatures_wildlife,Creatures,Assets/ThirdParty/Sonniss/Selected/Creatures/2015/Coll Anderson - Pig-cbf4dc/EFX SD Pig 07 Squeal 20.wav,5450044,f715bdf7a5917fc60856ad82cb4bc97ec76cc24d8e69840a6a9433890332b037,all variations retained from a selected game-fit pack,
2015,sonniss.zip,Coll Anderson - Pig,Coll Anderson - Pig/EFX SD Pig 08 Squeal 03.wav,creatures_wildlife,Creatures,Assets/ThirdParty/Sonniss/Selected/Creatures/2015/Coll Anderson - Pig-cbf4dc/EFX SD Pig 08 Squeal 03.wav,3524284,a097e6537c02aa8af6a7191bebf4b2c132af6af35fa85766f14baa81dbbe8610,all variations retained from a selected game-fit pack,
2015,sonniss.zip,Coll Anderson - Pig,Coll Anderson - Pig/EFX SD Pig 02 Snort 12.wav,creatures_wildlife,Creatures,Assets/ThirdParty/Sonniss/Selected/Creatures/2015/Coll Anderson - Pig-cbf4dc/EFX SD Pig 02 Snort 12.wav,7630668,42b46fc957238ab65178641e0a6b933b60ebca96ff0d20151256d39e6467136c,all variations retained from a selected game-fit pack,
2015,sonniss.zip,Coll Anderson - Pig,Coll Anderson - Pig/EFX SD Pig 02 Snort 18.wav,creatures_wildlife,Creatures,Assets/ThirdParty/Sonniss/Selected/Creatures/2015/Coll Anderson - Pig-cbf4dc/EFX SD Pig 02 Snort 18.wav,1146620,b11db2ea91ebdc121d7d47b4be189c065b25fdc9fb97189d9a6c92c6a0491e75,all variations retained from a selected game-fit pack,
2015,sonniss.zip,Coll Anderson - Pig,Coll Anderson - Pig/EFX SD Pig 07 Squeal 08.wav,creatures_wildlife,Creatures,Assets/ThirdParty/Sonniss/Selected/Creatures/2015/Coll Anderson - Pig-cbf4dc/EFX SD Pig 07 Squeal 08.wav,4834604,9cfcb39c99329cec5fc659b580dc921ae4ba8a92e5cab38d9f1e7958f0bba66b,all variations retained from a selected game-fit pack,
2015,sonniss.zip,Coll Anderson - Pig,Coll Anderson - Pig/EFX SD Pig 01 Snort 01.wav,creatures_wildlife,Creatures,Assets/ThirdParty/Sonniss/Selected/Creatures/2015/Coll Anderson - Pig-cbf4dc/EFX SD Pig 01 Snort 01.wav,10119084,2caa5870d4bb7f2062436002ca04d4cccf893ce055aeb71a493dbe699c99bba8,all variations retained from a selected game-fit pack,
2015,sonniss.zip,Coll Anderson - Sliding Whoosh By,Coll Anderson - Sliding Whoosh By/EFX SD Sliding Whoosh By 15.wav,combat,Combat,Assets/ThirdParty/Sonniss/Selected/Combat/2015/Coll Anderson - Sliding Whoosh B-5807fe/EFX SD Sliding Whoosh By 15.wav,2534396,9f67bef6e4e76b800e4ee73c07460c5b8f9a224c44ca9876220519c2a8d9d585,all variations retained from a selected game-fit pack,
2015,sonniss.zip,Coll Anderson - Sliding Whoosh By,Coll Anderson - Sliding Whoosh By/EFX SD Sliding Whoosh By 21.wav,combat,Combat,Assets/ThirdParty/Sonniss/Selected/Combat/2015/Coll Anderson - Sliding Whoosh B-5807fe/EFX SD Sliding Whoosh By 21.wav,4084700,75e07f736f24348a6c74a04b1b56811ccf5f70d4d81d1b1d8eedf81dca32b3dc,all variations retained from a selected game-fit pack,
2015,sonniss.zip,Coll Anderson - Sliding Whoosh By,Coll Anderson - Sliding Whoosh By/EFX SD Sliding Whoosh By 34.wav,combat,Combat,Assets/ThirdParty/Sonniss/Selected/Combat/2015/Coll Anderson - Sliding Whoosh B-5807fe/EFX SD Sliding Whoosh By 34.wav,3161900,f5840b12c3bc08db28631ab021f4128dc0d27dd59b4da921c9f5a13ab67cc11f,all variations retained from a selected game-fit pack,
2015,sonniss.zip,Coll Anderson - Sliding Whoosh By,Coll Anderson - Sliding Whoosh By/EFX SD Sliding Whoosh By 06.wav,combat,Combat,Assets/ThirdParty/Sonniss/Selected/Combat/2015/Coll Anderson - Sliding Whoosh B-5807fe/EFX SD Sliding Whoosh By 06.wav,1937660,ae04ba7034f097aa272ae24827b9bec1b8ac7cf7ea0ef0b7fafa2259d67fb0f4,all variations retained from a selected game-fit pack,
2015,sonniss.zip,Detunized - JustWater,Detunized - JustWater/Reddevitzer_Hoeft_03.wav,world_ambience,World,Assets/ThirdParty/Sonniss/Selected/World/2015/Detunized - JustWater-8dcf8f/Reddevitzer_Hoeft_03.wav,13985484,a8a4b111f709281885a35b899ff6993411cda7a46718d912fecd7cfed90befa8,all variations retained from a selected game-fit pack,
2015,sonniss.zip,Detunized - JustWater,Detunized - JustWater/Helfenberger_Grund_02.wav,world_ambience,World,Assets/ThirdParty/Sonniss/Selected/World/2015/Detunized - JustWater-8dcf8f/Helfenberger_Grund_02.wav,8334556,76a0149f14c1c0b85564587622efebfa74c4b7e8dc1e45dd7eec69660f99d60f,all variations retained from a selected game-fit pack,
2015,sonniss.zip,Detunized - JustWater,Detunized - JustWater/Roeder_Pearls_01.wav,world_ambience,World,Assets/ThirdParty/Sonniss/Selected/World/2015/Detunized - JustWater-8dcf8f/Roeder_Pearls_01.wav,5347292,d037854ed40cead25615c961f6e6d49a378d62a14d7521722c2c6ee65be94662,all variations retained from a selected game-fit pack,
2015,sonniss.zip,Eiravaein Works - Start Select,"Eiravaein Works - Start Select/StartSelect,UI,set3,pure,warm,simple,quick,tonal,deaction.wav","combat,ui_feedback",UI,"Assets/ThirdParty/Sonniss/Selected/UI/2015/Eiravaein Works - Start Select-f0fd8d/StartSelect,UI,set3,pure,warm,simple,quick,tonal,deaction.wav",1768460,a6e700faf7c52fd9e1931f8abfc28e9141a887168a53519ef2df37fd960ab64c,all variations retained from a selected game-fit pack,
2015,sonniss.zip,Eiravaein Works - Start Select,"Eiravaein Works - Start Select/StartSelect,UI,set57,camera mechanics,servo,clicks clacks,meaty,operative,forward.wav","survival_crafting,ui_feedback",UI,"Assets/ThirdParty/Sonniss/Selected/UI/2015/Eiravaein Works - Start Select-f0fd8d/StartSelect,UI,set57,camera mechanics,servo,clicks clacks,meaty,operative,forward.wav",446540,fd2f631c878966250cc4612fff6d29a23cf889211c8902d9ff9c33de96ef3bb9,all variations retained from a selected game-fit pack,
2015,sonniss.zip,Eiravaein Works - Start Select,"Eiravaein Works - Start Select/StartSelect,UI,set17,schick,mechanical,percussive,ding,shudder,holdrelease.wav",ui_feedback,UI,"Assets/ThirdParty/Sonniss/Selected/UI/2015/Eiravaein Works - Start Select-f0fd8d/StartSelect,UI,set17,schick,mechanical,percussive,ding,shudder,holdrelease.wav",876956,8f66865353aaf907e9e36a4aca0953aa30bc6aa2cef8b5e19dd8d6a68fc5e0eb,all variations retained from a selected game-fit pack,
2015,sonniss.zip,Eiravaein Works - Start Select,"Eiravaein Works - Start Select/StartSelect,UI,set100,lady,vocalizations,crunchy,multipitched,multitimbral,back.wav",ui_feedback,UI,"Assets/ThirdParty/Sonniss/Selected/UI/2015/Eiravaein Works - Start Select-f0fd8d/StartSelect,UI,set100,lady,vocalizations,crunchy,multipitched,multitimbral,back.wav",591036,962085ab3c898700f3ab37ef22a7fd47beab7f4ad8daf663228206e40acb9931,all variations retained from a selected game-fit pack,
2015,sonniss.zip,Eiravaein Works - Start Select,"Eiravaein Works - Start Select/StartSelect,UI,set34,mechanical,subtle,percussive,thick,bright,holdrelease.wav",ui_feedback,UI,"Assets/ThirdParty/Sonniss/Selected/UI/2015/Eiravaein Works - Start Select-f0fd8d/StartSelect,UI,set34,mechanical,subtle,percussive,thick,bright,holdrelease.wav",283276,4ddd9dcc32787ea5fc4fdd6cb9a8909bad02aad23d2a8bd1d735ca9031be0232,all variations retained from a selected game-fit pack,
2015,sonniss.zip,Eiravaein Works - Start Select,"Eiravaein Works - Start Select/StartSelect,UI,set1,strings,ethnic,tonal,plucked,aura,hold_release.wav",ui_feedback,UI,"Assets/ThirdParty/Sonniss/Selected/UI/2015/Eiravaein Works - Start Select-f0fd8d/StartSelect,UI,set1,strings,ethnic,tonal,plucked,aura,hold_release.wav",1236588,54256efb92dfc4f2de04afc43a374c1e3de91580c2611f169eec6ee885ed94cd,all variations retained from a selected game-fit pack,
2015,sonniss.zip,Eiravaein Works - Start Select,"Eiravaein Works - Start Select/StartSelect,UI,set93,talking tones,bright percussion,playful,toonish,light ambience,select.wav","world_ambience,ui_feedback",UI,"Assets/ThirdParty/Sonniss/Selected/UI/2015/Eiravaein Works - Start Select-f0fd8d/StartSelect,UI,set93,talking tones,bright percussion,playful,toonish,light ambience,select.wav",1071260,4cb6075a915db78b248fc66b3520c24f0251b919888ea1c2fc1fe7df80c75a96,all variations retained from a selected game-fit pack,
2015,sonniss.zip,Kpow Sounds - UI SOUNDPACKS,Kpow Sounds - UI SOUNDPACKS/ui_SoundPack04 - Back Version4.wav,ui_feedback,UI,Assets/ThirdParty/Sonniss/Selected/UI/2015/Kpow Sounds - UI SOUNDPACKS-bf6230/ui_SoundPack04 - Back Version4.wav,1168780,0ee03b9308c0ae2875c86f9f1ef4c92b743dc939104ae552cc8c04cb2a78c78a,all variations retained from a selected game-fit pack,
2015,sonniss.zip,Kpow Sounds - UI SOUNDPACKS,Kpow Sounds - UI SOUNDPACKS/UI_SoundPack13_Select_version10.wav,ui_feedback,UI,Assets/ThirdParty/Sonniss/Selected/UI/2015/Kpow Sounds - UI SOUNDPACKS-bf6230/UI_SoundPack13_Select_version10.wav,13279964,4ea58ffc11441f5c41de8f91ef3b0f0a9846564abd215f90e8c7f389bdff3a63,all variations retained from a selected game-fit pack,
2015,sonniss.zip,Kpow Sounds - UI SOUNDPACKS,Kpow Sounds - UI SOUNDPACKS/ui_SoundPack04 - Scroll Version04.wav,ui_feedback,UI,Assets/ThirdParty/Sonniss/Selected/UI/2015/Kpow Sounds - UI SOUNDPACKS-bf6230/ui_SoundPack04 - Scroll Version04.wav,2322524,e85ece8f51966fc21e403cef37ebef0097056fda9ca14401385171b305cbda17,all variations retained from a selected game-fit pack,
2015,sonniss.zip,Kpow Sounds - UI SOUNDPACKS,Kpow Sounds - UI SOUNDPACKS/UI_SoundPack11_Error_v3.wav,ui_feedback,UI,Assets/ThirdParty/Sonniss/Selected/UI/2015/Kpow Sounds - UI SOUNDPACKS-bf6230/UI_SoundPack11_Error_v3.wav,2033340,02d2a9d4c3c9985f500727de74a8805a86e4ebdda86d60de985f134d33080b91,all variations retained from a selected game-fit pack,
2015,sonniss.zip,Kpow Sounds - UI SOUNDPACKS,Kpow Sounds - UI SOUNDPACKS/UI_SoundPack13_Back_version01.wav,ui_feedback,UI,Assets/ThirdParty/Sonniss/Selected/UI/2015/Kpow Sounds - UI SOUNDPACKS-bf6230/UI_SoundPack13_Back_version01.wav,2898028,2fb2d70ffb13ab0c228b83e21aadb40f7aba89938081bc396890187d92b58b71,all variations retained from a selected game-fit pack,
2015,sonniss.zip,Kpow Sounds - UI SOUNDPACKS,Kpow Sounds - UI SOUNDPACKS/UI_SoundPack8_Error_v1.wav,ui_feedback,UI,Assets/ThirdParty/Sonniss/Selected/UI/2015/Kpow Sounds - UI SOUNDPACKS-bf6230/UI_SoundPack8_Error_v1.wav,2608700,4843122af4f09aa4c9df7d39c8c1c3d68e7549bd32ec2592cc58f1243b060ec3,all variations retained from a selected game-fit pack,
2015,sonniss.zip,Kpow Sounds - UI SOUNDPACKS,Kpow Sounds - UI SOUNDPACKS/UI_SoundPack13_Scroll_version05.wav,ui_feedback,UI,Assets/ThirdParty/Sonniss/Selected/UI/2015/Kpow Sounds - UI SOUNDPACKS-bf6230/UI_SoundPack13_Scroll_version05.wav,12414924,ea2e6974933bb8cc3c727262b07da16395834f39c19cd055aa5bb1c744450a00,all variations retained from a selected game-fit pack,
2015,sonniss.zip,Kpow Sounds - UI SOUNDPACKS,Kpow Sounds - UI SOUNDPACKS/UI_SoundPack8_Back_v3.wav,ui_feedback,UI,Assets/ThirdParty/Sonniss/Selected/UI/2015/Kpow Sounds - UI SOUNDPACKS-bf6230/UI_SoundPack8_Back_v3.wav,4629484,fc94a20f7ffddccf934ee5e273add72051fa356f0e56504e18aae81c76aa89f1,all variations retained from a selected game-fit pack,
2015,sonniss.zip,Kpow Sounds - UI SOUNDPACKS,Kpow Sounds - UI SOUNDPACKS/ui_SoundPack04 - Select Version03.wav,ui_feedback,UI,Assets/ThirdParty/Sonniss/Selected/UI/2015/Kpow Sounds - UI SOUNDPACKS-bf6230/ui_SoundPack04 - Select Version03.wav,2608716,b21d82e22298f950b610de62d9503e9db2ef12619c7a22d6798e7d503ef9664b,all variations retained from a selected game-fit pack,
2015,sonniss.zip,Kpow Sounds - UI SOUNDPACKS,Kpow Sounds - UI SOUNDPACKS/UI_SoundPack8_Scroll_v2.wav,ui_feedback,UI,Assets/ThirdParty/Sonniss/Selected/UI/2015/Kpow Sounds - UI SOUNDPACKS-bf6230/UI_SoundPack8_Scroll_v2.wav,4051388,de099774be51156a688ab2381bf14ab2f0954a5d647f35a8b5a3d1cd30bca448,all variations retained from a selected game-fit pack,
2015,sonniss.zip,Kpow Sounds - UI SOUNDPACKS,Kpow Sounds - UI SOUNDPACKS/ui_SoundPack04 - Error V14.wav,ui_feedback,UI,Assets/ThirdParty/Sonniss/Selected/UI/2015/Kpow Sounds - UI SOUNDPACKS-bf6230/ui_SoundPack04 - Error V14.wav,3186716,527d72d98a93ddea5b37e778dc62b60c42cf6fabc1beda2b7aec63294536361a,all variations retained from a selected game-fit pack,
2015,sonniss.zip,Kpow Sounds - UI SOUNDPACKS,Kpow Sounds - UI SOUNDPACKS/UI_SoundPack8_Select_v2.wav,ui_feedback,UI,Assets/ThirdParty/Sonniss/Selected/UI/2015/Kpow Sounds - UI SOUNDPACKS-bf6230/UI_SoundPack8_Select_v2.wav,3187148,e9440f8c855aff3e62cba0ed168de07fd95fbe2cf3013683e2bcf646fc78dc88,all variations retained from a selected game-fit pack,
2015,sonniss.zip,Kpow Sounds - UI SOUNDPACKS,Kpow Sounds - UI SOUNDPACKS/UI_SoundPack13_Error_version01.wav,ui_feedback,UI,Assets/ThirdParty/Sonniss/Selected/UI/2015/Kpow Sounds - UI SOUNDPACKS-bf6230/UI_SoundPack13_Error_version01.wav,2033404,5e8fb4db83e2c9f3fbef11717075866b0c4fbe749550d530ff555bcf4f442622,all variations retained from a selected game-fit pack,
2015,sonniss.zip,Kpow Sounds - UI SOUNDPACKS,Kpow Sounds - UI SOUNDPACKS/UI_SoundPack11_Back_v1.wav,ui_feedback,UI,Assets/ThirdParty/Sonniss/Selected/UI/2015/Kpow Sounds - UI SOUNDPACKS-bf6230/UI_SoundPack11_Back_v1.wav,3761884,29bc36cc894ff421a0638853de3364cec9203f8cd8d919721424841562a207cb,all variations retained from a selected game-fit pack,
2015,sonniss.zip,Kpow Sounds - UI SOUNDPACKS,Kpow Sounds - UI SOUNDPACKS/UI_SoundPack11_Scroll_v09.wav,ui_feedback,UI,Assets/ThirdParty/Sonniss/Selected/UI/2015/Kpow Sounds - UI SOUNDPACKS-bf6230/UI_SoundPack11_Scroll_v09.wav,6936524,61197332b43f9336d5b8bf353a8d53db3803f90b6d96c346fa445825cb8249ac,all variations retained from a selected game-fit pack,
2015,sonniss.zip,Kpow Sounds - UI SOUNDPACKS,Kpow Sounds - UI SOUNDPACKS/UI_SoundPack11_Select_v14.wav,ui_feedback,UI,Assets/ThirdParty/Sonniss/Selected/UI/2015/Kpow Sounds - UI SOUNDPACKS-bf6230/UI_SoundPack11_Select_v14.wav,3187020,3407e6dcd8620e43ea8f4b820a5b792f390b67aa481272e55e29be54a2a8daf4,all variations retained from a selected game-fit pack,
2015,sonniss.zip,Mattia Cellotto - Crunch Mode,"Mattia Cellotto - Crunch Mode/Egg,Break,Creature,Crunch,Crack,Various02.wav","creatures_wildlife,survival_crafting",Creatures,"Assets/ThirdParty/Sonniss/Selected/Creatures/2015/Mattia Cellotto - Crunch Mode-4f4aa8/Egg,Break,Creature,Crunch,Crack,Various02.wav",1444012,33b0e52ee70e356e9ecfc48500d6612a7268d6570f0cacfa5b01bc342277df7a,all variations retained from a selected game-fit pack,
2015,sonniss.zip,Mattia Cellotto - Crunch Mode,"Mattia Cellotto - Crunch Mode/Celery,Bite,Crunch,Slow,Bone,Break,Stick,Creak,Various07.wav",,SurvivalCrafting,"Assets/ThirdParty/Sonniss/Selected/SurvivalCrafting/2015/Mattia Cellotto - Crunch Mode-4f4aa8/Celery,Bite,Crunch,Slow,Bone,Break,Stick,Creak,Various07.wav",552284,4157b2abf1a9fb68ce4e90c5d4cb22d9bc4675de6cfe796e2cb82e9d9c0d5958,all variations retained from a selected game-fit pack,
2015,sonniss.zip,Mattia Cellotto - Crunch Mode,"Mattia Cellotto - Crunch Mode/Bread,Curst,Bite,Mouth,Close,Chew,Crunch,Various21.wav",,SurvivalCrafting,"Assets/ThirdParty/Sonniss/Selected/SurvivalCrafting/2015/Mattia Cellotto - Crunch Mode-4f4aa8/Bread,Curst,Bite,Mouth,Close,Chew,Crunch,Various21.wav",841308,fefd384f414f2505c9db657a62f37ce9f78d797e79107b1ef3ec7e59a5a8fdbc,all variations retained from a selected game-fit pack,
2015,sonniss.zip,Mattia Cellotto - Crunch Mode,"Mattia Cellotto - Crunch Mode/Bell,Pepper,Crunch,Crack,Break02.wav",,SurvivalCrafting,"Assets/ThirdParty/Sonniss/Selected/SurvivalCrafting/2015/Mattia Cellotto - Crunch Mode-4f4aa8/Bell,Pepper,Crunch,Crack,Break02.wav",837852,80c30b2c88dd2f61547144477d49ad7f2ffdc85942d0c3996b391870c7ebb2f3,all variations retained from a selected game-fit pack,
2015,sonniss.zip,Mattia Cellotto - Crunch Mode,"Mattia Cellotto - Crunch Mode/Green,Onions,Frozen,Crunch01.wav",,SurvivalCrafting,"Assets/ThirdParty/Sonniss/Selected/SurvivalCrafting/2015/Mattia Cellotto - Crunch Mode-4f4aa8/Green,Onions,Frozen,Crunch01.wav",751948,9ca9746e582fa1a5fa1158478911062dabb52ffea963563ce8b2f7957dba2523,all variations retained from a selected game-fit pack,
2015,sonniss.zip,Mattia Cellotto - Crunch Mode,"Mattia Cellotto - Crunch Mode/Leeks,Break,Bone,Crack,Body,Arm13.wav",,SurvivalCrafting,"Assets/ThirdParty/Sonniss/Selected/SurvivalCrafting/2015/Mattia Cellotto - Crunch Mode-4f4aa8/Leeks,Break,Bone,Crack,Body,Arm13.wav",822492,8ad7c3f8d54210ad6b70a5be0a0195a33d28f59eba13dfe3ee5277ccf20a8e8f,all variations retained from a selected game-fit pack,
2015,sonniss.zip,Mattia Cellotto - Crunch Mode,"Mattia Cellotto - Crunch Mode/Ice,Impact,Throw,Snowball,Step,Snow,Stalactite,Various12.M.wav","combat,world_ambience",Combat,"Assets/ThirdParty/Sonniss/Selected/Combat/2015/Mattia Cellotto - Crunch Mode-4f4aa8/Ice,Impact,Throw,Snowball,Step,Snow,Stalactite,Various12.M.wav",191100,5740efa408b0a3134f3b9cf16c4d08c6f7cb84b2ec26d5598489b53dcbd4b6ec,all variations retained from a selected game-fit pack,
2015,sonniss.zip,Mattia Cellotto - Crunch Mode,"Mattia Cellotto - Crunch Mode/Ice,Creak,Sheet,Crunch,Step,Snow,Various10.wav",world_ambience,World,"Assets/ThirdParty/Sonniss/Selected/World/2015/Mattia Cellotto - Crunch Mode-4f4aa8/Ice,Creak,Sheet,Crunch,Step,Snow,Various10.wav",751948,47ae7044ee207e00c79f8d56e53985c9ee4c424ee03a72152a2640004e7a255a,all variations retained from a selected game-fit pack,
2015,sonniss.zip,Mattia Cellotto - Crunch Mode,"Mattia Cellotto - Crunch Mode/Bread,Pizza,Curst,Crunch,Focaccia,Baked,Burnt,Various02.wav",,SurvivalCrafting,"Assets/ThirdParty/Sonniss/Selected/SurvivalCrafting/2015/Mattia Cellotto - Crunch Mode-4f4aa8/Bread,Pizza,Curst,Crunch,Focaccia,Baked,Burnt,Various02.wav",690700,5fa15987c5703111459ac40200fab0a55055df7923099a59c7cbcfacfa2ae0eb,all variations retained from a selected game-fit pack,
2015,sonniss.zip,Mattia Cellotto - Crunch Mode,"Mattia Cellotto - Crunch Mode/Frozen,Celery,Crunch,Break,Ice,Sheet,Various01.wav",world_ambience,World,"Assets/ThirdParty/Sonniss/Selected/World/2015/Mattia Cellotto - Crunch Mode-4f4aa8/Frozen,Celery,Crunch,Break,Ice,Sheet,Various01.wav",1422588,c2e7aae0f1ea0808033d4b2bb9af4b2f23afd0e77cf9f6afe522a3a688a21eca,all variations retained from a selected game-fit pack,
2015,sonniss.zip,Mechanical Wave - Ambience and Weather,Mechanical Wave - Ambience and Weather/Rain Thunder So Far_MB 06.wav,"survival_crafting,world_ambience",World,Assets/ThirdParty/Sonniss/Selected/World/2015/Mechanical Wave - Ambience and W-5d937b/Rain Thunder So Far_MB 06.wav,49347292,ee6763650a700749c472dbb89f70fa9c94fb7cf1058f50fc81f57aab16679900,all variations retained from a selected game-fit pack,
2015,sonniss.zip,Mechanical Wave - Ambience and Weather,Mechanical Wave - Ambience and Weather/Country Night Front_MB 01.wav,"survival_crafting,world_ambience",World,Assets/ThirdParty/Sonniss/Selected/World/2015/Mechanical Wave - Ambience and W-5d937b/Country Night Front_MB 01.wav,41214316,2bbc4135828aef2c33ddf94ebdb9b2031086ef44b64adf76d6c5b19373ee818d,all variations retained from a selected game-fit pack,
2015,sonniss.zip,Mechanical Wave - Ambience and Weather,Mechanical Wave - Ambience and Weather/Heavy Wind Thunder Rain_MB 01.wav,"survival_crafting,world_ambience",World,Assets/ThirdParty/Sonniss/Selected/World/2015/Mechanical Wave - Ambience and W-5d937b/Heavy Wind Thunder Rain_MB 01.wav,99015660,f96dccae54afb8eb7fd6edf70b12d45268ad8fbdcdff4b0e504cc66b2be218f1,all variations retained from a selected game-fit pack,
2015,sonniss.zip,Mechanical Wave - Foley Session 01,Mechanical Wave - Foley Session 01/Zipper Case_VS 02.wav,"world_ambience,movement_foley",Movement,Assets/ThirdParty/Sonniss/Selected/Movement/2015/Mechanical Wave - Foley Session-465e05/Zipper Case_VS 02.wav,2305564,9c2bc7bc4ba0d35a6c4457b8990547e4d8a4233c1390da7bc0c63241471742ff,all variations retained from a selected game-fit pack,
2015,sonniss.zip,Mechanical Wave - Foley Session 01,Mechanical Wave - Foley Session 01/Audiotape Manipulation_VS 01.wav,"world_ambience,movement_foley",Movement,Assets/ThirdParty/Sonniss/Selected/Movement/2015/Mechanical Wave - Foley Session-465e05/Audiotape Manipulation_VS 01.wav,1875276,cb7128090b3afaadbf332653c1bec69da5f70aa658103dad7add739cd5b74c0c,all variations retained from a selected game-fit pack,
2015,sonniss.zip,Mechanical Wave - Foley Session 01,Mechanical Wave - Foley Session 01/Aluminum Can Drop On Floor_VS 02.wav,"world_ambience,movement_foley",Movement,Assets/ThirdParty/Sonniss/Selected/Movement/2015/Mechanical Wave - Foley Session-465e05/Aluminum Can Drop On Floor_VS 02.wav,4151692,2e98ce8ca97e83d8b963e2fde1282ddd8c2c40654543ca2db771e74057031ff6,all variations retained from a selected game-fit pack,
2015,sonniss.zip,Mechanical Wave - Foley Session 01,Mechanical Wave - Foley Session 01/Chain Metal Drop On Floor_VS 02.wav,"survival_crafting,world_ambience,movement_foley",Movement,Assets/ThirdParty/Sonniss/Selected/Movement/2015/Mechanical Wave - Foley Session-465e05/Chain Metal Drop On Floor_VS 02.wav,516236,55c734a83d736c5bd691848137731108eb823f46410e48ff9b82414ba15ea764,all variations retained from a selected game-fit pack,
2015,sonniss.zip,Mechanical Wave - Foley Session 01,Mechanical Wave - Foley Session 01/Metal Case Detuned Boing Spring_VS 06.wav,"survival_crafting,world_ambience,movement_foley",Movement,Assets/ThirdParty/Sonniss/Selected/Movement/2015/Mechanical Wave - Foley Session-465e05/Metal Case Detuned Boing Spring_VS 06.wav,1792908,b7dd4488594db9a6fe4341777be87c7538fdb172aeb219ba1a1bb97f35d987d4,all variations retained from a selected game-fit pack,
2015,sonniss.zip,Mechanical Wave - Hits Whoosh,Mechanical Wave - Hits Whoosh/Action Swish_HW 02.wav,"combat,world_ambience",Combat,Assets/ThirdParty/Sonniss/Selected/Combat/2015/Mechanical Wave - Hits Whoosh-61b640/Action Swish_HW 02.wav,2576428,1eb3e50adffabcc46ca3ed30f520eb19b234f9808acf4e760ec9ea8391e9b609,all variations retained from a selected game-fit pack,
2015,sonniss.zip,Mechanical Wave - Hits Whoosh,Mechanical Wave - Hits Whoosh/Fast Action Swish_HW 05.wav,"combat,world_ambience",Combat,Assets/ThirdParty/Sonniss/Selected/Combat/2015/Mechanical Wave - Hits Whoosh-61b640/Fast Action Swish_HW 05.wav,1336796,2ef515c463c04c2d518afb74d44336f51ed0912c46c9e00431a3ed13f927f87d,all variations retained from a selected game-fit pack,
2015,sonniss.zip,Mechanical Wave - Hits Whoosh,Mechanical Wave - Hits Whoosh/Action Swirl Whoosh_HW 04.wav,"combat,world_ambience",Combat,Assets/ThirdParty/Sonniss/Selected/Combat/2015/Mechanical Wave - Hits Whoosh-61b640/Action Swirl Whoosh_HW 04.wav,654044,4f164b427b5a5b692f2f5b57c9475125ff00735ae22caf03c7c7a0a670399c11,all variations retained from a selected game-fit pack,
2015,sonniss.zip,Mechanical Wave - Hits Whoosh,Mechanical Wave - Hits Whoosh/Swirl Whoosh_HW 42.wav,"combat,world_ambience",Combat,Assets/ThirdParty/Sonniss/Selected/Combat/2015/Mechanical Wave - Hits Whoosh-61b640/Swirl Whoosh_HW 42.wav,6929052,d81452bb2d2368f86d6875a54f75fba6aade3993bdfabf1a2ccaf836d92a0620,all variations retained from a selected game-fit pack,
2015,sonniss.zip,Mechanical Wave - Rock Brick and Dirt,Mechanical Wave - Rock Brick and Dirt/Smash Rock On Debris_RBD 04.wav,"survival_crafting,world_ambience",SurvivalCrafting,Assets/ThirdParty/Sonniss/Selected/SurvivalCrafting/2015/Mechanical Wave - Rock Brick and-17b883/Smash Rock On Debris_RBD 04.wav,1591964,bd89934c9ab617e22466a2fcd07c22cab82615253ee873b044a54821c3b37808,all variations retained from a selected game-fit pack,
2015,sonniss.zip,Mechanical Wave - Rock Brick and Dirt,Mechanical Wave - Rock Brick and Dirt/Hit Rock Debris_RBD 02.wav,"combat,survival_crafting,world_ambience",Combat,Assets/ThirdParty/Sonniss/Selected/Combat/2015/Mechanical Wave - Rock Brick and-17b883/Hit Rock Debris_RBD 02.wav,1124348,b8fc22424f383573089facf17779315175b6b47c5d517be5865a183692aac5de,all variations retained from a selected game-fit pack,
2015,sonniss.zip,Mechanical Wave - Rock Brick and Dirt,Mechanical Wave - Rock Brick and Dirt/Scree Rock_RBD 06.wav,"survival_crafting,world_ambience",SurvivalCrafting,Assets/ThirdParty/Sonniss/Selected/SurvivalCrafting/2015/Mechanical Wave - Rock Brick and-17b883/Scree Rock_RBD 06.wav,5673468,3aa4eb7bd185c5c39c551182365f8033ae79b7f0f980948f188e54e947d2a116,all variations retained from a selected game-fit pack,
2015,sonniss.zip,Mechanical Wave - Rock Brick and Dirt,Mechanical Wave - Rock Brick and Dirt/Debris Brick_RBD 02.wav,"survival_crafting,world_ambience",SurvivalCrafting,Assets/ThirdParty/Sonniss/Selected/SurvivalCrafting/2015/Mechanical Wave - Rock Brick and-17b883/Debris Brick_RBD 02.wav,715116,93c2e7a3b0993b859d50a7562e09d4fb4c90c448d0de78da324889b14684a7a1,all variations retained from a selected game-fit pack,
2015,sonniss.zip,Mechanical Wave - Rock Brick and Dirt,Mechanical Wave - Rock Brick and Dirt/Drop Rock On Rock Debris_RBD 03.wav,"survival_crafting,world_ambience",SurvivalCrafting,Assets/ThirdParty/Sonniss/Selected/SurvivalCrafting/2015/Mechanical Wave - Rock Brick and-17b883/Drop Rock On Rock Debris_RBD 03.wav,1819772,d52813a926fb68e7dd9e6b5712c857c6369e2da079ea4b5f9ee49b7e2e282383,all variations retained from a selected game-fit pack,
2015,sonniss.zip,Mechanical Wave - Sci-Fi-Invaders,Mechanical Wave - Sci-Fi-Invaders/Heavy Magical Explosion_SI 03.wav,"magic_supernatural,world_ambience",Magic,Assets/ThirdParty/Sonniss/Selected/Magic/2015/Mechanical Wave - Sci-Fi-Invader-81b457/Heavy Magical Explosion_SI 03.wav,2604492,2c00c73ed5353e1c09cc429482bbc9ee0e33619af8efc96702c1abbf68cc1fab,file title identifies a fantasy creature or magic effect,
2015,sonniss.zip,Mechanical Wave - Sci-Fi-Invaders,Mechanical Wave - Sci-Fi-Invaders/Creature Scream_SI 07.wav,"creatures_wildlife,survival_crafting,world_ambience",Creatures,Assets/ThirdParty/Sonniss/Selected/Creatures/2015/Mechanical Wave - Sci-Fi-Invader-81b457/Creature Scream_SI 07.wav,4407116,c7639dd9f35ace317571c1413e3b7559f3e6b24038fe6400a87dfe16e93e9f71,file title identifies a fantasy creature or magic effect,
2015,sonniss.zip,Membrans - Ice Cold Sound Pack 01,Membrans - Ice Cold Sound Pack 01/Ice Cube In The Glass 09.wav,world_ambience,World,Assets/ThirdParty/Sonniss/Selected/World/2015/Membrans - Ice Cold Sound Pack 0-03941b/Ice Cube In The Glass 09.wav,337514,bf45154ca55ac2ff0bb2d402495390bfe5586e1524ff0aaf5d337b7d579a3d49,all variations retained from a selected game-fit pack,
2015,sonniss.zip,Membrans - Ice Cold Sound Pack 01,Membrans - Ice Cold Sound Pack 01/Ice Cube Moving 04.wav,world_ambience,World,Assets/ThirdParty/Sonniss/Selected/World/2015/Membrans - Ice Cold Sound Pack 0-03941b/Ice Cube Moving 04.wav,723466,40d9e9791c14a259120e3141bc5154d7b2b3e1288f8bf7c899ed36b012b94e73,all variations retained from a selected game-fit pack,
2015,sonniss.zip,Membrans - Monster Pack 01,Membrans - Monster Pack 01/Monster 31.wav,creatures_wildlife,Creatures,Assets/ThirdParty/Sonniss/Selected/Creatures/2015/Membrans - Monster Pack 01-b62fa9/Monster 31.wav,1852948,8db0a3bdf06866e18858fc869be0df7bd854d24b4b50199f38ccfb16b35cc096,all variations retained from a selected game-fit pack,
2015,sonniss.zip,Membrans - Monster Pack 01,Membrans - Monster Pack 01/Monster 20.wav,creatures_wildlife,Creatures,Assets/ThirdParty/Sonniss/Selected/Creatures/2015/Membrans - Monster Pack 01-b62fa9/Monster 20.wav,1206100,e656bf8f5916c29837c7410a616595fda6548f237ce45e8f8eef1f62d5506fec,all variations retained from a selected game-fit pack,
2015,sonniss.zip,NoizBoy - Hong Kong Action Kit - Hit Kit #1,NoizBoy - Hong Kong Action Kit - Hit Kit #1/Seq 2.1 Hit #2 96 HK1.wav,combat,Combat,Assets/ThirdParty/Sonniss/Selected/Combat/2015/NoizBoy - Hong Kong Action Kit --79bc03/Seq 2.1 Hit #2 96 HK1.wav,115782,7a1edb60e69894a868be3ff2f7b729df0face74300cb71e8081cf864081369a8,all variations retained from a selected game-fit pack,
2015,sonniss.zip,NoizBoy - Hong Kong Action Kit - Hit Kit #1,NoizBoy - Hong Kong Action Kit - Hit Kit #1/Seq1.15 Hit #3 96 HK1.wav,combat,Combat,Assets/ThirdParty/Sonniss/Selected/Combat/2015/NoizBoy - Hong Kong Action Kit --79bc03/Seq1.15 Hit #3 96 HK1.wav,115944,4dbf0c4376cf7a07ad9991cba5032ade8dcb5fe1010557c20014355d2149e942,all variations retained from a selected game-fit pack,
2015,sonniss.zip,NoizBoy - Hong Kong Action Kit - Hit Kit #1,NoizBoy - Hong Kong Action Kit - Hit Kit #1/Seq 2.27 Hit #2 96 HK1.wav,combat,Combat,Assets/ThirdParty/Sonniss/Selected/Combat/2015/NoizBoy - Hong Kong Action Kit --79bc03/Seq 2.27 Hit #2 96 HK1.wav,103480,4d6c8d31bc4562ac310590661670b4f6f97dbdc8f6d0272822f548393a9d4181,all variations retained from a selected game-fit pack,
2015,sonniss.zip,NoizBoy - Hong Kong Action Kit - Hit Kit #1,NoizBoy - Hong Kong Action Kit - Hit Kit #1/Seq 2.1 whoosh #1 96 HK1.wav,combat,Combat,Assets/ThirdParty/Sonniss/Selected/Combat/2015/NoizBoy - Hong Kong Action Kit --79bc03/Seq 2.1 whoosh #1 96 HK1.wav,115830,4dc7d7565df9a9eca04d8561ffd3f36a81068691086c980dcf0aba8eca39cf74,all variations retained from a selected game-fit pack,
2015,sonniss.zip,NoizBoy - Hong Kong Action Kit - Hit Kit #1,NoizBoy - Hong Kong Action Kit - Hit Kit #1/Seq1.15 Hit #1 96 HK1.wav,combat,Combat,Assets/ThirdParty/Sonniss/Selected/Combat/2015/NoizBoy - Hong Kong Action Kit --79bc03/Seq1.15 Hit #1 96 HK1.wav,115944,0d9e92715533bfce9765141e1dc4a9585159dd703683953b6201f1522c71aee9,all variations retained from a selected game-fit pack,
2015,sonniss.zip,NoizBoy - Hong Kong Action Kit - Hit Kit #1,NoizBoy - Hong Kong Action Kit - Hit Kit #1/Seq1.15 whoosh #1 96 HK1.wav,combat,Combat,Assets/ThirdParty/Sonniss/Selected/Combat/2015/NoizBoy - Hong Kong Action Kit --79bc03/Seq1.15 whoosh #1 96 HK1.wav,115992,4cb18ac195696191c481725a6f68c61457e1299599cbde15da753b2ad75cdf0f,all variations retained from a selected game-fit pack,
2015,sonniss.zip,NoizBoy - Hong Kong Action Kit - Hit Kit #1,NoizBoy - Hong Kong Action Kit - Hit Kit #1/Seq 2.27 Hit #1 96 HK1.wav,combat,Combat,Assets/ThirdParty/Sonniss/Selected/Combat/2015/NoizBoy - Hong Kong Action Kit --79bc03/Seq 2.27 Hit #1 96 HK1.wav,103480,beb199170ee24cd69391db68defe34876938dc014c7d42a382f79a5e875633a9,all variations retained from a selected game-fit pack,
2015,sonniss.zip,NoizBoy - Hong Kong Action Kit - Hit Kit #1,NoizBoy - Hong Kong Action Kit - Hit Kit #1/Seq 2.1 Hit #1 96 HK1.wav,combat,Combat,Assets/ThirdParty/Sonniss/Selected/Combat/2015/NoizBoy - Hong Kong Action Kit --79bc03/Seq 2.1 Hit #1 96 HK1.wav,115782,0498e9d1adf89db2377218741ff9c84e625699c224aa39e425307209feb4b98f,all variations retained from a selected game-fit pack,
2015,sonniss.zip,NoizBoy - Hong Kong Action Kit - Hit Kit #1,NoizBoy - Hong Kong Action Kit - Hit Kit #1/Seq 2.27 Hit #3 96 HK1.wav,combat,Combat,Assets/ThirdParty/Sonniss/Selected/Combat/2015/NoizBoy - Hong Kong Action Kit --79bc03/Seq 2.27 Hit #3 96 HK1.wav,103480,115471b22a8a07e9ae377b947a10f79637e041e039e6c9b72710b5eb3c9b3ff0,all variations retained from a selected game-fit pack,
2015,sonniss.zip,NoizBoy - Hong Kong Action Kit - Hit Kit #1,NoizBoy - Hong Kong Action Kit - Hit Kit #1/Seq 2.27 whoosh #1 96 HK1.wav,combat,Combat,Assets/ThirdParty/Sonniss/Selected/Combat/2015/NoizBoy - Hong Kong Action Kit --79bc03/Seq 2.27 whoosh #1 96 HK1.wav,103520,ab0c62e8e886c7573eb3593b74b45e4a770480503167583aeae51465a3578393,all variations retained from a selected game-fit pack,
2015,sonniss.zip,NoizBoy - Hong Kong Action Kit - Hit Kit #1,NoizBoy - Hong Kong Action Kit - Hit Kit #1/Seq 2.1 Hit #3 96 HK1.wav,combat,Combat,Assets/ThirdParty/Sonniss/Selected/Combat/2015/NoizBoy - Hong Kong Action Kit --79bc03/Seq 2.1 Hit #3 96 HK1.wav,115782,4bf309c9cdfc469d933663c009066df3be298c9875a6dc5b5119afcc006d7ee8,all variations retained from a selected game-fit pack,
2015,sonniss.zip,NoizBoy - Hong Kong Action Kit - Hit Kit #1,NoizBoy - Hong Kong Action Kit - Hit Kit #1/Seq1.15 Hit #2 96 HK1.wav,combat,Combat,Assets/ThirdParty/Sonniss/Selected/Combat/2015/NoizBoy - Hong Kong Action Kit --79bc03/Seq1.15 Hit #2 96 HK1.wav,115944,e0af246a4f4a6938304ab966df852d747c7ef12f9d8101b39137b3df01b63c4d,all variations retained from a selected game-fit pack,
2015,sonniss.zip,NoizBoy - Hong Kong Action Kit - Hit Kit #2,NoizBoy - Hong Kong Action Kit - Hit Kit #2/HKAP2 Seq1.2 Hits 1.wav,combat,Combat,Assets/ThirdParty/Sonniss/Selected/Combat/2015/NoizBoy - Hong Kong Action Kit --49301a/HKAP2 Seq1.2 Hits 1.wav,476748,28afef29e0b0016ff3340c08becfb25e36c9189c15a6ee5769e8f6f3a5b28d5b,all variations retained from a selected game-fit pack,
2015,sonniss.zip,NoizBoy - Hong Kong Action Kit - Hit Kit #2,NoizBoy - Hong Kong Action Kit - Hit Kit #2/HKAP2 Spin Whoosh 2a.wav,combat,Combat,Assets/ThirdParty/Sonniss/Selected/Combat/2015/NoizBoy - Hong Kong Action Kit --49301a/HKAP2 Spin Whoosh 2a.wav,187270,261f31e98c726fc25c282b3fe388cd92b3a0a539628daced22fdb5bea9300f6c,all variations retained from a selected game-fit pack,
2015,sonniss.zip,NoizBoy - Hong Kong Action Kit - Hit Kit #2,NoizBoy - Hong Kong Action Kit - Hit Kit #2/HKAP2 Seq2.13 Whoosh 6.wav,combat,Combat,Assets/ThirdParty/Sonniss/Selected/Combat/2015/NoizBoy - Hong Kong Action Kit --49301a/HKAP2 Seq2.13 Whoosh 6.wav,820280,84024130aa145acc78a4b0bcaf99b44f3b480f6c9c63ab6ac7fb9d11641a7c8c,all variations retained from a selected game-fit pack,
2015,sonniss.zip,NoizBoy - Hong Kong Action Kit - Hit Kit #2,NoizBoy - Hong Kong Action Kit - Hit Kit #2/HKAP2 Seq1.1 Hits 4.wav,combat,Combat,Assets/ThirdParty/Sonniss/Selected/Combat/2015/NoizBoy - Hong Kong Action Kit --49301a/HKAP2 Seq1.1 Hits 4.wav,427438,3ab609122f77a2b29396215fe7140833a99345052298258f20de020b476348cd,all variations retained from a selected game-fit pack,
2015,sonniss.zip,NoizBoy - Hong Kong Action Kit - Hit Kit #2,NoizBoy - Hong Kong Action Kit - Hit Kit #2/HKAP2 Seq2.13 Whoosh 7.wav,combat,Combat,Assets/ThirdParty/Sonniss/Selected/Combat/2015/NoizBoy - Hong Kong Action Kit --49301a/HKAP2 Seq2.13 Whoosh 7.wav,820280,b111fbdb0ee596e60fa3ce07bc09ea103228a3a849e00b8989e576c89fe4c3ef,all variations retained from a selected game-fit pack,
2015,sonniss.zip,NoizBoy - Hong Kong Action Kit - Hit Kit #2,NoizBoy - Hong Kong Action Kit - Hit Kit #2/HKAP2 Seq2.13 Hit 1.wav,combat,Combat,Assets/ThirdParty/Sonniss/Selected/Combat/2015/NoizBoy - Hong Kong Action Kit --49301a/HKAP2 Seq2.13 Hit 1.wav,820240,99232d3465b6c6170a33e2d37e8586795dbdf8e71d1de70f7ffc731cfdd8fefe,all variations retained from a selected game-fit pack,
2015,sonniss.zip,NoizBoy - Hong Kong Action Kit - Hit Kit #2,NoizBoy - Hong Kong Action Kit - Hit Kit #2/HKAP2 Spin Hit 1a.wav,combat,Combat,Assets/ThirdParty/Sonniss/Selected/Combat/2015/NoizBoy - Hong Kong Action Kit --49301a/HKAP2 Spin Hit 1a.wav,1071718,ed958cd4c52b72071338d9461bf8e6c7e55f567c420923f2719213f425f5b0f8,all variations retained from a selected game-fit pack,
2015,sonniss.zip,NoizBoy - Hong Kong Action Kit - Hit Kit #2,NoizBoy - Hong Kong Action Kit - Hit Kit #2/HKAP2 Seq2.13 Hit 2.wav,combat,Combat,Assets/ThirdParty/Sonniss/Selected/Combat/2015/NoizBoy - Hong Kong Action Kit --49301a/HKAP2 Seq2.13 Hit 2.wav,820240,3c7e70fc89d3f3b653e81b11e7f257276c5cc6d4052253457b55076d3505a5f5,all variations retained from a selected game-fit pack,
2015,sonniss.zip,NoizBoy - Hong Kong Action Kit - Hit Kit #2,NoizBoy - Hong Kong Action Kit - Hit Kit #2/HKAP2 Seq1.2 SWT 11.wav,combat,Combat,Assets/ThirdParty/Sonniss/Selected/Combat/2015/NoizBoy - Hong Kong Action Kit --49301a/HKAP2 Seq1.2 SWT 11.wav,476772,fec719d59cf1beccad4c66b62dc16d0b59a603a70c1bd14d459ebfc7db93a5c6,all variations retained from a selected game-fit pack,
2015,sonniss.zip,NoizBoy - Hong Kong Action Kit - Hit Kit #2,NoizBoy - Hong Kong Action Kit - Hit Kit #2/HKAP2 Seq2.13 Hit 3.wav,combat,Combat,Assets/ThirdParty/Sonniss/Selected/Combat/2015/NoizBoy - Hong Kong Action Kit --49301a/HKAP2 Seq2.13 Hit 3.wav,820240,8b3c2c722590147c52d8b7992f01a91514c58580c3fb26d33a357978915feea1,all variations retained from a selected game-fit pack,
2015,sonniss.zip,NoizBoy - Hong Kong Action Kit - Hit Kit #2,NoizBoy - Hong Kong Action Kit - Hit Kit #2/HKAP2 Whoosh land 1a.wav,combat,Combat,Assets/ThirdParty/Sonniss/Selected/Combat/2015/NoizBoy - Hong Kong Action Kit --49301a/HKAP2 Whoosh land 1a.wav,768978,2663e1a5dbbccbb2db596efdce5df5c8ac038d6065b387957c1cb5f3488b15be,all variations retained from a selected game-fit pack,
2015,sonniss.zip,NoizBoy - Hong Kong Action Kit - Hit Kit #2,NoizBoy - Hong Kong Action Kit - Hit Kit #2/HKAP2 Seq2.13 Whoosh 5.wav,combat,Combat,Assets/ThirdParty/Sonniss/Selected/Combat/2015/NoizBoy - Hong Kong Action Kit --49301a/HKAP2 Seq2.13 Whoosh 5.wav,820288,10c98ad7a89382e93c6c5783964d2585adf2b6598be6fab67c3d1b0320505d27,all variations retained from a selected game-fit pack,
2015,sonniss.zip,NoizBoy - Hong Kong Action Kit - Hit Kit #2,NoizBoy - Hong Kong Action Kit - Hit Kit #2/HKAP2 Seq1.2 Whoosh 5.wav,combat,Combat,Assets/ThirdParty/Sonniss/Selected/Combat/2015/NoizBoy - Hong Kong Action Kit --49301a/HKAP2 Seq1.2 Whoosh 5.wav,476756,86faeb861fd844349a30d312d4cecfeb7b53181054d7de0df7e2fbe159d415b5,all variations retained from a selected game-fit pack,
2015,sonniss.zip,NoizBoy - Hong Kong Action Kit - Hit Kit #2,NoizBoy - Hong Kong Action Kit - Hit Kit #2/HKAP2 Seq1.2 SWT 10.wav,combat,Combat,Assets/ThirdParty/Sonniss/Selected/Combat/2015/NoizBoy - Hong Kong Action Kit --49301a/HKAP2 Seq1.2 SWT 10.wav,476756,71c93e8826574e5c508e761bd01ad6bc64402a07c6e11af4f602ee908e438fcb,all variations retained from a selected game-fit pack,
2015,sonniss.zip,RDGSFX002 - Creatures,RDGSFX002 - Creatures/Creature Hiss 4.M.wav,"creatures_wildlife,survival_crafting",Creatures,Assets/ThirdParty/Sonniss/Selected/Creatures/2015/RDGSFX002 - Creatures-f8b36d/Creature Hiss 4.M.wav,929628,e9aede68b7efc05d620d55d6ee8cbc47f15a523fa8fa500a210b2a6873b1fe4e,all variations retained from a selected game-fit pack,
2015,sonniss.zip,RDGSFX002 - Creatures,RDGSFX002 - Creatures/Growl Dry 14.M.wav,"creatures_wildlife,survival_crafting",Creatures,Assets/ThirdParty/Sonniss/Selected/Creatures/2015/RDGSFX002 - Creatures-f8b36d/Growl Dry 14.M.wav,841836,3132bf8095d00e89aa3d8381f9c3bd333a2ecbb2a657173b612ed622ba47e918,all variations retained from a selected game-fit pack,
2015,sonniss.zip,RDGSFX002 - Creatures,RDGSFX002 - Creatures/Hisses Dry 11.M.wav,"creatures_wildlife,survival_crafting",Creatures,Assets/ThirdParty/Sonniss/Selected/Creatures/2015/RDGSFX002 - Creatures-f8b36d/Hisses Dry 11.M.wav,673996,e9a1650f805a5d874d5fe70e13835a861d85ef4d8bdd79eb92889e38169b82a4,all variations retained from a selected game-fit pack,
2015,sonniss.zip,RDGSFX002 - Creatures,RDGSFX002 - Creatures/Creature Roar 13.M.wav,"creatures_wildlife,survival_crafting",Creatures,Assets/ThirdParty/Sonniss/Selected/Creatures/2015/RDGSFX002 - Creatures-f8b36d/Creature Roar 13.M.wav,1176044,1248b4ae8a20a8c73b4e41243d4a0a2704f34595e6eb14d90bea5bef9ed6ef23,all variations retained from a selected game-fit pack,
2015,sonniss.zip,RDGSFX002 - Creatures,RDGSFX002 - Creatures/Alien Creature 3.M.wav,"creatures_wildlife,survival_crafting",Creatures,Assets/ThirdParty/Sonniss/Selected/Creatures/2015/RDGSFX002 - Creatures-f8b36d/Alien Creature 3.M.wav,12236,5a505d475911ffc918a7c4fe21439a1f0cf2783ce780b9d0613262eb8a33ecf5,all variations retained from a selected game-fit pack,
2015,sonniss.zip,RDGSFX002 - Creatures,RDGSFX002 - Creatures/Creature Combo 13.M.wav,"creatures_wildlife,survival_crafting",Creatures,Assets/ThirdParty/Sonniss/Selected/Creatures/2015/RDGSFX002 - Creatures-f8b36d/Creature Combo 13.M.wav,4060556,f80b6fc1bf3ada9a3318da898b1c547492c17963f3ec3735bbb9199a4e9bcd5b,all variations retained from a selected game-fit pack,
2015,sonniss.zip,RDGSFX002 - Creatures,RDGSFX002 - Creatures/Roar Dry 5.M.wav,"creatures_wildlife,survival_crafting",Creatures,Assets/ThirdParty/Sonniss/Selected/Creatures/2015/RDGSFX002 - Creatures-f8b36d/Roar Dry 5.M.wav,609244,60097469101ef17af26d8afece72a1f8ef6d885e5385aed02d147955a22132c2,all variations retained from a selected game-fit pack,
2015,sonniss.zip,RDGSFX002 - Creatures,RDGSFX002 - Creatures/Hisses Dry 16.M.wav,"creatures_wildlife,survival_crafting",Creatures,Assets/ThirdParty/Sonniss/Selected/Creatures/2015/RDGSFX002 - Creatures-f8b36d/Hisses Dry 16.M.wav,1008172,96ec4595f8b627f50ed0636fa953474aacff866e99c00da3b4cc4543fe342f69,all variations retained from a selected game-fit pack,
2015,sonniss.zip,RDGSFX002 - Creatures,RDGSFX002 - Creatures/Creature Screeches 12.M.wav,"creatures_wildlife,survival_crafting",Creatures,Assets/ThirdParty/Sonniss/Selected/Creatures/2015/RDGSFX002 - Creatures-f8b36d/Creature Screeches 12.M.wav,2189500,d3addcd373c9dd5b493a033aa07687ea2cb19288581e88cf6e90b086dd0af8c1,all variations retained from a selected game-fit pack,
2015,sonniss.zip,RDGSFX008 - The Metal Shelf,RDGSFX008 - The Metal Shelf/Metal Shelf Tonal Texture 07.wav,survival_crafting,SurvivalCrafting,Assets/ThirdParty/Sonniss/Selected/SurvivalCrafting/2015/RDGSFX008 - The Metal Shelf-bf7d29/Metal Shelf Tonal Texture 07.wav,17532380,487167a4591f64dbd93b1d18f8a2587a591d2a2f3e32c381b5249887809b7558,all variations retained from a selected game-fit pack,
2015,sonniss.zip,RDGSFX008 - The Metal Shelf,RDGSFX008 - The Metal Shelf/Metal Shelf Hit 02.wav,"combat,survival_crafting",Combat,Assets/ThirdParty/Sonniss/Selected/Combat/2015/RDGSFX008 - The Metal Shelf-bf7d29/Metal Shelf Hit 02.wav,3204124,cee5c48504019eb44c1591a553c79a4fd8d42cde000a833e36cd461c22b2daf2,all variations retained from a selected game-fit pack,
2015,sonniss.zip,RDGSFX008 - The Metal Shelf,RDGSFX008 - The Metal Shelf/Metal Shelf Low Movement 02.wav,"survival_crafting,movement_foley",Movement,Assets/ThirdParty/Sonniss/Selected/Movement/2015/RDGSFX008 - The Metal Shelf-bf7d29/Metal Shelf Low Movement 02.wav,7969084,3a47ec1107147ea2b7b52d6035dc1dabba33bf2ae28c787f100e92ed7a4d91a9,all variations retained from a selected game-fit pack,
2015,sonniss.zip,RDGSFX008 - The Metal Shelf,RDGSFX008 - The Metal Shelf/Metal Moans 04.wav,survival_crafting,SurvivalCrafting,Assets/ThirdParty/Sonniss/Selected/SurvivalCrafting/2015/RDGSFX008 - The Metal Shelf-bf7d29/Metal Moans 04.wav,2730252,cd9e25ed87b596eec45ffb634023318f694bb0bbd8d5a128d65636c822f5d54a,all variations retained from a selected game-fit pack,
2015,sonniss.zip,RDGSFX008 - The Metal Shelf,RDGSFX008 - The Metal Shelf/Metal Shelf Creaking 01.wav,survival_crafting,SurvivalCrafting,Assets/ThirdParty/Sonniss/Selected/SurvivalCrafting/2015/RDGSFX008 - The Metal Shelf-bf7d29/Metal Shelf Creaking 01.wav,5944908,6ec6cd0f84f02d3d435cd9261c8ea3842fdb0bd19afaf2049f6b3d146c6bcb14,all variations retained from a selected game-fit pack,
2015,sonniss.zip,RDGSFX008 - The Metal Shelf,RDGSFX008 - The Metal Shelf/Falling Rocks on Metal 04.wav,survival_crafting,SurvivalCrafting,Assets/ThirdParty/Sonniss/Selected/SurvivalCrafting/2015/RDGSFX008 - The Metal Shelf-bf7d29/Falling Rocks on Metal 04.wav,4524252,e3645d9f2366d1511f20876edeaeb45620f1b9f852ec5bacf4bf6623b012d58f,all variations retained from a selected game-fit pack,
2015,sonniss.zip,RDGSFX008 - The Metal Shelf,RDGSFX008 - The Metal Shelf/Metal Shelf Rubber Band Hits 03.wav,"combat,survival_crafting",Combat,Assets/ThirdParty/Sonniss/Selected/Combat/2015/RDGSFX008 - The Metal Shelf-bf7d29/Metal Shelf Rubber Band Hits 03.wav,9660780,a2519acdb8f9cb8ade4d22f65a192280ac86ccf735c1dc3ee12d0f46ad05a220,all variations retained from a selected game-fit pack,
2015,sonniss.zip,RDGSFX008 - The Metal Shelf,RDGSFX008 - The Metal Shelf/Metal Shelf Hit 16.wav,"combat,survival_crafting",Combat,Assets/ThirdParty/Sonniss/Selected/Combat/2015/RDGSFX008 - The Metal Shelf-bf7d29/Metal Shelf Hit 16.wav,9968572,84762bf5914337f5923e8a22f9e377dcc9ad73d49daf787fb3098af1ac7d2ad2,all variations retained from a selected game-fit pack,
2015,sonniss.zip,RDGSFX008 - The Metal Shelf,RDGSFX008 - The Metal Shelf/Metal Shelf Scrape 14.wav,survival_crafting,SurvivalCrafting,Assets/ThirdParty/Sonniss/Selected/SurvivalCrafting/2015/RDGSFX008 - The Metal Shelf-bf7d29/Metal Shelf Scrape 14.wav,5071404,6f8e5aacae3d1f9c5076629bfe186e5cc119933a56c0eeba743b36c866fbc4e7,all variations retained from a selected game-fit pack,
2015,sonniss.zip,RDGSFX008 - The Metal Shelf,RDGSFX008 - The Metal Shelf/Metal Shelf Hit 10.wav,"combat,survival_crafting",Combat,Assets/ThirdParty/Sonniss/Selected/Combat/2015/RDGSFX008 - The Metal Shelf-bf7d29/Metal Shelf Hit 10.wav,3210252,2674727854e57b10af97a9ba83097bf99387f8cc2086ca11b4cb2e13cea1db84,all variations retained from a selected game-fit pack,
2015,sonniss.zip,Sound Ex Machina - Kitchen Sounds 1.2,Sound Ex Machina - Kitchen Sounds 1.2/Arranging Glasses 06.wav,survival_crafting,SurvivalCrafting,Assets/ThirdParty/Sonniss/Selected/SurvivalCrafting/2015/Sound Ex Machina - Kitchen Sound-e36979/Arranging Glasses 06.wav,2320556,c6abea9d071d94d1e2970ded5ae25cee31ced9195e6f89522c0482c7a77b9e0a,all variations retained from a selected game-fit pack,
2015,sonniss.zip,Sound Ex Machina - Kitchen Sounds 1.2,Sound Ex Machina - Kitchen Sounds 1.2/Microwave Oven in Operaton 01.wav,"survival_crafting,world_ambience",SurvivalCrafting,Assets/ThirdParty/Sonniss/Selected/SurvivalCrafting/2015/Sound Ex Machina - Kitchen Sound-e36979/Microwave Oven in Operaton 01.wav,12557724,42273497a032771a5188eedff86b7f4014e8f350bc6b849073c03e1d7a948b7b,all variations retained from a selected game-fit pack,
2015,sonniss.zip,Sound Ex Machina - Kitchen Sounds 1.2,Sound Ex Machina - Kitchen Sounds 1.2/Filling a Glass with Water 02.wav,"survival_crafting,world_ambience",SurvivalCrafting,Assets/ThirdParty/Sonniss/Selected/SurvivalCrafting/2015/Sound Ex Machina - Kitchen Sound-e36979/Filling a Glass with Water 02.wav,3400460,ef95f48325604775d79dd0e467319d72926ea645361a63ad08eb73f916828ab2,all variations retained from a selected game-fit pack,
2015,sonniss.zip,Sound Ex Machina - Kitchen Sounds 1.2,Sound Ex Machina - Kitchen Sounds 1.2/Arranging Bottles 01.wav,survival_crafting,SurvivalCrafting,Assets/ThirdParty/Sonniss/Selected/SurvivalCrafting/2015/Sound Ex Machina - Kitchen Sound-e36979/Arranging Bottles 01.wav,8663196,0caf821fe6154019b9b20ade407297a64d56b5b16ec994e97b950132df1e29d2,all variations retained from a selected game-fit pack,
2015,sonniss.zip,Sound Ex Machina - Kitchen Sounds 1.2,Sound Ex Machina - Kitchen Sounds 1.2/Faucet Running Water 01.wav,"survival_crafting,world_ambience,movement_foley",Movement,Assets/ThirdParty/Sonniss/Selected/Movement/2015/Sound Ex Machina - Kitchen Sound-e36979/Faucet Running Water 01.wav,9241772,f79dc580c63ea4b3fd48e9115a69339e949c99bc90bdf39b8cddc6c4798514c6,all variations retained from a selected game-fit pack,
2015,sonniss.zip,Sound Ex Machina - Kitchen Sounds 1.2,Sound Ex Machina - Kitchen Sounds 1.2/Boiling Water in a Coffee Pot.wav,"survival_crafting,world_ambience",SurvivalCrafting,Assets/ThirdParty/Sonniss/Selected/SurvivalCrafting/2015/Sound Ex Machina - Kitchen Sound-e36979/Boiling Water in a Coffee Pot.wav,69728076,db3ff951b50e8f4d31b6cb7732b3f6599e11a5391a067a3f3e1c9c4699d9a97f,all variations retained from a selected game-fit pack,
2015,sonniss.zip,Sound Ex Machina - Kitchen Sounds 1.2,Sound Ex Machina - Kitchen Sounds 1.2/Draging Kitchen Cabinets 04.wav,survival_crafting,SurvivalCrafting,Assets/ThirdParty/Sonniss/Selected/SurvivalCrafting/2015/Sound Ex Machina - Kitchen Sound-e36979/Draging Kitchen Cabinets 04.wav,1526972,bf1c0921dbae3568487e339a645b367d0f14cc4fa7d8ccebb786fa1b5c609faf,all variations retained from a selected game-fit pack,
2015,sonniss.zip,Sound Ex Machina - Kitchen Sounds 1.2,Sound Ex Machina - Kitchen Sounds 1.2/Espresso Machine 02.wav,survival_crafting,SurvivalCrafting,Assets/ThirdParty/Sonniss/Selected/SurvivalCrafting/2015/Sound Ex Machina - Kitchen Sound-e36979/Espresso Machine 02.wav,11548620,5042645f3b1918b18fce43eb1ba64e8c3247422f90fedfca009b8914a1311b90,all variations retained from a selected game-fit pack,
2015,sonniss.zip,Sound Ex Machina - Kitchen Sounds 1.2,Sound Ex Machina - Kitchen Sounds 1.2/Refrigerator - Closing the Door 03.wav,survival_crafting,SurvivalCrafting,Assets/ThirdParty/Sonniss/Selected/SurvivalCrafting/2015/Sound Ex Machina - Kitchen Sound-e36979/Refrigerator - Closing the Door 03.wav,5347644,6655195e4db5bc706815618fcfd16289066c91b02de3050fb49df60a814eb579,all variations retained from a selected game-fit pack,
2015,sonniss.zip,Sound Ex Machina - Water Flow,Sound Ex Machina - Water Flow/Turbulent water flow (close perspective) 06.wav,world_ambience,World,Assets/ThirdParty/Sonniss/Selected/World/2015/Sound Ex Machina - Water Flow-ceb6c9/Turbulent water flow (close perspective) 06.wav,65763244,621b3fe9cca7a61daafc6a132a489ced338a06cb58f1eed1695f9001b4a88654,all variations retained from a selected game-fit pack,
2015,sonniss.zip,Sound Ex Machina - Water Flow,Sound Ex Machina - Water Flow/Calm small river flow (close perspective) 01.wav,world_ambience,World,Assets/ThirdParty/Sonniss/Selected/World/2015/Sound Ex Machina - Water Flow-ceb6c9/Calm small river flow (close perspective) 01.wav,22216332,b07a9d8fca12f96dbb64fb5a5cded312ebc456bc8e3b71bfa678bbb380d8a3d1,all variations retained from a selected game-fit pack,
2015,sonniss.zip,Sound Ex Machina - Water Flow,Sound Ex Machina - Water Flow/Small waterfall (close perspective) 02.wav,world_ambience,World,Assets/ThirdParty/Sonniss/Selected/World/2015/Sound Ex Machina - Water Flow-ceb6c9/Small waterfall (close perspective) 02.wav,68070156,332951e568211056a3a6447783c12fb6f7145fece46628882f270637636845a1,all variations retained from a selected game-fit pack,
2015,sonniss.zip,Sound Ex Machina - Water Flow,Sound Ex Machina - Water Flow/Rapid small river flow (close perspective) 02.wav,world_ambience,World,Assets/ThirdParty/Sonniss/Selected/World/2015/Sound Ex Machina - Water Flow-ceb6c9/Rapid small river flow (close perspective) 02.wav,33031564,49b29fe63ef0458602ff42866816c8d1df658a6f8986ba879cfdaaff2edcf6d6,all variations retained from a selected game-fit pack,
2015,sonniss.zip,Sound Ex Machina - Water Flow,Sound Ex Machina - Water Flow/Rapid large river flow (distant perspective) 02.wav,world_ambience,World,Assets/ThirdParty/Sonniss/Selected/World/2015/Sound Ex Machina - Water Flow-ceb6c9/Rapid large river flow (distant perspective) 02.wav,28851324,e13d2d3db4ce4566d76e3c0ca9dfaba3c8f11bd36e8ef9e65cf4323c7ad0ad98,all variations retained from a selected game-fit pack,
2015,sonniss.zip,Soundopolis - Blades,Soundopolis - Blades/Knife_Sword_Shing_Fienup_001.wav,combat,Combat,Assets/ThirdParty/Sonniss/Selected/Combat/2015/Soundopolis - Blades-d001f2/Knife_Sword_Shing_Fienup_001.wav,676460,dfd55397dc285580b2d9835971f536f907f75b3c315830852e3c5bcc289b3ffd,all variations retained from a selected game-fit pack,
2015,sonniss.zip,Soundopolis - Blades,Soundopolis - Blades/Machete_Hit_Ring_Fienup_001.wav,combat,Combat,Assets/ThirdParty/Sonniss/Selected/Combat/2015/Soundopolis - Blades-d001f2/Machete_Hit_Ring_Fienup_001.wav,1387964,18c8ff9e86e9ffdcfa1485f5abe16815ec689175a3fa1340a993d2d003a9fe8d,all variations retained from a selected game-fit pack,
2015,sonniss.zip,Soundopolis - Blades,Soundopolis - Blades/Knife_Sword_Hit_Multiple_Fienup_003.wav,combat,Combat,Assets/ThirdParty/Sonniss/Selected/Combat/2015/Soundopolis - Blades-d001f2/Knife_Sword_Hit_Multiple_Fienup_003.wav,752508,7bcd6c97acfe8878f51524db362e232167a7163f322fc9a85dc4dcc8f6a68b11,all variations retained from a selected game-fit pack,
2015,sonniss.zip,Soundopolis - Blades,Soundopolis - Blades/Knife_Sword_Drop_Wood_Fienup_001.wav,"combat,survival_crafting",Combat,Assets/ThirdParty/Sonniss/Selected/Combat/2015/Soundopolis - Blades-d001f2/Knife_Sword_Drop_Wood_Fienup_001.wav,493292,184a11a47a8e4b3b285c1737c1fff9f7b321e83cc98297052b5e7a73d1a24562,all variations retained from a selected game-fit pack,
2015,sonniss.zip,Soundopolis - Foley Plus_Full,Soundopolis - Foley Plus_Full/Sizzle_Frying Pan_Fienup_001.wav,movement_foley,Movement,Assets/ThirdParty/Sonniss/Selected/Movement/2015/Soundopolis - Foley Plus_Full-2a5ce9/Sizzle_Frying Pan_Fienup_001.wav,7080668,03e23557fc51ec94d8c178bc579ee13c7383dc054a39ce40058dd1b24fe84304,all variations retained from a selected game-fit pack,
2015,sonniss.zip,Soundopolis - Foley Plus_Full,Soundopolis - Foley Plus_Full/Lighter_Blue Flame_E_Light_Fienup_001.wav,movement_foley,Movement,Assets/ThirdParty/Sonniss/Selected/Movement/2015/Soundopolis - Foley Plus_Full-2a5ce9/Lighter_Blue Flame_E_Light_Fienup_001.wav,4320412,066282f97ab395db2b34a1098fd4cb5e7503d811c574bfbb321f2102a3c38cd8,all variations retained from a selected game-fit pack,
2015,sonniss.zip,Soundopolis - Foley Plus_Full,Soundopolis - Foley Plus_Full/Cans_Aluminum_Rummage_Fienup_002.wav,movement_foley,Movement,Assets/ThirdParty/Sonniss/Selected/Movement/2015/Soundopolis - Foley Plus_Full-2a5ce9/Cans_Aluminum_Rummage_Fienup_002.wav,20807500,cf7150cb64a71abaecf680604349d62fd2aa4e818b9412d6fc4a3b26e4f62fd2,all variations retained from a selected game-fit pack,
2015,sonniss.zip,Soundopolis - Foley Plus_Full,Soundopolis - Foley Plus_Full/Champagne_Cork_Pop_Fienup_001.wav,movement_foley,Movement,Assets/ThirdParty/Sonniss/Selected/Movement/2015/Soundopolis - Foley Plus_Full-2a5ce9/Champagne_Cork_Pop_Fienup_001.wav,96508,80234af1e1f8fa65e4cf5552d9d6ab2e19808804593e7e88f46e0d06747e2165,all variations retained from a selected game-fit pack,
2015,sonniss.zip,Soundopolis - Natures Fury_Rain_01,Soundopolis - Natures Fury_Rain_01/Rain_Splatty_Heavy_Fienup_002.wav,world_ambience,World,Assets/ThirdParty/Sonniss/Selected/World/2015/Soundopolis - Natures Fury_Rain_-b7cf81/Rain_Splatty_Heavy_Fienup_002.wav,67932524,0177e898b17882be1120588c997cb45b6e35c58587f7d62df5be00f0e48ead2e,all variations retained from a selected game-fit pack,
2015,sonniss.zip,Soundopolis - Natures Fury_Rain_01,Soundopolis - Natures Fury_Rain_01/Rain_Medium_Fienup_008.wav,world_ambience,World,Assets/ThirdParty/Sonniss/Selected/World/2015/Soundopolis - Natures Fury_Rain_-b7cf81/Rain_Medium_Fienup_008.wav,72632348,c9282ea9704dc1cc51acd49b65f78c12892308eed257750ece9ee20be690f5a2,all variations retained from a selected game-fit pack,
2015,sonniss.zip,Soundopolis - Natures Fury_Rain_01,Soundopolis - Natures Fury_Rain_01/Rain_Splatty_Puddle_Drips_Fienup_003.wav,world_ambience,World,Assets/ThirdParty/Sonniss/Selected/World/2015/Soundopolis - Natures Fury_Rain_-b7cf81/Rain_Splatty_Puddle_Drips_Fienup_003.wav,61673100,4f30b23e38ed6bdd5920f913521aea15d3b07c286c7efc718d736c8f00fbda9b,all variations retained from a selected game-fit pack,
2015,sonniss.zip,Soundopolis - Natures Fury_Rain_01,Soundopolis - Natures Fury_Rain_01/Rain_Heavy_Fienup_005.wav,world_ambience,World,Assets/ThirdParty/Sonniss/Selected/World/2015/Soundopolis - Natures Fury_Rain_-b7cf81/Rain_Heavy_Fienup_005.wav,66135788,ae96efd041d12cd072bf69fbf0b4a9fbbf54680c65bdff3bbd80ed3de119efe3,all variations retained from a selected game-fit pack,
2015,sonniss.zip,Soundopolis - Natures Fury_Rain_01,Soundopolis - Natures Fury_Rain_01/Rain_Light_Fienup_003.wav,world_ambience,World,Assets/ThirdParty/Sonniss/Selected/World/2015/Soundopolis - Natures Fury_Rain_-b7cf81/Rain_Light_Fienup_003.wav,138452556,346f689f085e96edabe735aee9f8df631a4112c2423028f63a7e2869a5fd4afb,all variations retained from a selected game-fit pack,
2015,sonniss.zip,Soundopolis - Natures Fury_Thunder,Soundopolis - Natures Fury_Thunder/Thunder_Rumble_Mid_Fienup_024.wav,world_ambience,World,Assets/ThirdParty/Sonniss/Selected/World/2015/Soundopolis - Natures Fury_Thund-c7cdc9/Thunder_Rumble_Mid_Fienup_024.wav,2963964,9b469fd74b5dd833df0d958082cd4e4276be98595687dd24ec1517f7b25c019f,all variations retained from a selected game-fit pack,
2015,sonniss.zip,Soundopolis - Natures Fury_Thunder,Soundopolis - Natures Fury_Thunder/Thunder_Boom_Fienup_005.wav,world_ambience,World,Assets/ThirdParty/Sonniss/Selected/World/2015/Soundopolis - Natures Fury_Thund-c7cdc9/Thunder_Boom_Fienup_005.wav,21312316,60a9eaaaf714af7e4217be78b7097f0dc13b85d4db7804ae1232820a43907dfa,all variations retained from a selected game-fit pack,
2015,sonniss.zip,Soundopolis - Natures Fury_Thunder,Soundopolis - Natures Fury_Thunder/Thunder_Rumble_Deep_Fienup_003.wav,world_ambience,World,Assets/ThirdParty/Sonniss/Selected/World/2015/Soundopolis - Natures Fury_Thund-c7cdc9/Thunder_Rumble_Deep_Fienup_003.wav,21361548,0ae104656721f9e15a7ba1a2230622c19ae81a8720e76bed44ffbd720d9836c6,all variations retained from a selected game-fit pack,
2015,sonniss.zip,Soundopolis - Natures Fury_Thunder,Soundopolis - Natures Fury_Thunder/Thunderstorm_Distant_Fienup_001.wav,world_ambience,World,Assets/ThirdParty/Sonniss/Selected/World/2015/Soundopolis - Natures Fury_Thund-c7cdc9/Thunderstorm_Distant_Fienup_001.wav,110298380,c158ab2ba5c18322069215014e10b57a1deae2cae94572ce7f1ad01bc6e0446a,all variations retained from a selected game-fit pack,
2015,sonniss.zip,Soundopolis - Natures Fury_Thunder,Soundopolis - Natures Fury_Thunder/Thunder_Crack_Fienup_016.wav,world_ambience,World,Assets/ThirdParty/Sonniss/Selected/World/2015/Soundopolis - Natures Fury_Thund-c7cdc9/Thunder_Crack_Fienup_016.wav,17522652,5e86c0071fc0556fc6e5da127c6dd403d6389372d1d35a46031cd89f159373c7,all variations retained from a selected game-fit pack,
2015,sonniss.zip,Soundopolis - Natures Fury_Wind_01,Soundopolis - Natures Fury_Wind_01/Wind_Forest_Fienup_001.wav,world_ambience,World,Assets/ThirdParty/Sonniss/Selected/World/2015/Soundopolis - Natures Fury_Wind_-21131f/Wind_Forest_Fienup_001.wav,134696620,510852045e49c2481c4e4bbb1381d3f02cd95fb17c83882d6c5cd6fd83e25d49,all variations retained from a selected game-fit pack,
2015,sonniss.zip,Soundopolis - Natures Fury_Wind_01,Soundopolis - Natures Fury_Wind_01/Wind_Heavy_Fienup_001.wav,world_ambience,World,Assets/ThirdParty/Sonniss/Selected/World/2015/Soundopolis - Natures Fury_Wind_-21131f/Wind_Heavy_Fienup_001.wav,86495676,ea7d9bf68a068ff29d729b51018deb08dd3b7d99281abbae6ef147718a2d157a,all variations retained from a selected game-fit pack,
2015,sonniss.zip,Soundopolis - Natures Fury_Wind_01,Soundopolis - Natures Fury_Wind_01/Wind_Trees_Cattails_Fienup_004.wav,"survival_crafting,world_ambience",World,Assets/ThirdParty/Sonniss/Selected/World/2015/Soundopolis - Natures Fury_Wind_-21131f/Wind_Trees_Cattails_Fienup_004.wav,46086668,1e85838963622c9c5846d095b105b88f08e10f8d364de8d1a7e2117c18e338fb,all variations retained from a selected game-fit pack,
2015,sonniss.zip,Soundopolis - Natures Fury_Wind_01,Soundopolis - Natures Fury_Wind_01/Wind_INT_Window Whistle_Fienup_003.wav,world_ambience,World,Assets/ThirdParty/Sonniss/Selected/World/2015/Soundopolis - Natures Fury_Wind_-21131f/Wind_INT_Window Whistle_Fienup_003.wav,111577580,9cde9dfd2f60adb5cd879ce744390e5bce151c465c9cb8bde0333a10b49ff453,all variations retained from a selected game-fit pack,
2015,sonniss.zip,Soundopolis - Natures Fury_Wind_01,Soundopolis - Natures Fury_Wind_01/Wind_Trees_Cattails_Fienup_001.wav,"survival_crafting,world_ambience",World,Assets/ThirdParty/Sonniss/Selected/World/2015/Soundopolis - Natures Fury_Wind_-21131f/Wind_Trees_Cattails_Fienup_001.wav,30442140,8828efb69b578119ff62caa4351c2f4d27ee071c00dea5d4f6776756d17731ae,all variations retained from a selected game-fit pack,
2015,sonniss.zip,Soundopolis - Tools:Construction 01,Soundopolis - Tools:Construction 01/Hammer_Multiple_Exterior_Fienup_013.wav,survival_crafting,SurvivalCrafting,Assets/ThirdParty/Sonniss/Selected/SurvivalCrafting/2015/Soundopolis - Tools_Construction-7403f0/Hammer_Multiple_Exterior_Fienup_013.wav,872356,69890872e58d8e89305ddf7f1ba6d8b5e5743e65b9640ad540c6e8af1453b696,all variations retained from a selected game-fit pack,
2015,sonniss.zip,Soundopolis - Tools:Construction 01,Soundopolis - Tools:Construction 01/CircularSaw_Cut_Wood_Fienup_001.wav,survival_crafting,SurvivalCrafting,Assets/ThirdParty/Sonniss/Selected/SurvivalCrafting/2015/Soundopolis - Tools_Construction-7403f0/CircularSaw_Cut_Wood_Fienup_001.wav,3889402,7419c1f223b9ac6f65f3791a387315638c4414818919fb0004a6ca4c19a29719,all variations retained from a selected game-fit pack,
2015,sonniss.zip,Soundopolis - Tools:Construction 01,Soundopolis - Tools:Construction 01/PowerDrill_Run_Stop_Fienup_010.wav,survival_crafting,SurvivalCrafting,Assets/ThirdParty/Sonniss/Selected/SurvivalCrafting/2015/Soundopolis - Tools_Construction-7403f0/PowerDrill_Run_Stop_Fienup_010.wav,455742,1bbcd586f0c02f6dc1c28eb56c9ddef46a0e1789291ad4813ec742a8a2245a49,all variations retained from a selected game-fit pack,
2015,sonniss.zip,Soundopolis - Tools:Construction 01,Soundopolis - Tools:Construction 01/Jackhammer_Fienup_001.wav,survival_crafting,SurvivalCrafting,Assets/ThirdParty/Sonniss/Selected/SurvivalCrafting/2015/Soundopolis - Tools_Construction-7403f0/Jackhammer_Fienup_001.wav,53519380,8ec8502b6703b86c831dd9fdb631236a48ae6b7dc1a4d02c60bb5650da714264,all variations retained from a selected game-fit pack,
2015,sonniss.zip,Soundopolis - Tools:Construction 01,Soundopolis - Tools:Construction 01/Demolition_Home_Fienup_007.wav,survival_crafting,SurvivalCrafting,Assets/ThirdParty/Sonniss/Selected/SurvivalCrafting/2015/Soundopolis - Tools_Construction-7403f0/Demolition_Home_Fienup_007.wav,103734254,ec484009b247c83f9006b9004e65e11cc67d2f8eab1c5eab9b2f2bf46cb7154c,all variations retained from a selected game-fit pack,
2015,sonniss.zip,Soundopolis - Underwater,Soundopolis - Underwater/Underwater_Breathing_Fienup_002.wav,"survival_crafting,world_ambience",World,Assets/ThirdParty/Sonniss/Selected/World/2015/Soundopolis - Underwater-834b2d/Underwater_Breathing_Fienup_002.wav,548604,f1eea13093e896d73c06e5e2126618fb8227a25af080cd9e5d6166b020a5edf5,all variations retained from a selected game-fit pack,
2015,sonniss.zip,Soundopolis - Underwater,Soundopolis - Underwater/Underwater_Motion_Fienup_024.wav,world_ambience,World,Assets/ThirdParty/Sonniss/Selected/World/2015/Soundopolis - Underwater-834b2d/Underwater_Motion_Fienup_024.wav,3018700,294347e5fb46e942ec8c9a436f2c867b65e7e62c5625fb50ea42daea099fedf5,all variations retained from a selected game-fit pack,
2015,sonniss.zip,Soundopolis - Underwater,Soundopolis - Underwater/Underwater_Bubbles_Fienup_026.wav,world_ambience,World,Assets/ThirdParty/Sonniss/Selected/World/2015/Soundopolis - Underwater-834b2d/Underwater_Bubbles_Fienup_026.wav,1138060,099d0551c183e96f31b3430ab5071cc2c5052476c485ad644d54e526a36c583a,all variations retained from a selected game-fit pack,
2015,sonniss.zip,Soundopolis - Underwater,Soundopolis - Underwater/Underwater_Bubbles_Deep_Fienup_016.wav,world_ambience,World,Assets/ThirdParty/Sonniss/Selected/World/2015/Soundopolis - Underwater-834b2d/Underwater_Bubbles_Deep_Fienup_016.wav,930284,26bb57aef8ee1b6458460f04e1355527a0ed326c0a81c936ebce353614b557cc,all variations retained from a selected game-fit pack,
2015,sonniss.zip,Soundopolis - Water 01,Soundopolis - Water 01/WaterPipe_Smoke_Fienup_003.wav,world_ambience,World,Assets/ThirdParty/Sonniss/Selected/World/2015/Soundopolis - Water 01-33e6a6/WaterPipe_Smoke_Fienup_003.wav,1556924,9ca6e016c41290eb94bb92e540b0047158adff80737e1a30010e162e66f7f23b,all variations retained from a selected game-fit pack,
2015,sonniss.zip,Soundopolis - Water 01,Soundopolis - Water 01/Water_Drain_Sewer_Fienup_005.wav,world_ambience,World,Assets/ThirdParty/Sonniss/Selected/World/2015/Soundopolis - Water 01-33e6a6/Water_Drain_Sewer_Fienup_005.wav,25298380,2e8b2ad06d325f5d105562429f549a52f19afb3fbc2f644344f2d1b210bdf8d1,all variations retained from a selected game-fit pack,
2015,sonniss.zip,Soundopolis - Water 01,Soundopolis - Water 01/Water_Splash_SeaLion_Fienup_001.wav,world_ambience,World,Assets/ThirdParty/Sonniss/Selected/World/2015/Soundopolis - Water 01-33e6a6/Water_Splash_SeaLion_Fienup_001.wav,2981532,043e28c7b7be54c5a1119aeac38c7546277121af89971360f375bfc6453a2744,all variations retained from a selected game-fit pack,
2015,sonniss.zip,Soundopolis - Water 01,Soundopolis - Water 01/Splash_Dive_Fienup_002.wav,world_ambience,World,Assets/ThirdParty/Sonniss/Selected/World/2015/Soundopolis - Water 01-33e6a6/Splash_Dive_Fienup_002.wav,11930572,8bd01e7b142472b8e771ad2d8172b5648f393747a46fce72eea21ff500997328,all variations retained from a selected game-fit pack,
2015,sonniss.zip,Soundopolis - Water 01,Soundopolis - Water 01/Water_Fountain_Fienup_002.wav,world_ambience,World,Assets/ThirdParty/Sonniss/Selected/World/2015/Soundopolis - Water 01-33e6a6/Water_Fountain_Fienup_002.wav,39589468,c79d40f138e6c60afb601389e0271001589edf6e377ebf5c15a994efb0f9cee2,all variations retained from a selected game-fit pack,
2015,sonniss.zip,Soundopolis - Water Ambiences 01,Soundopolis - Water Ambiences 01/River_Dam_Light_Fienup_001.wav,world_ambience,World,Assets/ThirdParty/Sonniss/Selected/World/2015/Soundopolis - Water Ambiences 01-dfeded/River_Dam_Light_Fienup_001.wav,45046780,12a792343831b5a26e49e3fa6854ace7b2a9697420d9a1cad9c94f03fb364e3f,all variations retained from a selected game-fit pack,
2015,sonniss.zip,Soundopolis - Water Ambiences 01,Soundopolis - Water Ambiences 01/Lake_Huron_Mackinaw_Evening_Fienup_002.wav,world_ambience,World,Assets/ThirdParty/Sonniss/Selected/World/2015/Soundopolis - Water Ambiences 01-dfeded/Lake_Huron_Mackinaw_Evening_Fienup_002.wav,90270044,d81560e52c2c0debf913b6b35c8bd8c25c6294f07396a14f9497059fadd83a81,all variations retained from a selected game-fit pack,
2015,sonniss.zip,Soundopolis - Water Ambiences 01,Soundopolis - Water Ambiences 01/Waterfall_Rainforest_Fienup_002.wav,world_ambience,World,Assets/ThirdParty/Sonniss/Selected/World/2015/Soundopolis - Water Ambiences 01-dfeded/Waterfall_Rainforest_Fienup_002.wav,31764716,b001964e0d921885b92ee305de36cfe08b243541e6de09d7a5864c75cd7e7c1f,all variations retained from a selected game-fit pack,
2015,sonniss.zip,Soundopolis - Water Ambiences 01,Soundopolis - Water Ambiences 01/Beach_Ocean_Waves_Fienup_001.wav,world_ambience,World,Assets/ThirdParty/Sonniss/Selected/World/2015/Soundopolis - Water Ambiences 01-dfeded/Beach_Ocean_Waves_Fienup_001.wav,117132716,01592a3e79951b65e17a00522a9b581f9b2fe38d8eab002543de8e0110b67786,all variations retained from a selected game-fit pack,
2015,sonniss.zip,Soundopolis - Water Ambiences 01,Soundopolis - Water Ambiences 01/River_Huron_Lapping_Fienup_002.wav,world_ambience,World,Assets/ThirdParty/Sonniss/Selected/World/2015/Soundopolis - Water Ambiences 01-dfeded/River_Huron_Lapping_Fienup_002.wav,18051772,3dc01b79fae9089b5ee1394b5e01321cba0a5545d538c3f1889a2eb833a326e5,all variations retained from a selected game-fit pack,
2015,sonniss.zip,TheLibrarybyEmptySea - Gateway Part1,TheLibrarybyEmptySea - Gateway Part1/basement_parking_garage_gate_metal_general_perspective_open_close_03.wav,"survival_crafting,world_ambience",SurvivalCrafting,Assets/ThirdParty/Sonniss/Selected/SurvivalCrafting/2015/TheLibrarybyEmptySea - Gateway P-25154a/basement_parking_garage_gate_metal_general_perspective_open_close_03.wav,24116636,b940648ffb2dc55f44a63df10009b9a8db7d29e1686498ed201a878f7b3b2c25,all variations retained from a selected game-fit pack,
2015,sonniss.zip,TheLibrarybyEmptySea - Gateway Part1,TheLibrarybyEmptySea - Gateway Part1/patio_door_wood_glass_INT_hinge_creak_open_close_08.wav,"survival_crafting,world_ambience",SurvivalCrafting,Assets/ThirdParty/Sonniss/Selected/SurvivalCrafting/2015/TheLibrarybyEmptySea - Gateway P-25154a/patio_door_wood_glass_INT_hinge_creak_open_close_08.wav,2944028,3820083a70a9dd9dabc188782c62501c4b291aba0d4d036210c074db337abc94,all variations retained from a selected game-fit pack,
2015,sonniss.zip,TheLibrarybyEmptySea - Gateway Part1,TheLibrarybyEmptySea - Gateway Part1/hotel_door_metal_deadbolt_unlock_02.wav,"survival_crafting,world_ambience",SurvivalCrafting,Assets/ThirdParty/Sonniss/Selected/SurvivalCrafting/2015/TheLibrarybyEmptySea - Gateway P-25154a/hotel_door_metal_deadbolt_unlock_02.wav,583852,7bc6a72a701a2322cd491b5acf035071dd22deedbd4abd0afad9a59640b47947,all variations retained from a selected game-fit pack,
2015,sonniss.zip,TheLibrarybyEmptySea - Gateway Part1,TheLibrarybyEmptySea - Gateway Part1/bearproof_trashcan_metal_open_close_10.wav,"survival_crafting,world_ambience",SurvivalCrafting,Assets/ThirdParty/Sonniss/Selected/SurvivalCrafting/2015/TheLibrarybyEmptySea - Gateway P-25154a/bearproof_trashcan_metal_open_close_10.wav,4645228,d63657a35b1031fb55413853929de27ed2fb9a174fb0f468c86fc52bb8323863,all variations retained from a selected game-fit pack,
2015,sonniss.zip,TheLibrarybyEmptySea - Gateway Part1,TheLibrarybyEmptySea - Gateway Part1/wood_door_viewing_slide_speakeasy_open_close_01.wav,"survival_crafting,world_ambience",SurvivalCrafting,Assets/ThirdParty/Sonniss/Selected/SurvivalCrafting/2015/TheLibrarybyEmptySea - Gateway P-25154a/wood_door_viewing_slide_speakeasy_open_close_01.wav,2331340,ac9d45921d4d66ebc0b0ed827be5cc8bda87c150925d11a3b67eaa29335aeb5a,all variations retained from a selected game-fit pack,
2015,sonniss.zip,TheLibrarybyEmptySea - Robobiotics,TheLibrarybyEmptySea - Robobiotics/TheLibrarybyMTC_Robo_Motor_CoffeeGrinderB_001.wav,world_ambience,World,Assets/ThirdParty/Sonniss/Selected/World/2015/TheLibrarybyEmptySea - Robobioti-1a33e8/TheLibrarybyMTC_Robo_Motor_CoffeeGrinderB_001.wav,3290620,7d84a7abf1201fc38837202417fdb7007a97f41f4c80e725c4f5a9b8f47189f6,all variations retained from a selected game-fit pack,
2015,sonniss.zip,TheLibrarybyEmptySea - Robobiotics,TheLibrarybyEmptySea - Robobiotics/TheLibrarybyMTC_Robo_Servo_PowerWindow_035.wav,world_ambience,World,Assets/ThirdParty/Sonniss/Selected/World/2015/TheLibrarybyEmptySea - Robobioti-1a33e8/TheLibrarybyMTC_Robo_Servo_PowerWindow_035.wav,919036,e0645d92608a490943521d57d91f24aa5969916bdbd766bcc0dae56b8f183af1,all variations retained from a selected game-fit pack,
2015,sonniss.zip,TheLibrarybyEmptySea - Robobiotics,TheLibrarybyEmptySea - Robobiotics/TheLibrarybyMTC_Robo_LaserBlast_Medium_027.wav,world_ambience,World,Assets/ThirdParty/Sonniss/Selected/World/2015/TheLibrarybyEmptySea - Robobioti-1a33e8/TheLibrarybyMTC_Robo_LaserBlast_Medium_027.wav,368172,cda4aa61d0bdd0af7bda31a48b9eae19890bbaf6bd863a146e5e84fc0c222cd6,all variations retained from a selected game-fit pack,
2015,sonniss.zip,TheLibrarybyEmptySea - Robobiotics,TheLibrarybyEmptySea - Robobiotics/TheLibrarybyMTC_Robo_Metal_HatchDeep_006.wav,"survival_crafting,world_ambience",SurvivalCrafting,Assets/ThirdParty/Sonniss/Selected/SurvivalCrafting/2015/TheLibrarybyEmptySea - Robobioti-1a33e8/TheLibrarybyMTC_Robo_Metal_HatchDeep_006.wav,7858268,cde4bdca0d1504cf9fcdf5b18d7b12d21b7b7ab3b35f71916d159fba26d1f5a0,all variations retained from a selected game-fit pack,
2015,sonniss.zip,TheLibrarybyEmptySea - Robobiotics,TheLibrarybyEmptySea - Robobiotics/TheLibrarybyMTC_Robo_Foley_Joints_Mvmt_002.wav,"world_ambience,movement_foley",Movement,Assets/ThirdParty/Sonniss/Selected/Movement/2015/TheLibrarybyEmptySea - Robobioti-1a33e8/TheLibrarybyMTC_Robo_Foley_Joints_Mvmt_002.wav,4662492,dfd6906a56872c2d89f15c3624c4cec7d18edb018315b744d668384cca0fbf68,all variations retained from a selected game-fit pack,
2015,sonniss.zip,TheLibrarybyEmptySea - SeaMonsters 2,TheLibrarybyEmptySea - SeaMonsters 2/TheLibrarybyMTC_TinyMonster_Pain_199_96k.wav,"creatures_wildlife,world_ambience",Creatures,Assets/ThirdParty/Sonniss/Selected/Creatures/2015/TheLibrarybyEmptySea - SeaMonste-90f9b0/TheLibrarybyMTC_TinyMonster_Pain_199_96k.wav,2488556,ad9135a3d721586f4d228740f2e16ff33cf3a50015b741d842447e208e000b0d,all variations retained from a selected game-fit pack,
2015,sonniss.zip,TheLibrarybyEmptySea - SeaMonsters 2,TheLibrarybyEmptySea - SeaMonsters 2/TheLibrarybyMTC_GroanyMonster_Pain_118_96k.wav,"creatures_wildlife,world_ambience",Creatures,Assets/ThirdParty/Sonniss/Selected/Creatures/2015/TheLibrarybyEmptySea - SeaMonste-90f9b0/TheLibrarybyMTC_GroanyMonster_Pain_118_96k.wav,11793340,517a3181e76be4847f8e02e11bcac980b438459e3d85546a7f28846e5418f743,all variations retained from a selected game-fit pack,
2015,sonniss.zip,TheLibrarybyEmptySea - SeaMonsters 2,TheLibrarybyEmptySea - SeaMonsters 2/TheLibrarybyMTC_GrowlMonster_Effort_92_96k.wav,"creatures_wildlife,world_ambience",Creatures,Assets/ThirdParty/Sonniss/Selected/Creatures/2015/TheLibrarybyEmptySea - SeaMonste-90f9b0/TheLibrarybyMTC_GrowlMonster_Effort_92_96k.wav,1211852,7208c3b708dd9a4e3b55572aba12086a67d6c15b7fa3f9a0d64f07daf65d530c,all variations retained from a selected game-fit pack,
2015,sonniss.zip,TheLibrarybyEmptySea - SeaMonsters 2,TheLibrarybyEmptySea - SeaMonsters 2/TheLibrarybyMTC_ScreechMonster_Roar_34_96k.wav,"creatures_wildlife,world_ambience",Creatures,Assets/ThirdParty/Sonniss/Selected/Creatures/2015/TheLibrarybyEmptySea - SeaMonste-90f9b0/TheLibrarybyMTC_ScreechMonster_Roar_34_96k.wav,2380812,b4b7257b2159161f587366e86b6e66000bb9eb07fd98b2c56f1c305311835e93,all variations retained from a selected game-fit pack,
2015,sonniss.zip,TheLibrarybyEmptySea - SeaMonsters 2,TheLibrarybyEmptySea - SeaMonsters 2/TheLibrarybyMTC_GrowlMonster_Roar_26_96k.wav,"creatures_wildlife,world_ambience",Creatures,Assets/ThirdParty/Sonniss/Selected/Creatures/2015/TheLibrarybyEmptySea - SeaMonste-90f9b0/TheLibrarybyMTC_GrowlMonster_Roar_26_96k.wav,1753164,01f5982a138ee17a9242f9204859df2218a4c19bd7266e664bafdeb1f44b8c81,all variations retained from a selected game-fit pack,
2015,sonniss.zip,TheLibrarybyEmptySea - UI1,TheLibrarybyEmptySea - UI1/TheLibrarybyMTC_UI_Splat_01.wav,"world_ambience,ui_feedback",UI,Assets/ThirdParty/Sonniss/Selected/UI/2015/TheLibrarybyEmptySea - UI1-188916/TheLibrarybyMTC_UI_Splat_01.wav,783004,4a67c430b1acfb860e5d792638beec4696e3c46f74ecfae53038b0c9f1748c2b,all variations retained from a selected game-fit pack,
2015,sonniss.zip,TheLibrarybyEmptySea - UI1,TheLibrarybyEmptySea - UI1/TheLibrarybyMTC_UI_GlassTicks_25.wav,"world_ambience,ui_feedback",UI,Assets/ThirdParty/Sonniss/Selected/UI/2015/TheLibrarybyEmptySea - UI1-188916/TheLibrarybyMTC_UI_GlassTicks_25.wav,103708,89abcc4e99b9ec8d457e262e3c5c4d6e3d10b4877795b591dbdf1fe131a6419e,all variations retained from a selected game-fit pack,
2015,sonniss.zip,TheLibrarybyEmptySea - UI1,TheLibrarybyEmptySea - UI1/TheLibrarybyMTC_UI_Droplet_06.wav,"world_ambience,ui_feedback",UI,Assets/ThirdParty/Sonniss/Selected/UI/2015/TheLibrarybyEmptySea - UI1-188916/TheLibrarybyMTC_UI_Droplet_06.wav,890812,10e090ead7d1c670a6cc5f42e147952e317edbf0e78285704cbcb38740bb84f7,all variations retained from a selected game-fit pack,
2015,sonniss.zip,TheLibrarybyEmptySea - UI1,TheLibrarybyEmptySea - UI1/TheLibrarybyMTC_UI_Alert_01.wav,"world_ambience,ui_feedback",UI,Assets/ThirdParty/Sonniss/Selected/UI/2015/TheLibrarybyEmptySea - UI1-188916/TheLibrarybyMTC_UI_Alert_01.wav,964588,4151bb1a63dc8b737b0ef83e2137a1ab5f13a4f719fb594bd323e80c51ffacd0,all variations retained from a selected game-fit pack,
2015,sonniss.zip,Timothy McHugh -  Barefoot on Metal,Timothy McHugh -  Barefoot on Metal/FOOTSTEP - Metal Grill Run Barefoot Male - 14.wav,"survival_crafting,movement_foley",Movement,Assets/ThirdParty/Sonniss/Selected/Movement/2015/Timothy McHugh - Barefoot on Met-6635ec/FOOTSTEP - Metal Grill Run Barefoot Male - 14.wav,92684,cec80e48a6021603fee9eac5089b0300b86c6b119962b39b7d435deb9f8c5b58,all variations retained from a selected game-fit pack,
2015,sonniss.zip,Timothy McHugh -  Barefoot on Metal,Timothy McHugh -  Barefoot on Metal/FOOTSTEP - Metal Board Jump Barefoot Male - 11.wav,"creatures_wildlife,survival_crafting,movement_foley",Movement,Assets/ThirdParty/Sonniss/Selected/Movement/2015/Timothy McHugh - Barefoot on Met-6635ec/FOOTSTEP - Metal Board Jump Barefoot Male - 11.wav,195772,88e20c195a4e3cba6a71a5f0862324355f4f13f5fd4a15e12b25418f8c5b65a5,all variations retained from a selected game-fit pack,
2015,sonniss.zip,Timothy McHugh -  Barefoot on Metal,Timothy McHugh -  Barefoot on Metal/FOOTSTEP - Metal Grill Walk Barefoot Male - 15.wav,"survival_crafting,movement_foley",Movement,Assets/ThirdParty/Sonniss/Selected/Movement/2015/Timothy McHugh - Barefoot on Met-6635ec/FOOTSTEP - Metal Grill Walk Barefoot Male - 15.wav,98876,9cb23e7a6fb6a6462b438b6a7879331bcf7a8b00dd7869c76309d598ef151596,all variations retained from a selected game-fit pack,
2015,sonniss.zip,Timothy McHugh -  Barefoot on Metal,Timothy McHugh -  Barefoot on Metal/FOOTSTEP - Metal Grill Land Barefoot Male - 5.wav,"survival_crafting,movement_foley",Movement,Assets/ThirdParty/Sonniss/Selected/Movement/2015/Timothy McHugh - Barefoot on Met-6635ec/FOOTSTEP - Metal Grill Land Barefoot Male - 5.wav,208204,78a7b54905d96e778fe24717fefbea6114830be62af148a1a75013656471f63b,all variations retained from a selected game-fit pack,
2015,sonniss.zip,Timothy McHugh -  Barefoot on Metal,Timothy McHugh -  Barefoot on Metal/FOOTSTEP - Metal Grill Run Barefoot Male - 21.wav,"survival_crafting,movement_foley",Movement,Assets/ThirdParty/Sonniss/Selected/Movement/2015/Timothy McHugh - Barefoot on Met-6635ec/FOOTSTEP - Metal Grill Run Barefoot Male - 21.wav,91148,6a83a0d24a340614861461a007c02ff7a5dc8a0b8a78e49595064588fb4beebb,all variations retained from a selected game-fit pack,
2015,sonniss.zip,Timothy McHugh -  Barefoot on Metal,Timothy McHugh -  Barefoot on Metal/FOOTSTEP - Metal Board Walk Barefoot Male - 2.wav,"creatures_wildlife,survival_crafting,movement_foley",Movement,Assets/ThirdParty/Sonniss/Selected/Movement/2015/Timothy McHugh - Barefoot on Met-6635ec/FOOTSTEP - Metal Board Walk Barefoot Male - 2.wav,135724,48292c9f027dac89029f8f44aaa2ec0a5526a9d5fd0ac874891b7dc62ea51b94,all variations retained from a selected game-fit pack,
2015,sonniss.zip,Timothy McHugh -  Barefoot on Metal,Timothy McHugh -  Barefoot on Metal/FOOTSTEP - Metal Plate Walk Barefoot Male - 3.wav,"survival_crafting,movement_foley",Movement,Assets/ThirdParty/Sonniss/Selected/Movement/2015/Timothy McHugh - Barefoot on Met-6635ec/FOOTSTEP - Metal Plate Walk Barefoot Male - 3.wav,181996,eb16efe070769128e9c23d92817d574e57d5565c3137ed9008bdbb73ce125ade,all variations retained from a selected game-fit pack,
2015,sonniss.zip,Timothy McHugh -  Barefoot on Metal,Timothy McHugh -  Barefoot on Metal/FOOTSTEP - Metal Plate Run Barefoot Male - 12.wav,"survival_crafting,movement_foley",Movement,Assets/ThirdParty/Sonniss/Selected/Movement/2015/Timothy McHugh - Barefoot on Met-6635ec/FOOTSTEP - Metal Plate Run Barefoot Male - 12.wav,91084,f1e58b7a21f759f6ca20fa9269300a347db6f05f5b4719960d5a11a49b6f55bf,all variations retained from a selected game-fit pack,
2015,sonniss.zip,Timothy McHugh -  Barefoot on Metal,Timothy McHugh -  Barefoot on Metal/FOOTSTEP - Metal Grill Walk Barefoot Male - 13.wav,"survival_crafting,movement_foley",Movement,Assets/ThirdParty/Sonniss/Selected/Movement/2015/Timothy McHugh - Barefoot on Met-6635ec/FOOTSTEP - Metal Grill Walk Barefoot Male - 13.wav,112748,af2a06402bc2ae7c987e121cf054d4da8bf26d51ddcb8a0732b4c38c7eca085f,all variations retained from a selected game-fit pack,
2015,sonniss.zip,Timothy McHugh -  Barefoot on Metal,Timothy McHugh -  Barefoot on Metal/FOOTSTEP - Metal Grill Rattle Barefoot Male - 18.wav,"survival_crafting,movement_foley",Movement,Assets/ThirdParty/Sonniss/Selected/Movement/2015/Timothy McHugh - Barefoot on Met-6635ec/FOOTSTEP - Metal Grill Rattle Barefoot Male - 18.wav,98492,ad0eb7f6cc6ce7d7a104b2a837b4790a617ba09b6ed4d07e7cb1f9bbce466f19,all variations retained from a selected game-fit pack,
2015,sonniss.zip,Timothy McHugh -  Barefoot on Metal,Timothy McHugh -  Barefoot on Metal/FOOTSTEP - Metal Board Walk Barefoot Male - 24.wav,"creatures_wildlife,survival_crafting,movement_foley",Movement,Assets/ThirdParty/Sonniss/Selected/Movement/2015/Timothy McHugh - Barefoot on Met-6635ec/FOOTSTEP - Metal Board Walk Barefoot Male - 24.wav,143452,4cc91869d75ac5370438c0e8d6e3020eef973211c55b44e4ad7833bc3b13dd33,all variations retained from a selected game-fit pack,
2015,sonniss.zip,Timothy McHugh -  Barefoot on Metal,Timothy McHugh -  Barefoot on Metal/FOOTSTEP - Metal Grill Jump Barefoot Male - 3.wav,"survival_crafting,movement_foley",Movement,Assets/ThirdParty/Sonniss/Selected/Movement/2015/Timothy McHugh - Barefoot on Met-6635ec/FOOTSTEP - Metal Grill Jump Barefoot Male - 3.wav,195884,e030faa03cc1e20f5b470af96d6d83dc887e8cb29bcc915c90720c093c3127b9,all variations retained from a selected game-fit pack,
2015,sonniss.zip,Timothy McHugh -  Barefoot on Metal,Timothy McHugh -  Barefoot on Metal/FOOTSTEP - Metal Board Run Barefoot Male - 1.wav,"creatures_wildlife,survival_crafting,movement_foley",Movement,Assets/ThirdParty/Sonniss/Selected/Movement/2015/Timothy McHugh - Barefoot on Met-6635ec/FOOTSTEP - Metal Board Run Barefoot Male - 1.wav,92572,69a01946c2df06a6c629e9d99d3f5b7f151427ba4826023fcf5ef0e358733a3f,all variations retained from a selected game-fit pack,
2015,sonniss.zip,Timothy McHugh -  Barefoot on Metal,Timothy McHugh -  Barefoot on Metal/FOOTSTEP - Metal Plate Run Barefoot Male - 14.wav,"survival_crafting,movement_foley",Movement,Assets/ThirdParty/Sonniss/Selected/Movement/2015/Timothy McHugh - Barefoot on Met-6635ec/FOOTSTEP - Metal Plate Run Barefoot Male - 14.wav,129580,eb3c5ce1a86c16535f4e00b049bec5467acac77c148ee6b2da37b07532ebc832,all variations retained from a selected game-fit pack,
2015,sonniss.zip,Timothy McHugh -  Barefoot on Metal,Timothy McHugh -  Barefoot on Metal/FOOTSTEP - Metal Plate Walk Barefoot Male - 2.wav,"survival_crafting,movement_foley",Movement,Assets/ThirdParty/Sonniss/Selected/Movement/2015/Timothy McHugh - Barefoot on Met-6635ec/FOOTSTEP - Metal Plate Walk Barefoot Male - 2.wav,175836,86cad50573cac89ef61cd1c8d753a1462f476f39053845a4ce9792666b5a1c54,all variations retained from a selected game-fit pack,
2015,sonniss.zip,Timothy McHugh -  Barefoot on Metal,Timothy McHugh -  Barefoot on Metal/FOOTSTEP - Metal Plate Run Barefoot Male - 17.wav,"survival_crafting,movement_foley",Movement,Assets/ThirdParty/Sonniss/Selected/Movement/2015/Timothy McHugh - Barefoot on Met-6635ec/FOOTSTEP - Metal Plate Run Barefoot Male - 17.wav,126508,f54436c3ca719f9441c3567033fbd81335210a96220671dc21e5830f150e74b7,all variations retained from a selected game-fit pack,
2015,sonniss.zip,Timothy McHugh -  Barefoot on Metal,Timothy McHugh -  Barefoot on Metal/FOOTSTEP - Metal Plate Walk Barefoot Male - 1.wav,"survival_crafting,movement_foley",Movement,Assets/ThirdParty/Sonniss/Selected/Movement/2015/Timothy McHugh - Barefoot on Met-6635ec/FOOTSTEP - Metal Plate Walk Barefoot Male - 1.wav,191228,6b9a48b514bef64e73a7125ee2f5c4c208e2831c660f89f80bf51f3c55a92fac,all variations retained from a selected game-fit pack,
2015,sonniss.zip,Timothy McHugh -  Barefoot on Metal,Timothy McHugh -  Barefoot on Metal/FOOTSTEP - Metal Plate Jump Barefoot Male - 17.wav,"survival_crafting,movement_foley",Movement,Assets/ThirdParty/Sonniss/Selected/Movement/2015/Timothy McHugh - Barefoot on Met-6635ec/FOOTSTEP - Metal Plate Jump Barefoot Male - 17.wav,214316,9e22e1b885a85fbb2fd36929cfe73b204203d7dd23c2c371eefde6639a65251d,all variations retained from a selected game-fit pack,
2015,sonniss.zip,Timothy McHugh -  Barefoot on Metal,Timothy McHugh -  Barefoot on Metal/FOOTSTEP - Metal Plate Land Barefoot Male - 1.wav,"survival_crafting,movement_foley",Movement,Assets/ThirdParty/Sonniss/Selected/Movement/2015/Timothy McHugh - Barefoot on Met-6635ec/FOOTSTEP - Metal Plate Land Barefoot Male - 1.wav,237420,e31d537dcc2f97e932a57764d8e0afd5cb22f8cda2e9ace73042822e7437901b,all variations retained from a selected game-fit pack,
2015,sonniss.zip,Timothy McHugh -  Barefoot on Metal,Timothy McHugh -  Barefoot on Metal/FOOTSTEP - Metal Grill Slide Barefoot Male - 16.wav,"survival_crafting,movement_foley",Movement,Assets/ThirdParty/Sonniss/Selected/Movement/2015/Timothy McHugh - Barefoot on Met-6635ec/FOOTSTEP - Metal Grill Slide Barefoot Male - 16.wav,148284,c1ed82ccccdb624ee42a3ea9953b12e2b60b3b41046e3bb955de5c8bd8c3080a,all variations retained from a selected game-fit pack,
2015,sonniss.zip,Timothy McHugh -  Barefoot on Metal,Timothy McHugh -  Barefoot on Metal/FOOTSTEP - Metal Board Walk Barefoot Male - 27.wav,"creatures_wildlife,survival_crafting,movement_foley",Movement,Assets/ThirdParty/Sonniss/Selected/Movement/2015/Timothy McHugh - Barefoot on Met-6635ec/FOOTSTEP - Metal Board Walk Barefoot Male - 27.wav,144988,a24427d0a6ce7b9cecb0e3e60581dd9b2a4c9148fb92c11c562538040db42978,all variations retained from a selected game-fit pack,
2015,sonniss.zip,Timothy McHugh -  Barefoot on Metal,Timothy McHugh -  Barefoot on Metal/FOOTSTEP - Metal Plate Slide Barefoot Male - 11.wav,"survival_crafting,movement_foley",Movement,Assets/ThirdParty/Sonniss/Selected/Movement/2015/Timothy McHugh - Barefoot on Met-6635ec/FOOTSTEP - Metal Plate Slide Barefoot Male - 11.wav,192908,2b3ebeb7c89525e735f1cf68b13f3408491ed6ad6b18b6d0733a20749f7da39b,all variations retained from a selected game-fit pack,
2015,sonniss.zip,Timothy McHugh -  Barefoot on Metal,Timothy McHugh -  Barefoot on Metal/FOOTSTEP - Metal Grill Walk Barefoot Male - 1.wav,"survival_crafting,movement_foley",Movement,Assets/ThirdParty/Sonniss/Selected/Movement/2015/Timothy McHugh - Barefoot on Met-6635ec/FOOTSTEP - Metal Grill Walk Barefoot Male - 1.wav,160460,08d15818895f745337905b8d3ee13d1ce42754bfe49ae4936279ea4d50b322e7,all variations retained from a selected game-fit pack,
2015,sonniss.zip,Timothy McHugh -  Barefoot on Metal,Timothy McHugh -  Barefoot on Metal/FOOTSTEP - Metal Grill Run Barefoot Male - 17.wav,"survival_crafting,movement_foley",Movement,Assets/ThirdParty/Sonniss/Selected/Movement/2015/Timothy McHugh - Barefoot on Met-6635ec/FOOTSTEP - Metal Grill Run Barefoot Male - 17.wav,108092,12df208bf6f6422f9691a14742233066170f69722fc6b2326a192ca9e07a621b,all variations retained from a selected game-fit pack,
2015,sonniss.zip,Timothy McHugh -  Barefoot on Metal,Timothy McHugh -  Barefoot on Metal/FOOTSTEP - Metal Board Land Barefoot Male - 1.wav,"creatures_wildlife,survival_crafting,movement_foley",Movement,Assets/ThirdParty/Sonniss/Selected/Movement/2015/Timothy McHugh - Barefoot on Met-6635ec/FOOTSTEP - Metal Board Land Barefoot Male - 1.wav,199164,225489b9b1131d987b7a17a0dcf7101340ec66798e6a57db88185ebf4a3dada6,all variations retained from a selected game-fit pack,
2015,sonniss.zip,Timothy McHugh -  Barefoot on Metal,Timothy McHugh -  Barefoot on Metal/FOOTSTEP - Metal Board Run Barefoot Male - 17.wav,"creatures_wildlife,survival_crafting,movement_foley",Movement,Assets/ThirdParty/Sonniss/Selected/Movement/2015/Timothy McHugh - Barefoot on Met-6635ec/FOOTSTEP - Metal Board Run Barefoot Male - 17.wav,135708,699cc3f9255e5bbaaeca08ebb36562e4a88e110fcd3ca19e0d1dd39e3e905862,all variations retained from a selected game-fit pack,
2015,sonniss.zip,Timothy McHugh -  Barefoot on Metal,Timothy McHugh -  Barefoot on Metal/FOOTSTEP - Metal Board Run Barefoot Male - 10.wav,"creatures_wildlife,survival_crafting,movement_foley",Movement,Assets/ThirdParty/Sonniss/Selected/Movement/2015/Timothy McHugh - Barefoot on Met-6635ec/FOOTSTEP - Metal Board Run Barefoot Male - 10.wav,103372,c465a0dc5ca4fd18dc2e348b96e93dbe593977c3992f002d365553098c5f989b,all variations retained from a selected game-fit pack,
2015,sonniss.zip,Varazuvi - California Foley,Varazuvi - California Foley/coins2.wav,movement_foley,Movement,Assets/ThirdParty/Sonniss/Selected/Movement/2015/Varazuvi - California Foley-03c0ae/coins2.wav,335596,9e2fdc3ab9ec64f3303dae7e88ac44757bba25c5b58464eb97fb3cd43e2012a1,all variations retained from a selected game-fit pack,
2015,sonniss.zip,Varazuvi - California Foley,Varazuvi - California Foley/door28.wav,"survival_crafting,movement_foley",Movement,Assets/ThirdParty/Sonniss/Selected/Movement/2015/Varazuvi - California Foley-03c0ae/door28.wav,427756,b3038c55abd0b60955f5a667e4c5e5c570ce58b0f0cc49f53dc85e6aa2d6a0dd,all variations retained from a selected game-fit pack,
2015,sonniss.zip,Varazuvi - California Foley,Varazuvi - California Foley/stone29.wav,"survival_crafting,movement_foley",Movement,Assets/ThirdParty/Sonniss/Selected/Movement/2015/Varazuvi - California Foley-03c0ae/stone29.wav,31218556,179aac5079b5ec984a82839afffe77d33c53c3ec3fb96d3ce13c09fd4f267fdf,all variations retained from a selected game-fit pack,
2015,sonniss.zip,Varazuvi - California Foley,Varazuvi - California Foley/Key19.wav,"survival_crafting,movement_foley",Movement,Assets/ThirdParty/Sonniss/Selected/Movement/2015/Varazuvi - California Foley-03c0ae/Key19.wav,600060,8543e4a4907c78bad6bf614a7f57c5fa110a1dff69e7e6a8215ec9660f053aac,all variations retained from a selected game-fit pack,
2015,sonniss.zip,Varazuvi - Hollywood Dragons,Varazuvi - Hollywood Dragons/Dragon Roaring 4.wav,"creatures_wildlife,survival_crafting",Creatures,Assets/ThirdParty/Sonniss/Selected/Creatures/2015/Varazuvi - Hollywood Dragons-56df46/Dragon Roaring 4.wav,3688940,0fd01bd613873b053a23c1449ea766dc9f514a436b51ec5bdbbc2646c8636945,all variations retained from a selected game-fit pack,
2015,sonniss.zip,Varazuvi - Hollywood Dragons,Varazuvi - Hollywood Dragons/Dragon Mouth Flutter 2.wav,"creatures_wildlife,survival_crafting",Creatures,Assets/ThirdParty/Sonniss/Selected/Creatures/2015/Varazuvi - Hollywood Dragons-56df46/Dragon Mouth Flutter 2.wav,1320540,28ddce45a0546bf50dcb0a68223c8cc04d1b3599ec00749f52ad2bad78ec73c2,all variations retained from a selected game-fit pack,
2015,sonniss.zip,Varazuvi - Hollywood Dragons,Varazuvi - Hollywood Dragons/Dragon Long Huff 2.wav,"creatures_wildlife,survival_crafting",Creatures,Assets/ThirdParty/Sonniss/Selected/Creatures/2015/Varazuvi - Hollywood Dragons-56df46/Dragon Long Huff 2.wav,3550556,c6c2789ecd601612c7804ac7b241359824ce804adf100d2ed8eaa0bdb4d5c709,all variations retained from a selected game-fit pack,
2015,sonniss.zip,Varazuvi - Hollywood Dragons,Varazuvi - Hollywood Dragons/Dragon Short Huff.wav,"creatures_wildlife,survival_crafting",Creatures,Assets/ThirdParty/Sonniss/Selected/Creatures/2015/Varazuvi - Hollywood Dragons-56df46/Dragon Short Huff.wav,1468108,e18e34e08d5806a82197f41d971c778c58e727c60047fd0dedf01565058337a6,all variations retained from a selected game-fit pack,
2015,sonniss.zip,Varazuvi - Natural Environments,Varazuvi - Natural Environments/RainLoopHeavy.wav,world_ambience,World,Assets/ThirdParty/Sonniss/Selected/World/2015/Varazuvi - Natural Environments-1f22b9/RainLoopHeavy.wav,5201852,b01b403596901986054fb0900b376424f1253061270e885fa0cacd51fbdcd6a4,all variations retained from a selected game-fit pack,
2015,sonniss.zip,Varazuvi - Natural Environments,Varazuvi - Natural Environments/RainLoopLight.wav,world_ambience,World,Assets/ThirdParty/Sonniss/Selected/World/2015/Varazuvi - Natural Environments-1f22b9/RainLoopLight.wav,5217244,f2119b7a828b81d30e9deec9d0fb76c3817b294144a60618d41177b758645653,all variations retained from a selected game-fit pack,
2015,sonniss.zip,Varazuvi - Natural Environments,Varazuvi - Natural Environments/Environment-DeforestationTreesBeingCutDown.wav,"survival_crafting,world_ambience",World,Assets/ThirdParty/Sonniss/Selected/World/2015/Varazuvi - Natural Environments-1f22b9/Environment-DeforestationTreesBeingCutDown.wav,6039116,2070f09cf0ea97a8103ff2706506c29ff0035da9b8bc1acf2e4e5413a01a45f5,all variations retained from a selected game-fit pack,
2015,sonniss.zip,Varazuvi - Natural Environments,Varazuvi - Natural Environments/CloudsMoving.wav,world_ambience,World,Assets/ThirdParty/Sonniss/Selected/World/2015/Varazuvi - Natural Environments-1f22b9/CloudsMoving.wav,7490364,12012d083d46ec0dc8a533cca6095ab16f74a00ffb49cce4dcfb96af3439b620,all variations retained from a selected game-fit pack,
2015,sonniss.zip,Varazuvi - Natural Variety,Varazuvi - Natural Variety/PlantGrowth.wav,,Creatures,Assets/ThirdParty/Sonniss/Selected/Creatures/2015/Varazuvi - Natural Variety-8222ac/PlantGrowth.wav,4187132,85538123075c483a778b8cc4db447b3969e408c1e92e6c8bbb6099d7dff9fb56,all variations retained from a selected game-fit pack,
2015,sonniss.zip,Varazuvi - Natural Variety,Varazuvi - Natural Variety/AnimalDiggingDirt.wav,"creatures_wildlife,survival_crafting",Creatures,Assets/ThirdParty/Sonniss/Selected/Creatures/2015/Varazuvi - Natural Variety-8222ac/AnimalDiggingDirt.wav,2375500,bd397aa06f5536c0a98f408599cb09d5ff36563641c76b2ac8b220fe7f3d736d,all variations retained from a selected game-fit pack,
2015,sonniss.zip,Varazuvi - Natural Variety,Varazuvi - Natural Variety/Animal-DeerPullingBarkFromTree.wav,"creatures_wildlife,survival_crafting",Creatures,Assets/ThirdParty/Sonniss/Selected/Creatures/2015/Varazuvi - Natural Variety-8222ac/Animal-DeerPullingBarkFromTree.wav,2203516,766cfb6c185a81b17cb37788ce03ceebfb892514d0ca6c9930c7d39b0387ea6d,all variations retained from a selected game-fit pack,
2015,sonniss.zip,Varazuvi - Natural Variety,Varazuvi - Natural Variety/Insect-Ants.wav,"creatures_wildlife,world_ambience",Creatures,Assets/ThirdParty/Sonniss/Selected/Creatures/2015/Varazuvi - Natural Variety-8222ac/Insect-Ants.wav,2658348,6344c545dd0af3be396eac53abf1bc2b19a625911335cb980443204fd8e4212c,all variations retained from a selected game-fit pack,
2015,sonniss.zip,Varazuvi - Underwater Whale,Varazuvi - Underwater Whale/Whale Call Low (echo) 9.wav,world_ambience,World,Assets/ThirdParty/Sonniss/Selected/World/2015/Varazuvi - Underwater Whale-493070/Whale Call Low (echo) 9.wav,2688844,6be401c3fa912da6f6119e70d02e7e1d4e20a7210bea222301bd24f1f686da03,all variations retained from a selected game-fit pack,
2015,sonniss.zip,Varazuvi - Underwater Whale,Varazuvi - Underwater Whale/Whale Call-Answer Close (echo) 7.wav,world_ambience,World,Assets/ThirdParty/Sonniss/Selected/World/2015/Varazuvi - Underwater Whale-493070/Whale Call-Answer Close (echo) 7.wav,5229804,58f07786702668ee5d24a7a82d9f471d21a472f03f1013294f8acf8ee711b9cb,all variations retained from a selected game-fit pack,
2015,sonniss.zip,Varazuvi - Underwater Whale,Varazuvi - Underwater Whale/Whale Call High (echo) 14.wav,world_ambience,World,Assets/ThirdParty/Sonniss/Selected/World/2015/Varazuvi - Underwater Whale-493070/Whale Call High (echo) 14.wav,3159516,de794c6c8eb0fe0128f6a43a7a35307aa52e41ba45e02320d4dec17a7aa05517,all variations retained from a selected game-fit pack,
2015,sonniss.zip,Varazuvi - Underwater Whale,Varazuvi - Underwater Whale/Whale Call Mid (echo) 8.wav,world_ambience,World,Assets/ThirdParty/Sonniss/Selected/World/2015/Varazuvi - Underwater Whale-493070/Whale Call Mid (echo) 8.wav,3344028,fc9406c3a6192be69f6afaeb0094fd0947f45a36e8b58e32bf7f866c77bee2fe,all variations retained from a selected game-fit pack,
2016,Sonniss.com - GDC 2016- Game Audio Bundle Part 1of6.zip,Bottle Rocket Fx - Impact Collection,Bottle Rocket Fx - Impact Collection/Impact_Boom_Distorted_02.wav,"combat,survival_crafting",Combat,Assets/ThirdParty/Sonniss/Selected/Combat/2016/Bottle Rocket Fx - Impact Collec-24655d/Impact_Boom_Distorted_02.wav,3495378,832c38955f0615ac170b1228b1f6c11003abd1142cbaeab9ce858eb4aed233d9,all variations retained from a selected game-fit pack,
2016,Sonniss.com - GDC 2016- Game Audio Bundle Part 1of6.zip,Bottle Rocket Fx - Impact Collection,Bottle Rocket Fx - Impact Collection/Impact_Drum Hit_03.wav,"combat,survival_crafting",Combat,Assets/ThirdParty/Sonniss/Selected/Combat/2016/Bottle Rocket Fx - Impact Collec-24655d/Impact_Drum Hit_03.wav,3473598,d4d57c519fe5f459251f4bf95035f0f2b2cfe33cf00e8d54a6dcbd672502de7c,all variations retained from a selected game-fit pack,
2016,Sonniss.com - GDC 2016- Game Audio Bundle Part 1of6.zip,Bottle Rocket Fx - Impact Collection,Bottle Rocket Fx - Impact Collection/Swell_Metallic Ring_02.wav,"combat,survival_crafting",Combat,Assets/ThirdParty/Sonniss/Selected/Combat/2016/Bottle Rocket Fx - Impact Collec-24655d/Swell_Metallic Ring_02.wav,4567790,7bc11d17ec5901e7e4eaa017a62610303225fcc49fb945b643f724186fc8528e,all variations retained from a selected game-fit pack,
2016,Sonniss.com - GDC 2016- Game Audio Bundle Part 1of6.zip,Bottle Rocket Fx - Impact Collection,Bottle Rocket Fx - Impact Collection/Whoosh_Twisted Vocal_04.wav,"combat,survival_crafting",Combat,Assets/ThirdParty/Sonniss/Selected/Combat/2016/Bottle Rocket Fx - Impact Collec-24655d/Whoosh_Twisted Vocal_04.wav,3773132,6fb1f8d258ab9b093863171622777ae0c8577969c89692a2242c93d7a8135fc9,all variations retained from a selected game-fit pack,
2016,Sonniss.com - GDC 2016- Game Audio Bundle Part 1of6.zip,3maze -  ICE BLOCK,3maze -  ICE BLOCK/axe_ice_005.wav,"survival_crafting,world_ambience",SurvivalCrafting,Assets/ThirdParty/Sonniss/Selected/SurvivalCrafting/2016/3maze - ICE BLOCK-88306d/axe_ice_005.wav,299336,2eb6ad08a1320c77e5adbb71560315d882a34519da9a1b70ffca716793d8a157,all variations retained from a selected game-fit pack,
2016,Sonniss.com - GDC 2016- Game Audio Bundle Part 1of6.zip,3maze -  ICE BLOCK,3maze -  ICE BLOCK/burn_ice_001.wav,"survival_crafting,world_ambience",SurvivalCrafting,Assets/ThirdParty/Sonniss/Selected/SurvivalCrafting/2016/3maze - ICE BLOCK-88306d/burn_ice_001.wav,4173474,8ff26ade71397e01c1f0f52bc47152af4e739aa5013cb95252b96974aee5b6b5,all variations retained from a selected game-fit pack,
2016,Sonniss.com - GDC 2016- Game Audio Bundle Part 1of6.zip,3maze -  ICE BLOCK,3maze -  ICE BLOCK/debris_ice_001.wav,"survival_crafting,world_ambience",SurvivalCrafting,Assets/ThirdParty/Sonniss/Selected/SurvivalCrafting/2016/3maze - ICE BLOCK-88306d/debris_ice_001.wav,438416,8db5e6cb20ee02224a0572192ac3fba02c82303378c5d51de9d22855d6e08707,all variations retained from a selected game-fit pack,
2016,Sonniss.com - GDC 2016- Game Audio Bundle Part 1of6.zip,3maze -  ICE BLOCK,3maze -  ICE BLOCK/saw_ice_003.wav,"survival_crafting,world_ambience",SurvivalCrafting,Assets/ThirdParty/Sonniss/Selected/SurvivalCrafting/2016/3maze - ICE BLOCK-88306d/saw_ice_003.wav,1864670,a4e948f9c141e4058ee13d3f0df2d876a8b43e5cad3e358dd00c6189976515c6,all variations retained from a selected game-fit pack,
2016,Sonniss.com - GDC 2016- Game Audio Bundle Part 1of6.zip,3maze -  The Kitchen,3maze -  The Kitchen/light_frying_loop_001.wav,survival_crafting,SurvivalCrafting,Assets/ThirdParty/Sonniss/Selected/SurvivalCrafting/2016/3maze - The Kitchen-ca54fa/light_frying_loop_001.wav,1154246,0cd9db66da4363f5f58f301631f789b8a6142eef0a64ec3ab8412e721a02ea97,all variations retained from a selected game-fit pack,
2016,Sonniss.com - GDC 2016- Game Audio Bundle Part 1of6.zip,3maze -  The Kitchen,3maze -  The Kitchen/moving_china_plates_002.wav,survival_crafting,SurvivalCrafting,Assets/ThirdParty/Sonniss/Selected/SurvivalCrafting/2016/3maze - The Kitchen-ca54fa/moving_china_plates_002.wav,3996544,950336c27c6a2f701fcb0a0b59076fe8246f84e06e9ba643b3b3fbef4f1f2bd3,all variations retained from a selected game-fit pack,
2016,Sonniss.com - GDC 2016- Game Audio Bundle Part 1of6.zip,3maze -  The Kitchen,3maze -  The Kitchen/pouring_wine_002.wav,survival_crafting,SurvivalCrafting,Assets/ThirdParty/Sonniss/Selected/SurvivalCrafting/2016/3maze - The Kitchen-ca54fa/pouring_wine_002.wav,1875184,129db0ef4a8dac31d8b08c730792baac591b93660ddf6ba4f68a330ad3afb83a,all variations retained from a selected game-fit pack,
2016,Sonniss.com - GDC 2016- Game Audio Bundle Part 1of6.zip,3maze -  The Kitchen,3maze -  The Kitchen/sprinkle_flour_on_surface_001.wav,survival_crafting,SurvivalCrafting,Assets/ThirdParty/Sonniss/Selected/SurvivalCrafting/2016/3maze - The Kitchen-ca54fa/sprinkle_flour_on_surface_001.wav,2645716,749c04988731defa84fac3c31ed14bd7e3266ec21d56c24fd26aae876cb2b949,all variations retained from a selected game-fit pack,
2016,Sonniss.com - GDC 2016- Game Audio Bundle Part 1of6.zip,3maze - High Impact,3maze - High Impact/long_metal_005.wav,"combat,survival_crafting",Combat,Assets/ThirdParty/Sonniss/Selected/Combat/2016/3maze - High Impact-f93fdf/long_metal_005.wav,4730674,0367bbdbb6a03e6f2c0b82b0b3b10cdca69506923a7aeebbbf6b0206801e8751,all variations retained from a selected game-fit pack,
2016,Sonniss.com - GDC 2016- Game Audio Bundle Part 1of6.zip,3maze - High Impact,3maze - High Impact/med_dark_001.wav,combat,Combat,Assets/ThirdParty/Sonniss/Selected/Combat/2016/3maze - High Impact-f93fdf/med_dark_001.wav,2769146,9a3c4c9398f1fc1000f8faf5e8f69d83be5f822c63300113c5afa1594c989462,all variations retained from a selected game-fit pack,
2016,Sonniss.com - GDC 2016- Game Audio Bundle Part 1of6.zip,3maze - High Impact,3maze - High Impact/short_bright_004.wav,combat,Combat,Assets/ThirdParty/Sonniss/Selected/Combat/2016/3maze - High Impact-f93fdf/short_bright_004.wav,2367536,519d25db9e89df0356deccbac1e10804e5b489b1294605cc6bc2518c4ec67c0b,all variations retained from a selected game-fit pack,
2016,Sonniss.com - GDC 2016- Game Audio Bundle Part 1of6.zip,3maze - High Impact,3maze - High Impact/short_med_003.wav,combat,Combat,Assets/ThirdParty/Sonniss/Selected/Combat/2016/3maze - High Impact-f93fdf/short_med_003.wav,3352242,33ae16640a239e51d673b07b98d4a210a9d6f2b82686ef8197fa8f250a780556,all variations retained from a selected game-fit pack,
2016,Sonniss.com - GDC 2016- Game Audio Bundle Part 1of6.zip,Alexander Kopeikin - Black Metal,Alexander Kopeikin - Black Metal/dry hard metal impact with rust debris 20.wav,"combat,survival_crafting",Combat,Assets/ThirdParty/Sonniss/Selected/Combat/2016/Alexander Kopeikin - Black Metal-817e5c/dry hard metal impact with rust debris 20.wav,1480620,612d54a331a5e6287a79a825c711dd199ce9285127133849832cc3a11e89f9e8,all variations retained from a selected game-fit pack,
2016,Sonniss.com - GDC 2016- Game Audio Bundle Part 1of6.zip,Alexander Kopeikin - Black Metal,Alexander Kopeikin - Black Metal/dry rusty metal impact with collapse 08.wav,"combat,survival_crafting",Combat,Assets/ThirdParty/Sonniss/Selected/Combat/2016/Alexander Kopeikin - Black Metal-817e5c/dry rusty metal impact with collapse 08.wav,1465746,e14e5eb291eff016b2dd7ced6e12028ae4aee6e399ad39d57ed455830a2fe15f,all variations retained from a selected game-fit pack,
2016,Sonniss.com - GDC 2016- Game Audio Bundle Part 1of6.zip,Alexander Kopeikin - Black Metal,Alexander Kopeikin - Black Metal/heavy sheet metal low groan 13.wav,survival_crafting,SurvivalCrafting,Assets/ThirdParty/Sonniss/Selected/SurvivalCrafting/2016/Alexander Kopeikin - Black Metal-817e5c/heavy sheet metal low groan 13.wav,2225592,c2cf60df001f42c99a5ec8064a04b451a6ca2361e00126ee7d133ef3ea826f56,all variations retained from a selected game-fit pack,
2016,Sonniss.com - GDC 2016- Game Audio Bundle Part 1of6.zip,Alexander Kopeikin - Black Metal,"Alexander Kopeikin - Black Metal/metal, heavy creaks, shipwreck, submarine deformation under pressure 07.wav",survival_crafting,SurvivalCrafting,"Assets/ThirdParty/Sonniss/Selected/SurvivalCrafting/2016/Alexander Kopeikin - Black Metal-817e5c/metal, heavy creaks, shipwreck, submarine deformation under pressure 07.wav",5517414,c7c6f936ccc8a0e08d5b4ead9349a5aea77e59d655f8bf1751714e0307d71e3b,all variations retained from a selected game-fit pack,
2016,Sonniss.com - GDC 2016- Game Audio Bundle Part 2of6.zip,Mindful Audio - Woodland Atmosphere,Mindful Audio - Woodland Atmosphere/MAFX001 dew drops wind birds woodpecker.wav,"creatures_wildlife,survival_crafting,world_ambience",Creatures,Assets/ThirdParty/Sonniss/Selected/Creatures/2016/Mindful Audio - Woodland Atmosph-e28f65/MAFX001 dew drops wind birds woodpecker.wav,69417066,0f44b64b7e16baabbeb1321f1bd3685c5f6ac1f6c001ea67ccd95e1919068d6b,all variations retained from a selected game-fit pack,
2016,Sonniss.com - GDC 2016- Game Audio Bundle Part 2of6.zip,Mindful Audio - Woodland Atmosphere,Mindful Audio - Woodland Atmosphere/MAFX001 soft wind chaffinch wren bees.wav,"survival_crafting,world_ambience",SurvivalCrafting,Assets/ThirdParty/Sonniss/Selected/SurvivalCrafting/2016/Mindful Audio - Woodland Atmosph-e28f65/MAFX001 soft wind chaffinch wren bees.wav,53109240,9193afffefce7b5a9b68e4ed2367e961275fa26c1c79d1aad79b0f28309d3957,all variations retained from a selected game-fit pack,
2016,Sonniss.com - GDC 2016- Game Audio Bundle Part 2of6.zip,Mindful Audio - Woodland Atmosphere,Mindful Audio - Woodland Atmosphere/MAFX001 wind robin blackbird 01.wav,"creatures_wildlife,survival_crafting,world_ambience",Creatures,Assets/ThirdParty/Sonniss/Selected/Creatures/2016/Mindful Audio - Woodland Atmosph-e28f65/MAFX001 wind robin blackbird 01.wav,117813180,9aa9a1252aa23f49d5b5f726cb2816e88fb349e2ea3f53b54fe5c84dd73f6693,all variations retained from a selected game-fit pack,
2016,Sonniss.com - GDC 2016- Game Audio Bundle Part 2of6.zip,"Mononeshot - MOS001 WATER, Dam","Mononeshot - MOS001 WATER, Dam/WATER, Dam - 07 - Large stream splashing.wav",world_ambience,World,"Assets/ThirdParty/Sonniss/Selected/World/2016/Mononeshot - MOS001 WATER, Dam-9d3a2d/WATER, Dam - 07 - Large stream splashing.wav",50711026,7cec9fb1de5047e59f9c5a0bc1e0cc8710f1434d96070143f49e2bb59398325d,all variations retained from a selected game-fit pack,
2016,Sonniss.com - GDC 2016- Game Audio Bundle Part 2of6.zip,"Mononeshot - MOS001 WATER, Dam","Mononeshot - MOS001 WATER, Dam/WATER, Dam - 12 - Stream falling V3.wav",world_ambience,World,"Assets/ThirdParty/Sonniss/Selected/World/2016/Mononeshot - MOS001 WATER, Dam-9d3a2d/WATER, Dam - 12 - Stream falling V3.wav",76873490,01948a3de113a23c4f758b4cac126ba35c0e86134dca6cf96fe9ec99fd28ef8d,all variations retained from a selected game-fit pack,
2016,Sonniss.com - GDC 2016- Game Audio Bundle Part 2of6.zip,Filmnoise - Unusual Footsteps and Movements Vol.1,Filmnoise - Unusual Footsteps and Movements Vol.1/SNEAKER PLASTIC FLOOR MAT FOOTSTEP WALKING.wav,movement_foley,Movement,Assets/ThirdParty/Sonniss/Selected/Movement/2016/Filmnoise - Unusual Footsteps an-e9fc1d/SNEAKER PLASTIC FLOOR MAT FOOTSTEP WALKING.wav,9571330,d0104d69acd515656bb48540fce5c2a04aae8a3a2220778d2495586bb80dc4dd,all variations retained from a selected game-fit pack,
2016,Sonniss.com - GDC 2016- Game Audio Bundle Part 2of6.zip,Filmnoise - Unusual Footsteps and Movements Vol.1,Filmnoise - Unusual Footsteps and Movements Vol.1/SOCKS LINOLEUM FOOT SCRAPE STOMP STRUGGLE FIGHTING BEING PUT IN A REVERSED CHOKE HOLD GROUND WORK.wav,"combat,movement_foley",Combat,Assets/ThirdParty/Sonniss/Selected/Combat/2016/Filmnoise - Unusual Footsteps an-e9fc1d/SOCKS LINOLEUM FOOT SCRAPE STOMP STRUGGLE FIGHTING BEING PUT IN A REVERSED CHOKE HOLD GROUND WORK.wav,4935394,b0adaf962c362654bf2bda342a863ea4e48210519905925955353105398f193c,all variations retained from a selected game-fit pack,
2016,Sonniss.com - GDC 2016- Game Audio Bundle Part 2of6.zip,Filmnoise - Unusual Footsteps and Movements Vol.1,Filmnoise - Unusual Footsteps and Movements Vol.1/SOCKS WOOD DECK FOOTSTEP SUDDEN FAST MOVEMENT FIGHT STRUGGLE PSYCH OUT.wav,"combat,survival_crafting,movement_foley",Combat,Assets/ThirdParty/Sonniss/Selected/Combat/2016/Filmnoise - Unusual Footsteps an-e9fc1d/SOCKS WOOD DECK FOOTSTEP SUDDEN FAST MOVEMENT FIGHT STRUGGLE PSYCH OUT.wav,7364742,ceb8486fc91f684d1523fbcf2bd0e223352994b0a2391a907bba4f73e5e1aef2,all variations retained from a selected game-fit pack,
2016,Sonniss.com - GDC 2016- Game Audio Bundle Part 2of6.zip,Hzandbits - Howling Winds - Interior,"Hzandbits - Howling Winds - Interior/Wind,Int,Howl,Forceful,Tonal,Vocal,Gust.wav","creatures_wildlife,world_ambience",World,"Assets/ThirdParty/Sonniss/Selected/World/2016/Hzandbits - Howling Winds - Inte-c1f179/Wind,Int,Howl,Forceful,Tonal,Vocal,Gust.wav",5220676,9486561415e15a37f145676149511a16e5981e599da405ce91ccbbda2e03ee71,all variations retained from a selected game-fit pack,
2016,Sonniss.com - GDC 2016- Game Audio Bundle Part 2of6.zip,Hzandbits - Howling Winds - Interior,"Hzandbits - Howling Winds - Interior/Wind,Int,Howl,Tonal,Mumble.wav","creatures_wildlife,world_ambience",World,"Assets/ThirdParty/Sonniss/Selected/World/2016/Hzandbits - Howling Winds - Inte-c1f179/Wind,Int,Howl,Tonal,Mumble.wav",19100320,ded7eb618120fba3a8534ef6ced241eabc6567f76ec212935ebc19f670d441a9,all variations retained from a selected game-fit pack,
2016,Sonniss.com - GDC 2016- Game Audio Bundle Part 2of6.zip,Hzandbits - Howling Winds - Interior,"Hzandbits - Howling Winds - Interior/Wind,Raindrops,Int,Open window,Long whoosh.wav","combat,creatures_wildlife,world_ambience",Combat,"Assets/ThirdParty/Sonniss/Selected/Combat/2016/Hzandbits - Howling Winds - Inte-c1f179/Wind,Raindrops,Int,Open window,Long whoosh.wav",17321530,48ad04ea455679976d25169c57a39e545d3ab897bd95a7fe80db69cdcd42f6ec,all variations retained from a selected game-fit pack,
2016,Sonniss.com - GDC 2016- Game Audio Bundle Part 2of6.zip,Kevin Durr - Ice cubes & Ice Blocks,Kevin Durr - Ice cubes & Ice Blocks/Chipping ice 5.wav,"survival_crafting,world_ambience",SurvivalCrafting,Assets/ThirdParty/Sonniss/Selected/SurvivalCrafting/2016/Kevin Durr - Ice cubes & Ice Blo-59d5da/Chipping ice 5.wav,906302,c355058bf3c976f8ea876bf60c66aba30f795272a46b55a7480a0df6c6347b20,all variations retained from a selected game-fit pack,
2016,Sonniss.com - GDC 2016- Game Audio Bundle Part 2of6.zip,Kevin Durr - Ice cubes & Ice Blocks,Kevin Durr - Ice cubes & Ice Blocks/Stepping on ice 1.wav,"survival_crafting,world_ambience",SurvivalCrafting,Assets/ThirdParty/Sonniss/Selected/SurvivalCrafting/2016/Kevin Durr - Ice cubes & Ice Blo-59d5da/Stepping on ice 1.wav,5616044,545f72fede4f4bbcd9076f5cc19b53a6ada52a2402051fb039bb2a0aab8e42df,all variations retained from a selected game-fit pack,
2016,Sonniss.com - GDC 2016- Game Audio Bundle Part 2of6.zip,Kevin Durr - Ice cubes & Ice Blocks,Kevin Durr - Ice cubes & Ice Blocks/Twisting Ice Tray 1.wav,"survival_crafting,world_ambience",SurvivalCrafting,Assets/ThirdParty/Sonniss/Selected/SurvivalCrafting/2016/Kevin Durr - Ice cubes & Ice Blo-59d5da/Twisting Ice Tray 1.wav,2727614,70a35ba710d594699e6207034ef9170d5089872c1aec48617caf3d4c15a2225f,all variations retained from a selected game-fit pack,
2016,Sonniss.com - GDC 2016- Game Audio Bundle Part 2of6.zip,Kevin Durr - Ice cubes & Ice Blocks,Kevin Durr - Ice cubes & Ice Blocks/Walking with styrofoam ice cooler 1.wav,"survival_crafting,world_ambience,movement_foley",Movement,Assets/ThirdParty/Sonniss/Selected/Movement/2016/Kevin Durr - Ice cubes & Ice Blo-59d5da/Walking with styrofoam ice cooler 1.wav,9216044,dcb319fc6f6fbabb9acfe2ae22d5b2d677c492b77c3d171687cae5e4bd22d610,all variations retained from a selected game-fit pack,
2016,Sonniss.com - GDC 2016- Game Audio Bundle Part 2of6.zip,Levan Nadashvili - Civilian Footsteps,Levan Nadashvili - Civilian Footsteps/FS Ground Civilian Walk N03.wav,movement_foley,Movement,Assets/ThirdParty/Sonniss/Selected/Movement/2016/Levan Nadashvili - Civilian Foot-db36f0/FS Ground Civilian Walk N03.wav,403638,cb85f4dd3bc5491be6e8cf9d2a6f172324968ca36a3c42dc519993b46e1f2ff3,all variations retained from a selected game-fit pack,
2016,Sonniss.com - GDC 2016- Game Audio Bundle Part 2of6.zip,Levan Nadashvili - Civilian Footsteps,Levan Nadashvili - Civilian Footsteps/FS Ground Civilian Walk N05.wav,movement_foley,Movement,Assets/ThirdParty/Sonniss/Selected/Movement/2016/Levan Nadashvili - Civilian Foot-db36f0/FS Ground Civilian Walk N05.wav,403440,363aea1849741d7ee6bcab2d002c1225768f50fc9a2abfa8215683425f8fe820,all variations retained from a selected game-fit pack,
2016,Sonniss.com - GDC 2016- Game Audio Bundle Part 2of6.zip,Levan Nadashvili - Civilian Footsteps,Levan Nadashvili - Civilian Footsteps/FS Wood Civilian Crouch N03.wav,"survival_crafting,movement_foley",Movement,Assets/ThirdParty/Sonniss/Selected/Movement/2016/Levan Nadashvili - Civilian Foot-db36f0/FS Wood Civilian Crouch N03.wav,461094,281b56f55ae557250597a9d127e3bf046c6827083c7ad757cd2aeb826e23e56a,all variations retained from a selected game-fit pack,
2016,Sonniss.com - GDC 2016- Game Audio Bundle Part 2of6.zip,Levan Nadashvili - Civilian Footsteps,Levan Nadashvili - Civilian Footsteps/FS Wood Civilian Crouch N05.wav,"survival_crafting,movement_foley",Movement,Assets/ThirdParty/Sonniss/Selected/Movement/2016/Levan Nadashvili - Civilian Foot-db36f0/FS Wood Civilian Crouch N05.wav,461076,c672601e39b717bdb389c23da0ca2dffe0fcd740066bf9e004a1a233a6bdec11,all variations retained from a selected game-fit pack,
2016,Sonniss.com - GDC 2016- Game Audio Bundle Part 2of6.zip,Levan Nadashvili - Soldier Footsteps,Levan Nadashvili - Soldier Footsteps/FS Concrete Soldier Crouch N02.wav,movement_foley,Movement,Assets/ThirdParty/Sonniss/Selected/Movement/2016/Levan Nadashvili - Soldier Foots-9f6e98/FS Concrete Soldier Crouch N02.wav,461316,e18c77548ab475ef0963188705c2e93b9ef8b54014311d9e704cde6e027c949c,all variations retained from a selected game-fit pack,
2016,Sonniss.com - GDC 2016- Game Audio Bundle Part 2of6.zip,Levan Nadashvili - Soldier Footsteps,Levan Nadashvili - Soldier Footsteps/FS Concrete Soldier Crouch N05.wav,movement_foley,Movement,Assets/ThirdParty/Sonniss/Selected/Movement/2016/Levan Nadashvili - Soldier Foots-9f6e98/FS Concrete Soldier Crouch N05.wav,460974,6fd280fb758a3d6343b8956cb683b146411d287f182f6fb6df33415aa7ea9827,all variations retained from a selected game-fit pack,
2016,Sonniss.com - GDC 2016- Game Audio Bundle Part 2of6.zip,Levan Nadashvili - Soldier Footsteps,Levan Nadashvili - Soldier Footsteps/FS Metal Soldier Walk N01.wav,"survival_crafting,movement_foley",Movement,Assets/ThirdParty/Sonniss/Selected/Movement/2016/Levan Nadashvili - Soldier Foots-9f6e98/FS Metal Soldier Walk N01.wav,403428,b74491450a16b1c836ff1fce57b942bd3e96b47b08e49789b1560b8155aeaab7,all variations retained from a selected game-fit pack,
2016,Sonniss.com - GDC 2016- Game Audio Bundle Part 2of6.zip,Levan Nadashvili - Soldier Footsteps,Levan Nadashvili - Soldier Footsteps/FS Metal Soldier Walk N05.wav,"survival_crafting,movement_foley",Movement,Assets/ThirdParty/Sonniss/Selected/Movement/2016/Levan Nadashvili - Soldier Foots-9f6e98/FS Metal Soldier Walk N05.wav,403494,e028c568ced60fe8b05d94cdc4b6c2a818f958f4c4352ac5a91520b81214c5a7,all variations retained from a selected game-fit pack,
2016,Sonniss.com - GDC 2016- Game Audio Bundle Part 3of6.zip,Pole Position Production - Enfield L86 LSW 5.56mm,Pole Position Production - Enfield L86 LSW 5.56mm/Enfield_L86_LSW_5.56mm_1m_right_MKH8040_2_clean_Triple_shots_x_1.wav,world_ambience,World,Assets/ThirdParty/Sonniss/Selected/World/2016/Pole Position Production - Enfie-ac6511/Enfield_L86_LSW_5.56mm_1m_right_MKH8040_2_clean_Triple_shots_x_1.wav,672738,387f7b2ca7bf773882617c6a58e007a4820ba959e85a535c166e601cc3b0adf6,all variations retained from a selected game-fit pack,
2016,Sonniss.com - GDC 2016- Game Audio Bundle Part 3of6.zip,Pole Position Production - Enfield L86 LSW 5.56mm,Pole Position Production - Enfield L86 LSW 5.56mm/Enfield_L86_LSW_5.56mm_on_gun_DPA4062_clean_Triple_shots_x_1.wav,world_ambience,World,Assets/ThirdParty/Sonniss/Selected/World/2016/Pole Position Production - Enfie-ac6511/Enfield_L86_LSW_5.56mm_on_gun_DPA4062_clean_Triple_shots_x_1.wav,672690,c19388fef9de34ac60d7f0ee6f709bcb951208ae88aeca85102b997994b7e257,all variations retained from a selected game-fit pack,
2016,Sonniss.com - GDC 2016- Game Audio Bundle Part 4of6.zip,Pole Position Production - The Snow & Ice Textures Library,Pole Position Production - The Snow & Ice Textures Library/snow_ambience_wind_strong_08_gusty.wav,world_ambience,World,Assets/ThirdParty/Sonniss/Selected/World/2016/Pole Position Production - The S-44877c/snow_ambience_wind_strong_08_gusty.wav,31155518,d86d6c78d647b5b8ad85a06306d8292f1fdade2d4cc15d9032ea23a75e524a76,all variations retained from a selected game-fit pack,
2016,Sonniss.com - GDC 2016- Game Audio Bundle Part 4of6.zip,Pole Position Production - The Snow & Ice Textures Library,Pole Position Production - The Snow & Ice Textures Library/snow_details_ski_drop_02.wav,world_ambience,World,Assets/ThirdParty/Sonniss/Selected/World/2016/Pole Position Production - The S-44877c/snow_details_ski_drop_02.wav,711566,548dbbdbeff65f5e41f57705c4d86d2ecd676de4245a8ad5fb9f49a067b4b9bb,all variations retained from a selected game-fit pack,
2016,Sonniss.com - GDC 2016- Game Audio Bundle Part 4of6.zip,Pole Position Production - The Snow & Ice Textures Library,Pole Position Production - The Snow & Ice Textures Library/snow_foley_walking_on_snow_02.wav,"world_ambience,movement_foley",Movement,Assets/ThirdParty/Sonniss/Selected/Movement/2016/Pole Position Production - The S-44877c/snow_foley_walking_on_snow_02.wav,7842618,dfa320f9a42845c8c292020024d0c47f25b8e50db1900afb3c952d9959cbc7a1,all variations retained from a selected game-fit pack,
2016,Sonniss.com - GDC 2016- Game Audio Bundle Part 4of6.zip,Pole Position Production - The Snow & Ice Textures Library,Pole Position Production - The Snow & Ice Textures Library/snow_skiing_rougher_slalom_groomed_runs_harder_surface_03_handheld.wav,world_ambience,World,Assets/ThirdParty/Sonniss/Selected/World/2016/Pole Position Production - The S-44877c/snow_skiing_rougher_slalom_groomed_runs_harder_surface_03_handheld.wav,13373474,88efddb9a10a6296fea3ea3538d2a7cd6cd0778b7cfef82f0f802214e7f6b169,all variations retained from a selected game-fit pack,
2016,Sonniss.com - GDC 2016- Game Audio Bundle Part 5of6.zip,SoundBits -  Just Whoosh 3 _ Whoosh Essentials,SoundBits -  Just Whoosh 3 _ Whoosh Essentials/Swoosh_Rope_Whip_075.wav,"combat,survival_crafting",Combat,Assets/ThirdParty/Sonniss/Selected/Combat/2016/SoundBits - Just Whoosh 3 _ Whoo-8e6e66/Swoosh_Rope_Whip_075.wav,1154540,367e996ccb5aad91081b0eb97067e24eae15e405e09df2539e44c5d466fca40c,all variations retained from a selected game-fit pack,
2016,Sonniss.com - GDC 2016- Game Audio Bundle Part 5of6.zip,SoundBits -  Just Whoosh 3 _ Whoosh Essentials,SoundBits -  Just Whoosh 3 _ Whoosh Essentials/Whoosh_Cloth_Leather_Fight_174.wav,"combat,survival_crafting,movement_foley",Combat,Assets/ThirdParty/Sonniss/Selected/Combat/2016/SoundBits - Just Whoosh 3 _ Whoo-8e6e66/Whoosh_Cloth_Leather_Fight_174.wav,1448122,b0470976fc6f275abaac39d700ebf09e3c0018f0745bd43b486ae10b62789e35,all variations retained from a selected game-fit pack,
2016,Sonniss.com - GDC 2016- Game Audio Bundle Part 5of6.zip,SoundBits -  Just Whoosh 3 _ Whoosh Essentials,SoundBits -  Just Whoosh 3 _ Whoosh Essentials/Whoosh_Rod_Pole_022.wav,combat,Combat,Assets/ThirdParty/Sonniss/Selected/Combat/2016/SoundBits - Just Whoosh 3 _ Whoo-8e6e66/Whoosh_Rod_Pole_022.wav,1058456,d4f7f1a136a0771016cbf5a64aae9c8cd148f503e0f8e7b7e65daab06fcdf283,all variations retained from a selected game-fit pack,
2016,Sonniss.com - GDC 2016- Game Audio Bundle Part 5of6.zip,SoundBits -  Just Whoosh 3 _ Whoosh Essentials,SoundBits -  Just Whoosh 3 _ Whoosh Essentials/Whoosh_ShaverPassBy_005.wav,combat,Combat,Assets/ThirdParty/Sonniss/Selected/Combat/2016/SoundBits - Just Whoosh 3 _ Whoo-8e6e66/Whoosh_ShaverPassBy_005.wav,3976602,77d5ff69e57233108d12638ad4835a459c0acb72b9d84611ba2504249138ea33,all variations retained from a selected game-fit pack,
2016,Sonniss.com - GDC 2016- Game Audio Bundle Part 5of6.zip,SoundBits -  Just Whoosh 3 p Whoosh Essentials,SoundBits -  Just Whoosh 3 p Whoosh Essentials/Swoosh_Rope_Whip_075.wav,"combat,survival_crafting",Combat,Assets/ThirdParty/Sonniss/Selected/Combat/2016/SoundBits - Just Whoosh 3 _ Whoo-8e6e66/Swoosh_Rope_Whip_075.wav,1154540,367e996ccb5aad91081b0eb97067e24eae15e405e09df2539e44c5d466fca40c,all variations retained from a selected game-fit pack,Assets/ThirdParty/Sonniss/Selected/Combat/2016/SoundBits - Just Whoosh 3 _ Whoo-8e6e66/Swoosh_Rope_Whip_075.wav
2016,Sonniss.com - GDC 2016- Game Audio Bundle Part 5of6.zip,SoundBits -  Just Whoosh 3 p Whoosh Essentials,SoundBits -  Just Whoosh 3 p Whoosh Essentials/Whoosh_Cloth_Leather_Fight_174.wav,"combat,survival_crafting,movement_foley",Combat,Assets/ThirdParty/Sonniss/Selected/Combat/2016/SoundBits - Just Whoosh 3 _ Whoo-8e6e66/Whoosh_Cloth_Leather_Fight_174.wav,1448122,b0470976fc6f275abaac39d700ebf09e3c0018f0745bd43b486ae10b62789e35,all variations retained from a selected game-fit pack,Assets/ThirdParty/Sonniss/Selected/Combat/2016/SoundBits - Just Whoosh 3 _ Whoo-8e6e66/Whoosh_Cloth_Leather_Fight_174.wav
2016,Sonniss.com - GDC 2016- Game Audio Bundle Part 5of6.zip,SoundBits -  Just Whoosh 3 p Whoosh Essentials,SoundBits -  Just Whoosh 3 p Whoosh Essentials/Whoosh_Rod_Pole_022.wav,combat,Combat,Assets/ThirdParty/Sonniss/Selected/Combat/2016/SoundBits - Just Whoosh 3 _ Whoo-8e6e66/Whoosh_Rod_Pole_022.wav,1058456,d4f7f1a136a0771016cbf5a64aae9c8cd148f503e0f8e7b7e65daab06fcdf283,all variations retained from a selected game-fit pack,Assets/ThirdParty/Sonniss/Selected/Combat/2016/SoundBits - Just Whoosh 3 _ Whoo-8e6e66/Whoosh_Rod_Pole_022.wav
2016,Sonniss.com - GDC 2016- Game Audio Bundle Part 5of6.zip,SoundBits -  Just Whoosh 3 p Whoosh Essentials,SoundBits -  Just Whoosh 3 p Whoosh Essentials/Whoosh_ShaverPassBy_005.wav,combat,Combat,Assets/ThirdParty/Sonniss/Selected/Combat/2016/SoundBits - Just Whoosh 3 _ Whoo-8e6e66/Whoosh_ShaverPassBy_005.wav,3976602,77d5ff69e57233108d12638ad4835a459c0acb72b9d84611ba2504249138ea33,all variations retained from a selected game-fit pack,Assets/ThirdParty/Sonniss/Selected/Combat/2016/SoundBits - Just Whoosh 3 _ Whoo-8e6e66/Whoosh_ShaverPassBy_005.wav
2016,Sonniss.com - GDC 2016- Game Audio Bundle Part 5of6.zip,SoundBits -  Screams & Shouts 2 - Monsters,SoundBits -  Screams & Shouts 2 - Monsters/Monster_Pain_Death_121.wav,"creatures_wildlife,survival_crafting",Creatures,Assets/ThirdParty/Sonniss/Selected/Creatures/2016/SoundBits - Screams & Shouts 2 --605452/Monster_Pain_Death_121.wav,1063310,d752dcc0c183d2ce925f556b2a926c51d2ed36bafc273f2d8369b2a1f7c38a46,all variations retained from a selected game-fit pack,
2016,Sonniss.com - GDC 2016- Game Audio Bundle Part 5of6.zip,SoundBits -  Screams & Shouts 2 - Monsters,SoundBits -  Screams & Shouts 2 - Monsters/Monster_Roar_Growl_009.wav,creatures_wildlife,Creatures,Assets/ThirdParty/Sonniss/Selected/Creatures/2016/SoundBits - Screams & Shouts 2 --605452/Monster_Roar_Growl_009.wav,2515218,598d266c7e79408667d40c221d7e743e4a8edc3ea2889059fb12816436c4a4ac,all variations retained from a selected game-fit pack,
2016,Sonniss.com - GDC 2016- Game Audio Bundle Part 5of6.zip,SoundBits -  Screams & Shouts 2 - Monsters,SoundBits -  Screams & Shouts 2 - Monsters/Monster_Roar_Growl_164.wav,creatures_wildlife,Creatures,Assets/ThirdParty/Sonniss/Selected/Creatures/2016/SoundBits - Screams & Shouts 2 --605452/Monster_Roar_Growl_164.wav,761120,cb9201dabe7d9dc17a4cc8eb34d72e77f037c831156637e5f629bfc102c452c6,all variations retained from a selected game-fit pack,
2016,Sonniss.com - GDC 2016- Game Audio Bundle Part 5of6.zip,SoundBits -  Screams & Shouts 2 - Monsters,SoundBits -  Screams & Shouts 2 - Monsters/Monster_Struggle_Grunt_240.wav,creatures_wildlife,Creatures,Assets/ThirdParty/Sonniss/Selected/Creatures/2016/SoundBits - Screams & Shouts 2 --605452/Monster_Struggle_Grunt_240.wav,395560,5170a1e686ab87e9b0711708ac1a9b4e1c473ff346417e5620dd548c73755466,all variations retained from a selected game-fit pack,
2016,Sonniss.com - GDC 2016- Game Audio Bundle Part 6of6.zip,Stuart Duffield - Ice SFX,Stuart Duffield - Ice SFX/Ice_block_drag_03.wav,"survival_crafting,world_ambience",SurvivalCrafting,Assets/ThirdParty/Sonniss/Selected/SurvivalCrafting/2016/Stuart Duffield - Ice SFX-356c02/Ice_block_drag_03.wav,742026,d0e8fab5859969a5165b120ec3aa2bf091921eae594b7565346ec5e7f0307450,all variations retained from a selected game-fit pack,
2016,Sonniss.com - GDC 2016- Game Audio Bundle Part 6of6.zip,Stuart Duffield - Ice SFX,Stuart Duffield - Ice SFX/Ice_chunk_heavy_07.wav,world_ambience,World,Assets/ThirdParty/Sonniss/Selected/World/2016/Stuart Duffield - Ice SFX-356c02/Ice_chunk_heavy_07.wav,237158,d0058efb434e02b1b0225e6a460de62ffb3b59c125a8bf328391b568c27bd4de,all variations retained from a selected game-fit pack,
2016,Sonniss.com - GDC 2016- Game Audio Bundle Part 6of6.zip,Stuart Duffield - Ice SFX,Stuart Duffield - Ice SFX/Ice_impact_lite_02.wav,"combat,world_ambience",Combat,Assets/ThirdParty/Sonniss/Selected/Combat/2016/Stuart Duffield - Ice SFX-356c02/Ice_impact_lite_02.wav,235146,40367112b3b6d60d9fd4d9b81c5c58d5e5212b18d49820f34fa9c270c7f1cca6,all variations retained from a selected game-fit pack,
2016,Sonniss.com - GDC 2016- Game Audio Bundle Part 6of6.zip,Stuart Duffield - Ice SFX,Stuart Duffield - Ice SFX/Ice_smash_light_02.wav,world_ambience,World,Assets/ThirdParty/Sonniss/Selected/World/2016/Stuart Duffield - Ice SFX-356c02/Ice_smash_light_02.wav,189578,b2e23a87ddc54ab1a8d23da53eb248493d3c26bcf7e8755ee9201f426e382200,all variations retained from a selected game-fit pack,
2016,Sonniss.com - GDC 2016- Game Audio Bundle Part 6of6.zip,The AudioVille - Wooden Staffs and Sword Fight,The AudioVille - Wooden Staffs and Sword Fight/STICK HIT-07 - DEFEND.M.wav,"combat,survival_crafting",Combat,Assets/ThirdParty/Sonniss/Selected/Combat/2016/The AudioVille - Wooden Staffs a-9f8aa5/STICK HIT-07 - DEFEND.M.wav,123854,229472e27d76726a3ae6f36537e9255e80a492c04a772b8c269c554f8fccd86b,all variations retained from a selected game-fit pack,
2016,Sonniss.com - GDC 2016- Game Audio Bundle Part 6of6.zip,The AudioVille - Wooden Staffs and Sword Fight,The AudioVille - Wooden Staffs and Sword Fight/STICK HIT-13 - WILD.M.wav,"combat,survival_crafting",Combat,Assets/ThirdParty/Sonniss/Selected/Combat/2016/The AudioVille - Wooden Staffs a-9f8aa5/STICK HIT-13 - WILD.M.wav,129972,623d96e36eff804b4fb3aa50111426065fbdef94e401aff35c92f143d38b7f0b,all variations retained from a selected game-fit pack,
2016,Sonniss.com - GDC 2016- Game Audio Bundle Part 6of6.zip,The AudioVille - Wooden Staffs and Sword Fight,The AudioVille - Wooden Staffs and Sword Fight/STICK-07 - SLIDE.M.wav,"combat,survival_crafting",Combat,Assets/ThirdParty/Sonniss/Selected/Combat/2016/The AudioVille - Wooden Staffs a-9f8aa5/STICK-07 - SLIDE.M.wav,136072,bc4167d37e9355cba11816e24f547823794b91a28b34bef107df63ebc5d3826c,all variations retained from a selected game-fit pack,
2016,Sonniss.com - GDC 2016- Game Audio Bundle Part 6of6.zip,The AudioVille - Wooden Staffs and Sword Fight,The AudioVille - Wooden Staffs and Sword Fight/WOODEN SWORD HIT-11.M.wav,"combat,survival_crafting",Combat,Assets/ThirdParty/Sonniss/Selected/Combat/2016/The AudioVille - Wooden Staffs a-9f8aa5/WOODEN SWORD HIT-11.M.wav,47036,2f654f62b4302ea96c2bc70a07f2ab34deabcd2642babb3912c71dba5e23efa1,all variations retained from a selected game-fit pack,
2016,Sonniss.com - GDC 2016- Game Audio Bundle Part 6of6.zip,"TS Sound - Savannah, GA Ambiences","TS Sound - Savannah, GA Ambiences/AMB_EXT_Fort_McAllister_Water_Lapping_Boat_Ramp.wav",world_ambience,World,"Assets/ThirdParty/Sonniss/Selected/World/2016/TS Sound - Savannah, GA Ambience-d32faf/AMB_EXT_Fort_McAllister_Water_Lapping_Boat_Ramp.wav",71468698,25a051004fb9bc88264f21465048008d9edce39e9ba1ad4a905368f14eaa21b2,all variations retained from a selected game-fit pack,
2016,Sonniss.com - GDC 2016- Game Audio Bundle Part 6of6.zip,"TS Sound - Savannah, GA Ambiences","TS Sound - Savannah, GA Ambiences/AMB_EXT_Rain_Dripping_In_Parking_Garage.wav",world_ambience,World,"Assets/ThirdParty/Sonniss/Selected/World/2016/TS Sound - Savannah, GA Ambience-d32faf/AMB_EXT_Rain_Dripping_In_Parking_Garage.wav",42342282,894514b102a418a001591a45d7c0a85a926275f8969fbf7a9460423cd27d1ffe,all variations retained from a selected game-fit pack,
2016,Sonniss.com - GDC 2016- Game Audio Bundle Part 6of6.zip,"TS Sound - Savannah, GA Ambiences","TS Sound - Savannah, GA Ambiences/AMB_EXT_Savannah_Wildlife_Refuge_03.wav","creatures_wildlife,world_ambience",World,"Assets/ThirdParty/Sonniss/Selected/World/2016/TS Sound - Savannah, GA Ambience-d32faf/AMB_EXT_Savannah_Wildlife_Refuge_03.wav",86855634,8fe64bb1b47ae9a38e8a2921ae9fc7b4f1aa45ecd483cd91d707203f222f7da0,all variations retained from a selected game-fit pack,
2017,Sonniss.com - GDC 2017 - Game Audio Bundle Part 1of9.zip,Alexander Kopeikin - Black Metal,Sonniss.com - GDC 2017 - Game Audio Bundle Part 1of9/Alexander Kopeikin - Black Metal/dry hard metal grind 09.wav,survival_crafting,SurvivalCrafting,Assets/ThirdParty/Sonniss/Selected/SurvivalCrafting/2017/Alexander Kopeikin - Black Metal-817e5c/dry hard metal grind 09.wav,1545918,0ed97ec5f952ae83e0c45666987346a065b375c8ecdc6f3e78278e5dfa540348,all variations retained from a selected game-fit pack,
2017,Sonniss.com - GDC 2017 - Game Audio Bundle Part 1of9.zip,Alexander Kopeikin - Black Metal,Sonniss.com - GDC 2017 - Game Audio Bundle Part 1of9/Alexander Kopeikin - Black Metal/dry hard sheet metal movement 05.wav,"survival_crafting,movement_foley",Movement,Assets/ThirdParty/Sonniss/Selected/Movement/2017/Alexander Kopeikin - Black Metal-817e5c/dry hard sheet metal movement 05.wav,2536428,57f4ced5ed9d9e681f59df265f9daf5c05e2a7867329b3206b4a61b6c096044b,all variations retained from a selected game-fit pack,
2017,Sonniss.com - GDC 2017 - Game Audio Bundle Part 1of9.zip,Alexander Kopeikin - Black Metal,"Sonniss.com - GDC 2017 - Game Audio Bundle Part 1of9/Alexander Kopeikin - Black Metal/metal, heavy creaks, shipwreck, ship scraping its broadside 02.wav",survival_crafting,SurvivalCrafting,"Assets/ThirdParty/Sonniss/Selected/SurvivalCrafting/2017/Alexander Kopeikin - Black Metal-817e5c/metal, heavy creaks, shipwreck, ship scraping its broadside 02.wav",10656912,4a07308e1dda19b472318bdb0a29b87100fa2828467babb856e0c8fa1d3a15dd,all variations retained from a selected game-fit pack,
2017,Sonniss.com - GDC 2017 - Game Audio Bundle Part 1of9.zip,Alexander Kopeikin - Black Metal,Sonniss.com - GDC 2017 - Game Audio Bundle Part 1of9/Alexander Kopeikin - Black Metal/steel frame dragged long 03.wav,survival_crafting,SurvivalCrafting,Assets/ThirdParty/Sonniss/Selected/SurvivalCrafting/2017/Alexander Kopeikin - Black Metal-817e5c/steel frame dragged long 03.wav,12589302,f0afcf59d9db6fc155f7175711234f47485f81f7926c7129062fa712c84b7467,all variations retained from a selected game-fit pack,
2017,Sonniss.com - GDC 2017 - Game Audio Bundle Part 1of9.zip,Articulated Sounds - Dice,"Sonniss.com - GDC 2017 - Game Audio Bundle Part 1of9/Articulated Sounds - Dice/DICE on Felt, Throw and Roll, Standard, 16 Sixteen Dice, v1.wav",world_ambience,World,"Assets/ThirdParty/Sonniss/Selected/World/2017/Articulated Sounds - Dice-d8ce98/DICE on Felt, Throw and Roll, Standard, 16 Sixteen Dice, v1.wav",1486618,07338a618a1133d9cd9cce1d00f4b575bfe204b46a40909a18fea7642afd3226,all variations retained from a selected game-fit pack,
2017,Sonniss.com - GDC 2017 - Game Audio Bundle Part 1of9.zip,Articulated Sounds - Dice,"Sonniss.com - GDC 2017 - Game Audio Bundle Part 1of9/Articulated Sounds - Dice/DICE on Felt, Throw and Roll, Standard, 5 Five Dice, v2.wav",world_ambience,World,"Assets/ThirdParty/Sonniss/Selected/World/2017/Articulated Sounds - Dice-d8ce98/DICE on Felt, Throw and Roll, Standard, 5 Five Dice, v2.wav",1317556,d83266a853246ce1fa68d98ce092d1faa3b4e5fb7e2434bba3d762ebd14aa8fa,all variations retained from a selected game-fit pack,
2017,Sonniss.com - GDC 2017 - Game Audio Bundle Part 1of9.zip,Articulated Sounds - Dice,"Sonniss.com - GDC 2017 - Game Audio Bundle Part 1of9/Articulated Sounds - Dice/DICE on Hard Wood, Throw and Roll , Standard, 2 Two Dice, v1.wav","survival_crafting,world_ambience",SurvivalCrafting,"Assets/ThirdParty/Sonniss/Selected/SurvivalCrafting/2017/Articulated Sounds - Dice-d8ce98/DICE on Hard Wood, Throw and Roll , Standard, 2 Two Dice, v1.wav",1296868,69e005a2b8d92298a3880a03f0478e3c48d3eef3dc11bee333414fa4504b8702,all variations retained from a selected game-fit pack,
2017,Sonniss.com - GDC 2017 - Game Audio Bundle Part 1of9.zip,Articulated Sounds - Dice,"Sonniss.com - GDC 2017 - Game Audio Bundle Part 1of9/Articulated Sounds - Dice/DICE on Neoprene, Throw and Roll, Mini, 1 One Die, v2.wav",world_ambience,World,"Assets/ThirdParty/Sonniss/Selected/World/2017/Articulated Sounds - Dice-d8ce98/DICE on Neoprene, Throw and Roll, Mini, 1 One Die, v2.wav",1301064,1a2eff7cee435e10578a9d2877f8ecd376bd9376e4d043a625227375b265ea05,all variations retained from a selected game-fit pack,
2017,Sonniss.com - GDC 2017 - Game Audio Bundle Part 1of9.zip,Articulated Sounds - Ghosts,Sonniss.com - GDC 2017 - Game Audio Bundle Part 1of9/Articulated Sounds - Ghosts/GHOSTS Atmosphere Pishacha Turmoil.LR.wav,magic_supernatural,Creatures,Assets/ThirdParty/Sonniss/Selected/Creatures/2017/Articulated Sounds - Ghosts-d8c0bf/GHOSTS Atmosphere Pishacha Turmoil.LR.wav,114058538,d048ade69edf8cf5cb9f95cf4bc33b05f8f671b046b2755fb376371adfb0c8d5,all variations retained from a selected game-fit pack,
2017,Sonniss.com - GDC 2017 - Game Audio Bundle Part 1of9.zip,Articulated Sounds - Ghosts,Sonniss.com - GDC 2017 - Game Audio Bundle Part 1of9/Articulated Sounds - Ghosts/GHOSTS Pass-By Witchery Shiver.LR.wav,magic_supernatural,Magic,Assets/ThirdParty/Sonniss/Selected/Magic/2017/Articulated Sounds - Ghosts-d8c0bf/GHOSTS Pass-By Witchery Shiver.LR.wav,11764734,d29bda8ca68552e850e40cb99decdddff395b83d5a9c5c40f4947fb8951b0f3b,all variations retained from a selected game-fit pack,
2017,Sonniss.com - GDC 2017 - Game Audio Bundle Part 1of9.zip,Articulated Sounds - Ghosts,Sonniss.com - GDC 2017 - Game Audio Bundle Part 1of9/Articulated Sounds - Ghosts/GHOSTS Spell Hocus Pocus 2.LR.wav,magic_supernatural,Magic,Assets/ThirdParty/Sonniss/Selected/Magic/2017/Articulated Sounds - Ghosts-d8c0bf/GHOSTS Spell Hocus Pocus 2.LR.wav,11674716,b861ccb684646844d57d49f910e6982e5829c1be8bd5056512a17df8c5440dda,all variations retained from a selected game-fit pack,
2017,Sonniss.com - GDC 2017 - Game Audio Bundle Part 1of9.zip,Articulated Sounds - Ghosts,Sonniss.com - GDC 2017 - Game Audio Bundle Part 1of9/Articulated Sounds - Ghosts/GHOSTS Tremor Disturbed Aura.LR.wav,magic_supernatural,Creatures,Assets/ThirdParty/Sonniss/Selected/Creatures/2017/Articulated Sounds - Ghosts-d8c0bf/GHOSTS Tremor Disturbed Aura.LR.wav,11992094,071a3f46c8e21eda3fcfb2ef47915a30b41971b26dc66527274f344ecda9ac81,all variations retained from a selected game-fit pack,
2017,Sonniss.com - GDC 2017 - Game Audio Bundle Part 1of9.zip,Articulated Sounds - Ice Skating,Sonniss.com - GDC 2017 - Game Audio Bundle Part 1of9/Articulated Sounds - Ice Skating/ICE Hockey stick medium long scrape 22.wav,"survival_crafting,world_ambience",World,Assets/ThirdParty/Sonniss/Selected/World/2017/Articulated Sounds - Ice Skating-abe3cf/ICE Hockey stick medium long scrape 22.wav,1774852,256c3def9ff3bb3388435c61a311cfda3ceee167ba4d781ce716a49a07d4fa92,all variations retained from a selected game-fit pack,
2017,Sonniss.com - GDC 2017 - Game Audio Bundle Part 1of9.zip,Articulated Sounds - Ice Skating,Sonniss.com - GDC 2017 - Game Audio Bundle Part 1of9/Articulated Sounds - Ice Skating/ICE Hockey stick short scrape 87.wav,"survival_crafting,world_ambience",World,Assets/ThirdParty/Sonniss/Selected/World/2017/Articulated Sounds - Ice Skating-abe3cf/ICE Hockey stick short scrape 87.wav,378294,073a37ce320e188cb750f948c03f7889bfbb74f69055784ca0fd157d4193b1a4,all variations retained from a selected game-fit pack,
2017,Sonniss.com - GDC 2017 - Game Audio Bundle Part 1of9.zip,Articulated Sounds - Ice Skating,Sonniss.com - GDC 2017 - Game Audio Bundle Part 1of9/Articulated Sounds - Ice Skating/ICE Skate move combination 13.wav,world_ambience,World,Assets/ThirdParty/Sonniss/Selected/World/2017/Articulated Sounds - Ice Skating-abe3cf/ICE Skate move combination 13.wav,2199440,cee2ce8cb288442cb1e36f58b1ed9cd750078b11a7fb598f3ffa3f48c2ead934,all variations retained from a selected game-fit pack,
2017,Sonniss.com - GDC 2017 - Game Audio Bundle Part 1of9.zip,Articulated Sounds - Ice Skating,Sonniss.com - GDC 2017 - Game Audio Bundle Part 1of9/Articulated Sounds - Ice Skating/ICE Skater cloth move 10.wav,"survival_crafting,world_ambience,movement_foley",World,Assets/ThirdParty/Sonniss/Selected/World/2017/Articulated Sounds - Ice Skating-abe3cf/ICE Skater cloth move 10.wav,732022,4e904fc61514c5c28ebad24428dbeb41dd61b2764563b745a4c416cea6120029,all variations retained from a selected game-fit pack,
2017,Sonniss.com - GDC 2017 - Game Audio Bundle Part 1of9.zip,Articulated Sounds - Thin Ice,Sonniss.com - GDC 2017 - Game Audio Bundle Part 1of9/Articulated Sounds - Thin Ice/ICE Thin Cracked Crust on Lake 16.wav,world_ambience,World,Assets/ThirdParty/Sonniss/Selected/World/2017/Articulated Sounds - Thin Ice-0e248f/ICE Thin Cracked Crust on Lake 16.wav,4277706,4b96f2551c48743c748fd020ac26a98cc4f59fa8bb5b3b3ac849d6fbb462c0cc,all variations retained from a selected game-fit pack,
2017,Sonniss.com - GDC 2017 - Game Audio Bundle Part 1of9.zip,Articulated Sounds - Thin Ice,Sonniss.com - GDC 2017 - Game Audio Bundle Part 1of9/Articulated Sounds - Thin Ice/ICE Thin Crushed Crust by Foot 13.wav,world_ambience,World,Assets/ThirdParty/Sonniss/Selected/World/2017/Articulated Sounds - Thin Ice-0e248f/ICE Thin Crushed Crust by Foot 13.wav,1629178,e729cd35958b307d41682cf115b6586ee9ab33ece621b552215b02515e4d15d5,all variations retained from a selected game-fit pack,
2017,Sonniss.com - GDC 2017 - Game Audio Bundle Part 1of9.zip,Articulated Sounds - Thin Ice,Sonniss.com - GDC 2017 - Game Audio Bundle Part 1of9/Articulated Sounds - Thin Ice/ICE Thin Scrubbed Blocks Friction 04.wav,"survival_crafting,world_ambience",SurvivalCrafting,Assets/ThirdParty/Sonniss/Selected/SurvivalCrafting/2017/Articulated Sounds - Thin Ice-0e248f/ICE Thin Scrubbed Blocks Friction 04.wav,3916270,0013f6985c5971c57a901eaebf7f5215b9a6ec59fc796ae5a728eebcb5c863d7,all variations retained from a selected game-fit pack,
2017,Sonniss.com - GDC 2017 - Game Audio Bundle Part 1of9.zip,Articulated Sounds - Thin Ice,Sonniss.com - GDC 2017 - Game Audio Bundle Part 1of9/Articulated Sounds - Thin Ice/ICE Thin Smashed Brittle Fragments 55.wav,world_ambience,World,Assets/ThirdParty/Sonniss/Selected/World/2017/Articulated Sounds - Thin Ice-0e248f/ICE Thin Smashed Brittle Fragments 55.wav,2058270,7934cec9d9b2bcdffbc852a177e78c1b5bf50c0e25adf1ac9f72276f1dfee320,all variations retained from a selected game-fit pack,
2017,Sonniss.com - GDC 2017 - Game Audio Bundle Part 1of9.zip,Articulated Sounds - Tropical Ambiences,Sonniss.com - GDC 2017 - Game Audio Bundle Part 1of9/Articulated Sounds - Tropical Ambiences/TROPICAL Mangrove at dusk mysterious grainy atmosphere.wav,world_ambience,World,Assets/ThirdParty/Sonniss/Selected/World/2017/Articulated Sounds - Tropical Am-7faf61/TROPICAL Mangrove at dusk mysterious grainy atmosphere.wav,115962392,518a2e0211704d34989c5f5656ca2c0aebc9c41a626411a51d3143b158f92892,all variations retained from a selected game-fit pack,
2017,Sonniss.com - GDC 2017 - Game Audio Bundle Part 1of9.zip,Articulated Sounds - Tropical Ambiences,Sonniss.com - GDC 2017 - Game Audio Bundle Part 1of9/Articulated Sounds - Tropical Ambiences/TROPICAL Rainforest morning sheltered fresh woods under the canopy.wav,"survival_crafting,world_ambience",SurvivalCrafting,Assets/ThirdParty/Sonniss/Selected/SurvivalCrafting/2017/Articulated Sounds - Tropical Am-7faf61/TROPICAL Rainforest morning sheltered fresh woods under the canopy.wav,62901312,d1b6c08fb8dd9b502db769eeeab0c333df9cd02716471779041ee20ade4208dd,all variations retained from a selected game-fit pack,
2017,Sonniss.com - GDC 2017 - Game Audio Bundle Part 1of9.zip,Articulated Sounds - Tropical Ambiences,Sonniss.com - GDC 2017 - Game Audio Bundle Part 1of9/Articulated Sounds - Tropical Ambiences/TROPICAL Rainforest night sleep with soft sparse bird calls.wav,"creatures_wildlife,world_ambience",Creatures,Assets/ThirdParty/Sonniss/Selected/Creatures/2017/Articulated Sounds - Tropical Am-7faf61/TROPICAL Rainforest night sleep with soft sparse bird calls.wav,44161586,1a0169e4786a4a96f4b4eaef4a581c64d2af531b461c0f96b19ecbfad3b6a9a7,all variations retained from a selected game-fit pack,
2017,Sonniss.com - GDC 2017 - Game Audio Bundle Part 1of9.zip,Articulated Sounds - Tropical Ambiences,Sonniss.com - GDC 2017 - Game Audio Bundle Part 1of9/Articulated Sounds - Tropical Ambiences/TROPICAL Wetland swamp evening foaming frog dusk chorus.wav,world_ambience,World,Assets/ThirdParty/Sonniss/Selected/World/2017/Articulated Sounds - Tropical Am-7faf61/TROPICAL Wetland swamp evening foaming frog dusk chorus.wav,82026512,318c38a4f2a523a2a0a41e3bf88cdf10d32db56e18b5e14e9d9198355a759b82,all variations retained from a selected game-fit pack,
2017,Sonniss.com - GDC 2017 - Game Audio Bundle Part 2of9.zip,Chris Skyes - The Black Sea,Sonniss.com - GDC 2017 - Game Audio Bundle Part 2of9/Chris Skyes - The Black Sea/AMBIENCE Huge Waves 1m Away From Impact Point 2.wav,"combat,world_ambience",Combat,Assets/ThirdParty/Sonniss/Selected/Combat/2017/Chris Skyes - The Black Sea-bb5a0f/AMBIENCE Huge Waves 1m Away From Impact Point 2.wav,24243632,8a65ad75f533ca753b573eda375757d39b71bc84c617490f47da65d4f4a9c6b8,all variations retained from a selected game-fit pack,
2017,Sonniss.com - GDC 2017 - Game Audio Bundle Part 2of9.zip,Chris Skyes - The Black Sea,Sonniss.com - GDC 2017 - Game Audio Bundle Part 2of9/Chris Skyes - The Black Sea/AMBIENCE Huge Waves 2m Away From Impact Point 1.wav,"combat,world_ambience",Combat,Assets/ThirdParty/Sonniss/Selected/Combat/2017/Chris Skyes - The Black Sea-bb5a0f/AMBIENCE Huge Waves 2m Away From Impact Point 1.wav,22277552,adb5123c45469495bb2538d395dd2198d7c31a18cdc273d4b2b81dcd59c88685,all variations retained from a selected game-fit pack,
2017,Sonniss.com - GDC 2017 - Game Audio Bundle Part 2of9.zip,Chris Skyes - The Black Sea,Sonniss.com - GDC 2017 - Game Audio Bundle Part 2of9/Chris Skyes - The Black Sea/SFX Large Wave Splash on Rocks 21.wav,"survival_crafting,world_ambience",SurvivalCrafting,Assets/ThirdParty/Sonniss/Selected/SurvivalCrafting/2017/Chris Skyes - The Black Sea-bb5a0f/SFX Large Wave Splash on Rocks 21.wav,4509208,71c0753694145494b4d127925a2bdee23a08e24c16f9a2d6978696e8b5e24231,all variations retained from a selected game-fit pack,
2017,Sonniss.com - GDC 2017 - Game Audio Bundle Part 2of9.zip,Chris Skyes - The Black Sea,Sonniss.com - GDC 2017 - Game Audio Bundle Part 2of9/Chris Skyes - The Black Sea/SFX Medium Wave Splash on Rocks 12.wav,"survival_crafting,world_ambience",SurvivalCrafting,Assets/ThirdParty/Sonniss/Selected/SurvivalCrafting/2017/Chris Skyes - The Black Sea-bb5a0f/SFX Medium Wave Splash on Rocks 12.wav,4533796,32ffa0d28da82788dfb543706ea15b3fe282eadc7feec689d4fac2590e891b56,all variations retained from a selected game-fit pack,
2017,Sonniss.com - GDC 2017 - Game Audio Bundle Part 3of9.zip,Double Trouble Audio - Flowing Water,"Sonniss.com - GDC 2017 - Game Audio Bundle Part 3of9/Double Trouble Audio - Flowing Water/FLWA 07 - Creek, water, flowing, splashing.wav",world_ambience,World,"Assets/ThirdParty/Sonniss/Selected/World/2017/Double Trouble Audio - Flowing W-d3c851/FLWA 07 - Creek, water, flowing, splashing.wav",10161568,d7678792543e770b4ba536faf75968d07d4ce72ae6655f4a02f6e35d3aa817b8,all variations retained from a selected game-fit pack,
2017,Sonniss.com - GDC 2017 - Game Audio Bundle Part 3of9.zip,Double Trouble Audio - Flowing Water,"Sonniss.com - GDC 2017 - Game Audio Bundle Part 3of9/Double Trouble Audio - Flowing Water/FLWA 110 - Dam, water, flowing, close, small, steady flow.wav",world_ambience,World,"Assets/ThirdParty/Sonniss/Selected/World/2017/Double Trouble Audio - Flowing W-d3c851/FLWA 110 - Dam, water, flowing, close, small, steady flow.wav",12272584,fbf79679c56c04f17507b72929613877b68a0da4dad0331881a20dfa35fffb6b,all variations retained from a selected game-fit pack,
2017,Sonniss.com - GDC 2017 - Game Audio Bundle Part 3of9.zip,Double Trouble Audio - Flowing Water,"Sonniss.com - GDC 2017 - Game Audio Bundle Part 3of9/Double Trouble Audio - Flowing Water/FLWA 74 - Dam, water, flowing, splashing, waves, clucking, movement.wav","world_ambience,movement_foley",Movement,"Assets/ThirdParty/Sonniss/Selected/Movement/2017/Double Trouble Audio - Flowing W-d3c851/FLWA 74 - Dam, water, flowing, splashing, waves, clucking, movement.wav",13953760,3a094b4a33c291685f06b55ab637c7c3f65d8678ef8452f17032f1e05c486283,all variations retained from a selected game-fit pack,
2017,Sonniss.com - GDC 2017 - Game Audio Bundle Part 3of9.zip,Double Trouble Audio - Flowing Water,"Sonniss.com - GDC 2017 - Game Audio Bundle Part 3of9/Double Trouble Audio - Flowing Water/FLWA 92 - Dam, water, flowing, steady flow, close, rumble.wav",world_ambience,World,"Assets/ThirdParty/Sonniss/Selected/World/2017/Double Trouble Audio - Flowing W-d3c851/FLWA 92 - Dam, water, flowing, steady flow, close, rumble.wav",14204458,9d5fbabeb40ed02cf5665daea1010a3b74940b3949de0d4144eaea405c24905f,all variations retained from a selected game-fit pack,
2017,Sonniss.com - GDC 2017 - Game Audio Bundle Part 3of9.zip,Double Trouble Audio - Medieval Armor and Impacts,Sonniss.com - GDC 2017 - Game Audio Bundle Part 3of9/Double Trouble Audio - Medieval Armor and Impacts/Chainmail_Impact_Hard_03.wav,combat,Combat,Assets/ThirdParty/Sonniss/Selected/Combat/2017/Double Trouble Audio - Medieval-741583/Chainmail_Impact_Hard_03.wav,371962,40617fb11ca6de7d7863b74277abd507b7c59d0f1b805179a9b08343e00d9c22,all variations retained from a selected game-fit pack,
2017,Sonniss.com - GDC 2017 - Game Audio Bundle Part 3of9.zip,Double Trouble Audio - Medieval Armor and Impacts,Sonniss.com - GDC 2017 - Game Audio Bundle Part 3of9/Double Trouble Audio - Medieval Armor and Impacts/LeatherArmor_Rustle_03.wav,"combat,survival_crafting,movement_foley",Combat,Assets/ThirdParty/Sonniss/Selected/Combat/2017/Double Trouble Audio - Medieval-741583/LeatherArmor_Rustle_03.wav,538780,ba8ddcf091d7fdc3aec6e2c68a69a0fdb430bc9c85506ac6461f08bda59c1ce3,all variations retained from a selected game-fit pack,
2017,Sonniss.com - GDC 2017 - Game Audio Bundle Part 3of9.zip,Double Trouble Audio - Medieval Armor and Impacts,Sonniss.com - GDC 2017 - Game Audio Bundle Part 3of9/Double Trouble Audio - Medieval Armor and Impacts/Plate_Impact_Hard_02.wav,combat,Combat,Assets/ThirdParty/Sonniss/Selected/Combat/2017/Double Trouble Audio - Medieval-741583/Plate_Impact_Hard_02.wav,440854,a6a1ca66d08efd9235e7bb4ddba62c2fc11fe6e928fa9043a7854228ea8ecf5d,all variations retained from a selected game-fit pack,
2017,Sonniss.com - GDC 2017 - Game Audio Bundle Part 3of9.zip,Double Trouble Audio - Medieval Armor and Impacts,Sonniss.com - GDC 2017 - Game Audio Bundle Part 3of9/Double Trouble Audio - Medieval Armor and Impacts/Weapon_Impact_Parry_01.wav,combat,Combat,Assets/ThirdParty/Sonniss/Selected/Combat/2017/Double Trouble Audio - Medieval-741583/Weapon_Impact_Parry_01.wav,531712,1b12234aca325a25a921f61ecbfaa862e8111363d53a591d4e65891cc28850d1,all variations retained from a selected game-fit pack,
2017,Sonniss.com - GDC 2017 - Game Audio Bundle Part 3of9.zip,Double Trouble Audio - Metal Resonances,"Sonniss.com - GDC 2017 - Game Audio Bundle Part 3of9/Double Trouble Audio - Metal Resonances/MR - Large Metal Air Drum C, Dark Resonance, Creaking, Metal [192 kHz].wav",survival_crafting,SurvivalCrafting,"Assets/ThirdParty/Sonniss/Selected/SurvivalCrafting/2017/Double Trouble Audio - Metal Res-36ebbc/MR - Large Metal Air Drum C, Dark Resonance, Creaking, Metal [192 kHz].wav",64071178,23d8e1894bce071e3f7986f19564edb385c1c40db7bc6354bdb6d730a30f50ee,all variations retained from a selected game-fit pack,
2017,Sonniss.com - GDC 2017 - Game Audio Bundle Part 3of9.zip,Double Trouble Audio - Metal Resonances,"Sonniss.com - GDC 2017 - Game Audio Bundle Part 3of9/Double Trouble Audio - Metal Resonances/MR - Medium Long Metal Square B, Bright Harsh Squeaking, Tonal Feedback, Ringing [96 kHz].wav","survival_crafting,ui_feedback",SurvivalCrafting,"Assets/ThirdParty/Sonniss/Selected/SurvivalCrafting/2017/Double Trouble Audio - Metal Res-36ebbc/MR - Medium Long Metal Square B, Bright Harsh Squeaking, Tonal Feedback, Ringing [96 kHz].wav",8552440,ab04d14887cd378d2ec6ef3cd28b92bfbbb94ddd06814269ff871131a39f5533,all variations retained from a selected game-fit pack,
2017,Sonniss.com - GDC 2017 - Game Audio Bundle Part 3of9.zip,Double Trouble Audio - Metal Resonances,"Sonniss.com - GDC 2017 - Game Audio Bundle Part 3of9/Double Trouble Audio - Metal Resonances/MR - Metal Shelf D, Bright Tonal Creak, Harsh, Friction, Crackling [96 kHz].wav",survival_crafting,SurvivalCrafting,"Assets/ThirdParty/Sonniss/Selected/SurvivalCrafting/2017/Double Trouble Audio - Metal Res-36ebbc/MR - Metal Shelf D, Bright Tonal Creak, Harsh, Friction, Crackling [96 kHz].wav",27187918,34106f9ea1d6042d867b9ea1b8b67f631d16346818f3177376be900cc0df15b9,all variations retained from a selected game-fit pack,
2017,Sonniss.com - GDC 2017 - Game Audio Bundle Part 3of9.zip,Double Trouble Audio - Metal Resonances,"Sonniss.com - GDC 2017 - Game Audio Bundle Part 3of9/Double Trouble Audio - Metal Resonances/MR - Small Metal Box, Bright Creaking, Tonal, Dragging [96 kHz].wav",survival_crafting,SurvivalCrafting,"Assets/ThirdParty/Sonniss/Selected/SurvivalCrafting/2017/Double Trouble Audio - Metal Res-36ebbc/MR - Small Metal Box, Bright Creaking, Tonal, Dragging [96 kHz].wav",4539784,8a93295c8fa41d4597395dd4c8d0aac40ab9809f82c5183fce3bd3f0de802303,all variations retained from a selected game-fit pack,
2017,Sonniss.com - GDC 2017 - Game Audio Bundle Part 3of9.zip,Double Trouble Audio - Rain and Thunder,Sonniss.com - GDC 2017 - Game Audio Bundle Part 3of9/Double Trouble Audio - Rain and Thunder/RATH - Rain Hard Loop 08.wav,world_ambience,World,Assets/ThirdParty/Sonniss/Selected/World/2017/Double Trouble Audio - Rain and-621577/RATH - Rain Hard Loop 08.wav,11379188,83acca2c1bed28f97d23ee95bd0bb112bfa1f98e7f8464069ed16c7d04bf545e,all variations retained from a selected game-fit pack,
2017,Sonniss.com - GDC 2017 - Game Audio Bundle Part 3of9.zip,Double Trouble Audio - Rain and Thunder,Sonniss.com - GDC 2017 - Game Audio Bundle Part 3of9/Double Trouble Audio - Rain and Thunder/RATH - Rain and Distant Thunder Loop 01.wav,world_ambience,World,Assets/ThirdParty/Sonniss/Selected/World/2017/Double Trouble Audio - Rain and-621577/RATH - Rain and Distant Thunder Loop 01.wav,25359992,3f953e41f08614b4f6d9a9eb8d565a3f8fecf9ae68969506d68426c54db23837,all variations retained from a selected game-fit pack,
2017,Sonniss.com - GDC 2017 - Game Audio Bundle Part 3of9.zip,Double Trouble Audio - Rain and Thunder,Sonniss.com - GDC 2017 - Game Audio Bundle Part 3of9/Double Trouble Audio - Rain and Thunder/RATH - Rain on Plastic Outside Loop.wav,world_ambience,World,Assets/ThirdParty/Sonniss/Selected/World/2017/Double Trouble Audio - Rain and-621577/RATH - Rain on Plastic Outside Loop.wav,15099710,09215ed515ebf00d1520fcb28a2d5754b76d7e09bddf27c06bf44d41f4705dbd,all variations retained from a selected game-fit pack,
2017,Sonniss.com - GDC 2017 - Game Audio Bundle Part 3of9.zip,Double Trouble Audio - Rain and Thunder,"Sonniss.com - GDC 2017 - Game Audio Bundle Part 3of9/Double Trouble Audio - Rain and Thunder/RATH - Rain, Distant Thunder and Bird Loop.wav","creatures_wildlife,world_ambience",Creatures,"Assets/ThirdParty/Sonniss/Selected/Creatures/2017/Double Trouble Audio - Rain and-621577/RATH - Rain, Distant Thunder and Bird Loop.wav",37360682,c2730c59d306dba8387e20ca4b0e4ea579fbe7d1145c81289c1c1510050a55d5,all variations retained from a selected game-fit pack,
2017,Sonniss.com - GDC 2017 - Game Audio Bundle Part 3of9.zip,Double Trouble Audio - Tools and Wood,Sonniss.com - GDC 2017 - Game Audio Bundle Part 3of9/Double Trouble Audio - Tools and Wood/Old Lock Fiddling.wav,survival_crafting,SurvivalCrafting,Assets/ThirdParty/Sonniss/Selected/SurvivalCrafting/2017/Double Trouble Audio - Tools and-631147/Old Lock Fiddling.wav,564688,beb15c57c4c3796ccebe7f9f339ae0e83300fb48c2d7f0e7bff02c4f5e0f0fa4,all variations retained from a selected game-fit pack,
2017,Sonniss.com - GDC 2017 - Game Audio Bundle Part 3of9.zip,Double Trouble Audio - Tools and Wood,Sonniss.com - GDC 2017 - Game Audio Bundle Part 3of9/Double Trouble Audio - Tools and Wood/Sawblade Drop.wav,"combat,survival_crafting",Combat,Assets/ThirdParty/Sonniss/Selected/Combat/2017/Double Trouble Audio - Tools and-631147/Sawblade Drop.wav,541696,d7c48cd25ebaf651494582db9ccab8a1be24aa739db4dbc0266cd052075a57d4,all variations retained from a selected game-fit pack,
2017,Sonniss.com - GDC 2017 - Game Audio Bundle Part 3of9.zip,Double Trouble Audio - Tools and Wood,"Sonniss.com - GDC 2017 - Game Audio Bundle Part 3of9/Double Trouble Audio - Tools and Wood/Small Wood Pile, Smash.wav",survival_crafting,SurvivalCrafting,"Assets/ThirdParty/Sonniss/Selected/SurvivalCrafting/2017/Double Trouble Audio - Tools and-631147/Small Wood Pile, Smash.wav",753496,7c19b64080b8ab2db63463eef2a42de5968b8089ee320fd64c8078ec4ceb9efa,all variations retained from a selected game-fit pack,
2017,Sonniss.com - GDC 2017 - Game Audio Bundle Part 3of9.zip,Double Trouble Audio - Tools and Wood,Sonniss.com - GDC 2017 - Game Audio Bundle Part 3of9/Double Trouble Audio - Tools and Wood/Wooden Tearing 09.wav,survival_crafting,SurvivalCrafting,Assets/ThirdParty/Sonniss/Selected/SurvivalCrafting/2017/Double Trouble Audio - Tools and-631147/Wooden Tearing 09.wav,356536,681cc0eb68728cb4b8afe17be4cf13918c78764d55759ad46f5440f4d8e82fb9,all variations retained from a selected game-fit pack,
2017,Sonniss.com - GDC 2017 - Game Audio Bundle Part 3of9.zip,Double Trouble Audio - Wood Impacts and Debris,"Sonniss.com - GDC 2017 - Game Audio Bundle Part 3of9/Double Trouble Audio - Wood Impacts and Debris/Drop Soft - Single Plank, Drop 02.wav","combat,survival_crafting",Combat,"Assets/ThirdParty/Sonniss/Selected/Combat/2017/Double Trouble Audio - Wood Impa-d4e568/Drop Soft - Single Plank, Drop 02.wav",316354,bd5e0ecd0a0795bc2f0d262d74c307df47badb3964a08c6922820f1f869f2770,all variations retained from a selected game-fit pack,
2017,Sonniss.com - GDC 2017 - Game Audio Bundle Part 3of9.zip,Double Trouble Audio - Wood Impacts and Debris,Sonniss.com - GDC 2017 - Game Audio Bundle Part 3of9/Double Trouble Audio - Wood Impacts and Debris/Impacts Hard - Short Wobbly Tail 01.wav,"combat,survival_crafting",Combat,Assets/ThirdParty/Sonniss/Selected/Combat/2017/Double Trouble Audio - Wood Impa-d4e568/Impacts Hard - Short Wobbly Tail 01.wav,362692,5213783d0628f1d9359e7b6e5e528c1e3ea3938904ab6edef38dedb3bfbb88bb,all variations retained from a selected game-fit pack,
2017,Sonniss.com - GDC 2017 - Game Audio Bundle Part 3of9.zip,Double Trouble Audio - Wood Impacts and Debris,"Sonniss.com - GDC 2017 - Game Audio Bundle Part 3of9/Double Trouble Audio - Wood Impacts and Debris/Impacts Soft - Short, Crack.wav","combat,survival_crafting",Combat,"Assets/ThirdParty/Sonniss/Selected/Combat/2017/Double Trouble Audio - Wood Impa-d4e568/Impacts Soft - Short, Crack.wav",262690,895b9ac54bcd99660d9ba691b2da43614dc2fc61ccd916adc0d89f9b8e5a0f73,all variations retained from a selected game-fit pack,
2017,Sonniss.com - GDC 2017 - Game Audio Bundle Part 3of9.zip,Double Trouble Audio - Wood Impacts and Debris,"Sonniss.com - GDC 2017 - Game Audio Bundle Part 3of9/Double Trouble Audio - Wood Impacts and Debris/Rustles - Pile, Debris 22.wav","combat,survival_crafting",Combat,"Assets/ThirdParty/Sonniss/Selected/Combat/2017/Double Trouble Audio - Wood Impa-d4e568/Rustles - Pile, Debris 22.wav",380314,a94061d20e34f290e98ad298b9aaae1e6caa8441ec8dae0c0c7a9738e3d164aa,all variations retained from a selected game-fit pack,
2017,Sonniss.com - GDC 2017 - Game Audio Bundle Part 3of9.zip,Eneas Mentzel - DARK DEEPSEA DRONES,Sonniss.com - GDC 2017 - Game Audio Bundle Part 3of9/Eneas Mentzel - DARK DEEPSEA DRONES/1 Into the Deep.wav,world_ambience,World,Assets/ThirdParty/Sonniss/Selected/World/2017/Eneas Mentzel - DARK DEEPSEA DRO-f1c144/1 Into the Deep.wav,315390804,7ed3b0dee82394e5cfbf5b51c68d6973776932a7d599b5a9155c603b00003edd,all variations retained from a selected game-fit pack,
2017,Sonniss.com - GDC 2017 - Game Audio Bundle Part 3of9.zip,Eneas Mentzel - DARK DEEPSEA DRONES,Sonniss.com - GDC 2017 - Game Audio Bundle Part 3of9/Eneas Mentzel - DARK DEEPSEA DRONES/6 Lost in the Abyss.wav,world_ambience,World,Assets/ThirdParty/Sonniss/Selected/World/2017/Eneas Mentzel - DARK DEEPSEA DRO-f1c144/6 Lost in the Abyss.wav,573190958,521164e329a34e5e8c427881d101661050ef4a7471260608014ea5bcbf7290ef,all variations retained from a selected game-fit pack,
2017,Sonniss.com - GDC 2017 - Game Audio Bundle Part 4of9.zip,Gamemaster Audio -  Fun Character Voices,Sonniss.com - GDC 2017 - Game Audio Bundle Part 4of9/Gamemaster Audio -  Fun Character Voices/voice_fun_man_character_deep_laugh_11.wav,world_ambience,World,Assets/ThirdParty/Sonniss/Selected/World/2017/Gamemaster Audio - Fun Character-d2fe08/voice_fun_man_character_deep_laugh_11.wav,666392,bc8171ef11d620863b09f3dcca228757f528415ec3c9d1fa091e6ee95e91a0e5,all variations retained from a selected game-fit pack,
2017,Sonniss.com - GDC 2017 - Game Audio Bundle Part 4of9.zip,Gamemaster Audio -  Fun Character Voices,Sonniss.com - GDC 2017 - Game Audio Bundle Part 4of9/Gamemaster Audio -  Fun Character Voices/voice_fun_small_character_emote_interested_09.wav,world_ambience,World,Assets/ThirdParty/Sonniss/Selected/World/2017/Gamemaster Audio - Fun Character-d2fe08/voice_fun_small_character_emote_interested_09.wav,506894,42c5a8f4df61ed407d91a592fed1c9b3746eefa614be622172431447f9588acc,all variations retained from a selected game-fit pack,
2017,Sonniss.com - GDC 2017 - Game Audio Bundle Part 4of9.zip,Gamemaster Audio -  Fun Character Voices,Sonniss.com - GDC 2017 - Game Audio Bundle Part 4of9/Gamemaster Audio -  Fun Character Voices/voice_fun_small_character_emote_sad_02.wav,world_ambience,World,Assets/ThirdParty/Sonniss/Selected/World/2017/Gamemaster Audio - Fun Character-d2fe08/voice_fun_small_character_emote_sad_02.wav,504620,105a8fb61a1a1c3e8e3a4c254daaf647c18b1af914f192b55a60d8f418205651,all variations retained from a selected game-fit pack,
2017,Sonniss.com - GDC 2017 - Game Audio Bundle Part 4of9.zip,Gamemaster Audio - Troll Monster Vocalizations,Sonniss.com - GDC 2017 - Game Audio Bundle Part 4of9/Gamemaster Audio - Troll Monster Vocalizations/troll_monster_death_01.wav,"creatures_wildlife,survival_crafting",Creatures,Assets/ThirdParty/Sonniss/Selected/Creatures/2017/Gamemaster Audio - Troll Monster-5df5c4/troll_monster_death_01.wav,1829390,006ecff64903151dc1859185612b70335999f10daa9400abbdd441051fcf0895,all variations retained from a selected game-fit pack,
2017,Sonniss.com - GDC 2017 - Game Audio Bundle Part 4of9.zip,Gamemaster Audio - Troll Monster Vocalizations,Sonniss.com - GDC 2017 - Game Audio Bundle Part 4of9/Gamemaster Audio - Troll Monster Vocalizations/troll_monster_growl_long_05.wav,creatures_wildlife,Creatures,Assets/ThirdParty/Sonniss/Selected/Creatures/2017/Gamemaster Audio - Troll Monster-5df5c4/troll_monster_growl_long_05.wav,2361644,917a95969b4e939be23d8c6733291a6323f7d0de7086614e3622507369aace4d,all variations retained from a selected game-fit pack,
2017,Sonniss.com - GDC 2017 - Game Audio Bundle Part 4of9.zip,Gamemaster Audio - Troll Monster Vocalizations,Sonniss.com - GDC 2017 - Game Audio Bundle Part 4of9/Gamemaster Audio - Troll Monster Vocalizations/troll_monster_hurt_pain_01.wav,creatures_wildlife,Creatures,Assets/ThirdParty/Sonniss/Selected/Creatures/2017/Gamemaster Audio - Troll Monster-5df5c4/troll_monster_hurt_pain_01.wav,611270,8507176b5063ea9587250e5daf4a40147eb349cac2e550525fe846e7a46106e1,all variations retained from a selected game-fit pack,
2017,Sonniss.com - GDC 2017 - Game Audio Bundle Part 4of9.zip,Gamemaster Audio - Troll Monster Vocalizations,Sonniss.com - GDC 2017 - Game Audio Bundle Part 4of9/Gamemaster Audio - Troll Monster Vocalizations/troll_monster_taunt_03.wav,creatures_wildlife,Creatures,Assets/ThirdParty/Sonniss/Selected/Creatures/2017/Gamemaster Audio - Troll Monster-5df5c4/troll_monster_taunt_03.wav,2937644,a9e12c2e1efb180a8d8a16ee29943302719136fa2435eb296804b30467718579,all variations retained from a selected game-fit pack,
2017,Sonniss.com - GDC 2017 - Game Audio Bundle Part 4of9.zip,Glitchedtones - Whooshes & Transitions,Sonniss.com - GDC 2017 - Game Audio Bundle Part 4of9/Glitchedtones - Whooshes & Transitions/Whoosh Transition 049.wav,combat,Combat,Assets/ThirdParty/Sonniss/Selected/Combat/2017/Glitchedtones - Whooshes & Trans-cbde6f/Whoosh Transition 049.wav,1030860,fa3f6d20e23ca8e365c7958767d88f77f173642e22dc18419121143bacf64146,all variations retained from a selected game-fit pack,
2017,Sonniss.com - GDC 2017 - Game Audio Bundle Part 4of9.zip,Glitchedtones - Whooshes & Transitions,Sonniss.com - GDC 2017 - Game Audio Bundle Part 4of9/Glitchedtones - Whooshes & Transitions/Whoosh Transition 066.wav,combat,Combat,Assets/ThirdParty/Sonniss/Selected/Combat/2017/Glitchedtones - Whooshes & Trans-cbde6f/Whoosh Transition 066.wav,2450028,0c4d95490c33539627cb51f958501eb8eb6a0c1fd41dd945765286693c3c2f01,all variations retained from a selected game-fit pack,
2017,Sonniss.com - GDC 2017 - Game Audio Bundle Part 4of9.zip,Glitchedtones - Whooshes & Transitions,Sonniss.com - GDC 2017 - Game Audio Bundle Part 4of9/Glitchedtones - Whooshes & Transitions/Whoosh Transition Doppler FX 002.wav,combat,Combat,Assets/ThirdParty/Sonniss/Selected/Combat/2017/Glitchedtones - Whooshes & Trans-cbde6f/Whoosh Transition Doppler FX 002.wav,2307766,9fd1bfd965b2a3cd38349183d2488e78faad4fb2cc26b523cc6a70bb7f27bdcf,all variations retained from a selected game-fit pack,
2017,Sonniss.com - GDC 2017 - Game Audio Bundle Part 4of9.zip,Glitchedtones - Whooshes & Transitions,Sonniss.com - GDC 2017 - Game Audio Bundle Part 4of9/Glitchedtones - Whooshes & Transitions/Whoosh Transition Doppler FX 017.wav,combat,Combat,Assets/ThirdParty/Sonniss/Selected/Combat/2017/Glitchedtones - Whooshes & Trans-cbde6f/Whoosh Transition Doppler FX 017.wav,3462064,cc6aece11cc14d9af7d7a2b0ec75435d77eac5f95abe9f4dffb9bc890c64e50b,all variations retained from a selected game-fit pack,
2017,Sonniss.com - GDC 2017 - Game Audio Bundle Part 4of9.zip,Hzandbits - Wind In Trees,"Sonniss.com - GDC 2017 - Game Audio Bundle Part 4of9/Hzandbits - Wind In Trees/Wind,Ext,Breeze,Grass,Tall,Rustle,Buffeting.wav","survival_crafting,world_ambience",World,"Assets/ThirdParty/Sonniss/Selected/World/2017/Hzandbits - Wind In Trees-f30f1b/Wind,Ext,Breeze,Grass,Tall,Rustle,Buffeting.wav",63833686,bb3b549fb31d53fabb84b7517574a5a6c33c6217c071a3419816f4069328e715,all variations retained from a selected game-fit pack,
2017,Sonniss.com - GDC 2017 - Game Audio Bundle Part 4of9.zip,Hzandbits - Wind In Trees,"Sonniss.com - GDC 2017 - Game Audio Bundle Part 4of9/Hzandbits - Wind In Trees/Wind,Ext,Breeze,Reeds,Rustle,Howl,Whip,Whistle.wav","creatures_wildlife,survival_crafting,world_ambience",World,"Assets/ThirdParty/Sonniss/Selected/World/2017/Hzandbits - Wind In Trees-f30f1b/Wind,Ext,Breeze,Reeds,Rustle,Howl,Whip,Whistle.wav",120755266,96cf4d24eeb1e0afc354d9eea2cfba96a77fdf283c378aa397b056e124784681,all variations retained from a selected game-fit pack,
2017,Sonniss.com - GDC 2017 - Game Audio Bundle Part 4of9.zip,Hzandbits - Wind In Trees,"Sonniss.com - GDC 2017 - Game Audio Bundle Part 4of9/Hzandbits - Wind In Trees/Wind,Ext,Breeze,Treeline,Whoosh,Noise,Constant.wav","combat,survival_crafting,world_ambience",Combat,"Assets/ThirdParty/Sonniss/Selected/Combat/2017/Hzandbits - Wind In Trees-f30f1b/Wind,Ext,Breeze,Treeline,Whoosh,Noise,Constant.wav",86447434,635bf6724182de1f886749195f9414d5884418ff606e89456b341b1875cf38b4,all variations retained from a selected game-fit pack,
2017,Sonniss.com - GDC 2017 - Game Audio Bundle Part 4of9.zip,Hzandbits - Wind In Trees,"Sonniss.com - GDC 2017 - Game Audio Bundle Part 4of9/Hzandbits - Wind In Trees/Wind,Ext,Gust,Grasslands,Rustle,Buffeting.wav","survival_crafting,world_ambience",World,"Assets/ThirdParty/Sonniss/Selected/World/2017/Hzandbits - Wind In Trees-f30f1b/Wind,Ext,Gust,Grasslands,Rustle,Buffeting.wav",126493792,56cb0d7d53a3fb45ffa2053075f80683f3440d785b97873169cf642383bb677f,all variations retained from a selected game-fit pack,
2017,Sonniss.com - GDC 2017 - Game Audio Bundle Part 5of9.zip,Joshua Reinhardt - Ultimate Cloth and Prop Collection,Sonniss.com - GDC 2017 - Game Audio Bundle Part 5of9/Joshua Reinhardt - Ultimate Cloth and Prop Collection/PR ARMY GEAR ROOM_WALK_C414.wav,"survival_crafting,movement_foley",SurvivalCrafting,Assets/ThirdParty/Sonniss/Selected/SurvivalCrafting/2017/Joshua Reinhardt - Ultimate Clot-eb03b1/PR ARMY GEAR ROOM_WALK_C414.wav,4663700,3954dff36780732dbc44895aadc8e382b0ea75fb5cf89e214af0c461ddc42496,all variations retained from a selected game-fit pack,
2017,Sonniss.com - GDC 2017 - Game Audio Bundle Part 5of9.zip,Joshua Reinhardt - Ultimate Cloth and Prop Collection,Sonniss.com - GDC 2017 - Game Audio Bundle Part 5of9/Joshua Reinhardt - Ultimate Cloth and Prop Collection/PR CHAINS_SCRAPE 4_416.L.wav,"survival_crafting,movement_foley",SurvivalCrafting,Assets/ThirdParty/Sonniss/Selected/SurvivalCrafting/2017/Joshua Reinhardt - Ultimate Clot-eb03b1/PR CHAINS_SCRAPE 4_416.L.wav,4211524,a5077b86d0e573ad63c6d3d44147f4bbf18e53d390044efed54753bf24eef480,all variations retained from a selected game-fit pack,
2017,Sonniss.com - GDC 2017 - Game Audio Bundle Part 5of9.zip,Joshua Reinhardt - Ultimate Cloth and Prop Collection,Sonniss.com - GDC 2017 - Game Audio Bundle Part 5of9/Joshua Reinhardt - Ultimate Cloth and Prop Collection/PR LEATHER BACKPACK_JOG_416.L.wav,"survival_crafting,movement_foley",SurvivalCrafting,Assets/ThirdParty/Sonniss/Selected/SurvivalCrafting/2017/Joshua Reinhardt - Ultimate Clot-eb03b1/PR LEATHER BACKPACK_JOG_416.L.wav,2988298,0ccb01a5d42099d20cc33b649be01a1ba5ec94bf3070b2d2a231b11c0dddc8a2,all variations retained from a selected game-fit pack,
2017,Sonniss.com - GDC 2017 - Game Audio Bundle Part 5of9.zip,Joshua Reinhardt - Ultimate Cloth and Prop Collection,Sonniss.com - GDC 2017 - Game Audio Bundle Part 5of9/Joshua Reinhardt - Ultimate Cloth and Prop Collection/PR PURSE LEATHER_SCRAPE 2_416.L.wav,"survival_crafting,movement_foley",SurvivalCrafting,Assets/ThirdParty/Sonniss/Selected/SurvivalCrafting/2017/Joshua Reinhardt - Ultimate Clot-eb03b1/PR PURSE LEATHER_SCRAPE 2_416.L.wav,4561646,231d932ebda72efc857f0427578355808ff19615cca98e6aa60f74d260f65e65,all variations retained from a selected game-fit pack,
2017,Sonniss.com - GDC 2017 - Game Audio Bundle Part 5of9.zip,Kevin Durr - Essential Water Sounds Vol. 2,Sonniss.com - GDC 2017 - Game Audio Bundle Part 5of9/Kevin Durr - Essential Water Sounds Vol. 2/Lake 3.wav,world_ambience,World,Assets/ThirdParty/Sonniss/Selected/World/2017/Kevin Durr - Essential Water Sou-0ef399/Lake 3.wav,136608066,93261a8ecf2f14749f96793c7453ee0a88529ed0ffb796dcc5dcf074c5cd2040,all variations retained from a selected game-fit pack,
2017,Sonniss.com - GDC 2017 - Game Audio Bundle Part 5of9.zip,Kevin Durr - Essential Water Sounds Vol. 2,Sonniss.com - GDC 2017 - Game Audio Bundle Part 5of9/Kevin Durr - Essential Water Sounds Vol. 2/Water Tunnel 2.wav,world_ambience,World,Assets/ThirdParty/Sonniss/Selected/World/2017/Kevin Durr - Essential Water Sou-0ef399/Water Tunnel 2.wav,16752060,1abf7608351660660489d095835b2529ff918b834da280bd1e86efc54a82322f,all variations retained from a selected game-fit pack,
2017,Sonniss.com - GDC 2017 - Game Audio Bundle Part 5of9.zip,Kevin Durr - Essential Water Sounds Vol. 2,Sonniss.com - GDC 2017 - Game Audio Bundle Part 5of9/Kevin Durr - Essential Water Sounds Vol. 2/hydrophone_river 2.wav.wav,world_ambience,World,Assets/ThirdParty/Sonniss/Selected/World/2017/Kevin Durr - Essential Water Sou-0ef399/hydrophone_river 2.wav.wav,178636240,1786ba27cb17d535ddd11adbdfa1689c60ba4188508fcb1e65da6bb3c1333156,all variations retained from a selected game-fit pack,
2017,Sonniss.com - GDC 2017 - Game Audio Bundle Part 5of9.zip,Kevin Durr - Essential Water Sounds Vol. 2,Sonniss.com - GDC 2017 - Game Audio Bundle Part 5of9/Kevin Durr - Essential Water Sounds Vol. 2/stream 4.wav,world_ambience,World,Assets/ThirdParty/Sonniss/Selected/World/2017/Kevin Durr - Essential Water Sou-0ef399/stream 4.wav,139104044,aa58d80b23c2c6c3d17a3d6b70e6215b454f2595d75451d1f955181b808941e3,all variations retained from a selected game-fit pack,
2017,Sonniss.com - GDC 2017 - Game Audio Bundle Part 5of9.zip,MatiasMacSD - CREATURES ZONE,Sonniss.com - GDC 2017 - Game Audio Bundle Part 5of9/MatiasMacSD - CREATURES ZONE/Creature_Alien_Death_01.wav,"creatures_wildlife,survival_crafting",Creatures,Assets/ThirdParty/Sonniss/Selected/Creatures/2017/MatiasMacSD - CREATURES ZONE-8ab684/Creature_Alien_Death_01.wav,764890,35d81033310daf8bb3d960510f18793618f5061e120a8df953784e0e4717d83f,all variations retained from a selected game-fit pack,
2017,Sonniss.com - GDC 2017 - Game Audio Bundle Part 5of9.zip,MatiasMacSD - CREATURES ZONE,Sonniss.com - GDC 2017 - Game Audio Bundle Part 5of9/MatiasMacSD - CREATURES ZONE/Creature_Dragon_Roar_01.wav,"creatures_wildlife,survival_crafting",Creatures,Assets/ThirdParty/Sonniss/Selected/Creatures/2017/MatiasMacSD - CREATURES ZONE-8ab684/Creature_Dragon_Roar_01.wav,1020662,563dfc1594d9f226dd2eefefd35f843e38eddaf4424d373c2ca4a5a38313bd66,all variations retained from a selected game-fit pack,
2017,Sonniss.com - GDC 2017 - Game Audio Bundle Part 5of9.zip,MatiasMacSD - CREATURES ZONE,Sonniss.com - GDC 2017 - Game Audio Bundle Part 5of9/MatiasMacSD - CREATURES ZONE/Creature_Monster_Attack_09.wav,"creatures_wildlife,survival_crafting",Creatures,Assets/ThirdParty/Sonniss/Selected/Creatures/2017/MatiasMacSD - CREATURES ZONE-8ab684/Creature_Monster_Attack_09.wav,534952,108cd42b5b26ea82f5c6b7f50c6f7e8ca3e1e98db406d930f3341f411381aa7c,all variations retained from a selected game-fit pack,
2017,Sonniss.com - GDC 2017 - Game Audio Bundle Part 5of9.zip,MatiasMacSD - CREATURES ZONE,Sonniss.com - GDC 2017 - Game Audio Bundle Part 5of9/MatiasMacSD - CREATURES ZONE/Creature_Monster_Pain_01.wav,"creatures_wildlife,survival_crafting",Creatures,Assets/ThirdParty/Sonniss/Selected/Creatures/2017/MatiasMacSD - CREATURES ZONE-8ab684/Creature_Monster_Pain_01.wav,367478,9cbcc67e943b55c9a388911594880dc5bb173257350f04e816117cad19ac982f,all variations retained from a selected game-fit pack,
2017,Sonniss.com - GDC 2017 - Game Audio Bundle Part 5of9.zip,Mattia Cellotto - Glacier Ice,"Sonniss.com - GDC 2017 - Game Audio Bundle Part 5of9/Mattia Cellotto - Glacier Ice/Ice,Block,Crack,Distant,Medium_03.wav","survival_crafting,world_ambience",SurvivalCrafting,"Assets/ThirdParty/Sonniss/Selected/SurvivalCrafting/2017/Mattia Cellotto - Glacier Ice-e96a56/Ice,Block,Crack,Distant,Medium_03.wav",5382840,debc6440e8446d8bee003fb71ac70a605cfb6058acda528f9307378195559761,all variations retained from a selected game-fit pack,
2017,Sonniss.com - GDC 2017 - Game Audio Bundle Part 5of9.zip,Mattia Cellotto - Glacier Ice,"Sonniss.com - GDC 2017 - Game Audio Bundle Part 5of9/Mattia Cellotto - Glacier Ice/Ice,Impact,Large,Slide_18.wav","combat,world_ambience",Combat,"Assets/ThirdParty/Sonniss/Selected/Combat/2017/Mattia Cellotto - Glacier Ice-e96a56/Ice,Impact,Large,Slide_18.wav",9378562,6ae4fc2330d1ae9b55929c65c5a9f9616908c17b39c48d4550eaeebd672fd9eb,all variations retained from a selected game-fit pack,
2017,Sonniss.com - GDC 2017 - Game Audio Bundle Part 5of9.zip,Mattia Cellotto - Glacier Ice,"Sonniss.com - GDC 2017 - Game Audio Bundle Part 5of9/Mattia Cellotto - Glacier Ice/Ice,Impact,Medium,Slide_04.wav","combat,world_ambience",Combat,"Assets/ThirdParty/Sonniss/Selected/Combat/2017/Mattia Cellotto - Glacier Ice-e96a56/Ice,Impact,Medium,Slide_04.wav",3988920,059d45a794b9b269c32ae1505b6f87a6868684b9486b9a335cc7a32fe4a306ea,all variations retained from a selected game-fit pack,
2017,Sonniss.com - GDC 2017 - Game Audio Bundle Part 5of9.zip,Mattia Cellotto - Glacier Ice,"Sonniss.com - GDC 2017 - Game Audio Bundle Part 5of9/Mattia Cellotto - Glacier Ice/Iceberg,Designed,Impact,Crack,Shatter,Huge_08.wav","combat,world_ambience",Combat,"Assets/ThirdParty/Sonniss/Selected/Combat/2017/Mattia Cellotto - Glacier Ice-e96a56/Iceberg,Designed,Impact,Crack,Shatter,Huge_08.wav",11013880,18ecd92ccf35d6729a1352f9387492a88fa9c91c825a816b97d7d9c3c4c43fee,all variations retained from a selected game-fit pack,
2017,Sonniss.com - GDC 2017 - Game Audio Bundle Part 5of9.zip,Mattia Cellotto - Water Volumes,"Sonniss.com - GDC 2017 - Game Audio Bundle Part 5of9/Mattia Cellotto - Water Volumes/Acid,Drop,Harsh,Sizzle,Burn,Melt,Corrosion_03.wav",world_ambience,World,"Assets/ThirdParty/Sonniss/Selected/World/2017/Mattia Cellotto - Water Volumes-635bc7/Acid,Drop,Harsh,Sizzle,Burn,Melt,Corrosion_03.wav",9659896,3080375e0af962ed392f5c0beaa548618d2480e594ce5cd35600f361f624713e,all variations retained from a selected game-fit pack,
2017,Sonniss.com - GDC 2017 - Game Audio Bundle Part 5of9.zip,Mattia Cellotto - Water Volumes,"Sonniss.com - GDC 2017 - Game Audio Bundle Part 5of9/Mattia Cellotto - Water Volumes/Dry,Ice,Bubbling,Medium,Intensity,Liquid,Loop_01.wav","world_ambience,ui_feedback",UI,"Assets/ThirdParty/Sonniss/Selected/UI/2017/Mattia Cellotto - Water Volumes-635bc7/Dry,Ice,Bubbling,Medium,Intensity,Liquid,Loop_01.wav",38249606,e55366827bc08997d3bda1aa85dba6b635ed700cca02fdb0c88bc9a87f4a5ed3,all variations retained from a selected game-fit pack,
2017,Sonniss.com - GDC 2017 - Game Audio Bundle Part 5of9.zip,Mattia Cellotto - Water Volumes,"Sonniss.com - GDC 2017 - Game Audio Bundle Part 5of9/Mattia Cellotto - Water Volumes/Water,Inlet,Wash,Bubbling,Between,Rocks,Liquid,Bubbles,Loop_01.wav","survival_crafting,world_ambience,ui_feedback",UI,"Assets/ThirdParty/Sonniss/Selected/UI/2017/Mattia Cellotto - Water Volumes-635bc7/Water,Inlet,Wash,Bubbling,Between,Rocks,Liquid,Bubbles,Loop_01.wav",111061012,43e8ffcd09d974014a85d7eb7a0407888febe5c11a6ad174fb9db66df0e66f41,all variations retained from a selected game-fit pack,
2017,Sonniss.com - GDC 2017 - Game Audio Bundle Part 5of9.zip,Mindful Audio - Elements - Ice,Sonniss.com - GDC 2017 - Game Audio Bundle Part 5of9/Mindful Audio - Elements - Ice/ice blocks movement dragging 01.wav,"survival_crafting,world_ambience,movement_foley",Movement,Assets/ThirdParty/Sonniss/Selected/Movement/2017/Mindful Audio - Elements - Ice-8e14ba/ice blocks movement dragging 01.wav,5768996,234721e709331d6cf630b86b05ef5fa8f0a4e94e8de57626ee1b994f5229cd93,all variations retained from a selected game-fit pack,
2017,Sonniss.com - GDC 2017 - Game Audio Bundle Part 5of9.zip,Mindful Audio - Elements - Ice,Sonniss.com - GDC 2017 - Game Audio Bundle Part 5of9/Mindful Audio - Elements - Ice/thick ice hits impacts debris bright 03.wav,"combat,survival_crafting,world_ambience",Combat,Assets/ThirdParty/Sonniss/Selected/Combat/2017/Mindful Audio - Elements - Ice-8e14ba/thick ice hits impacts debris bright 03.wav,2571952,c427cbc6b47f38754d60768f8f692338064613e8374429637a72faf3cbc27526,all variations retained from a selected game-fit pack,
2017,Sonniss.com - GDC 2017 - Game Audio Bundle Part 5of9.zip,Mindful Audio - Elements - Ice,Sonniss.com - GDC 2017 - Game Audio Bundle Part 5of9/Mindful Audio - Elements - Ice/thin ice cracks crunchy 06.wav,world_ambience,World,Assets/ThirdParty/Sonniss/Selected/World/2017/Mindful Audio - Elements - Ice-8e14ba/thin ice cracks crunchy 06.wav,9333272,66723886151855a24b4ec0d8932a7382f56d87ced8400a26b24b07a920c59da8,all variations retained from a selected game-fit pack,
2017,Sonniss.com - GDC 2017 - Game Audio Bundle Part 5of9.zip,Mindful Audio - Elements - Ice,Sonniss.com - GDC 2017 - Game Audio Bundle Part 5of9/Mindful Audio - Elements - Ice/thin ice creaks.wav,world_ambience,World,Assets/ThirdParty/Sonniss/Selected/World/2017/Mindful Audio - Elements - Ice-8e14ba/thin ice creaks.wav,1699936,dc4d8a037c8d52766d745c5352fe8f21783873bc0d46dc7ae113fea62b7a2546,all variations retained from a selected game-fit pack,
2017,Sonniss.com - GDC 2017 - Game Audio Bundle Part 5of9.zip,Mindful Audio - Metal Atmosphere,Sonniss.com - GDC 2017 - Game Audio Bundle Part 5of9/Mindful Audio - Metal Atmosphere/MAFX005 wire fence contact mic wind 19.WAV,"survival_crafting,world_ambience",SurvivalCrafting,Assets/ThirdParty/Sonniss/Selected/SurvivalCrafting/2017/Mindful Audio - Metal Atmosphere-6b865f/MAFX005 wire fence contact mic wind 19.WAV,85627936,6c1a4e0e2d0abe51df32988e7e672b7b259594bcb3bc22bf2e441da7fa89adad,all variations retained from a selected game-fit pack,
2017,Sonniss.com - GDC 2017 - Game Audio Bundle Part 5of9.zip,Mindful Audio - Metal Atmosphere,Sonniss.com - GDC 2017 - Game Audio Bundle Part 5of9/Mindful Audio - Metal Atmosphere/MAFX005 wire fence contact mic wind 23.WAV,"survival_crafting,world_ambience",SurvivalCrafting,Assets/ThirdParty/Sonniss/Selected/SurvivalCrafting/2017/Mindful Audio - Metal Atmosphere-6b865f/MAFX005 wire fence contact mic wind 23.WAV,76105598,9fd3e529bef3a7aa6ee05db71b0f654f062bb3af8de4755de1c6fd7b2f1516b7,all variations retained from a selected game-fit pack,
2017,Sonniss.com - GDC 2017 - Game Audio Bundle Part 6of9.zip,RedSonic - Crickets and Frogs,Sonniss.com - GDC 2017 - Game Audio Bundle Part 6of9/RedSonic - Crickets and Frogs/amb_crickets_multiple_south_france_01.wav,"creatures_wildlife,world_ambience",Creatures,Assets/ThirdParty/Sonniss/Selected/Creatures/2017/RedSonic - Crickets and Frogs-79157f/amb_crickets_multiple_south_france_01.wav,41425492,435d9f622d057a12407e60bbc0e59c3fce0dff8fe06b94eadaeedaeb25aad14b,all variations retained from a selected game-fit pack,
2017,Sonniss.com - GDC 2017 - Game Audio Bundle Part 6of9.zip,RedSonic - Crickets and Frogs,Sonniss.com - GDC 2017 - Game Audio Bundle Part 6of9/RedSonic - Crickets and Frogs/amb_crickets_multiple_south_france_04.wav,"creatures_wildlife,world_ambience",Creatures,Assets/ThirdParty/Sonniss/Selected/Creatures/2017/RedSonic - Crickets and Frogs-79157f/amb_crickets_multiple_south_france_04.wav,31947040,7fd5c7643d771a9aee6b49202be8a6806a2cf6e789c3231896e656d9aaf715f9,all variations retained from a selected game-fit pack,
2017,Sonniss.com - GDC 2017 - Game Audio Bundle Part 6of9.zip,RedSonic - Frying Water,Sonniss.com - GDC 2017 - Game Audio Bundle Part 6of9/RedSonic - Frying Water/water_dropped_on_electric_stove_02.wav,world_ambience,World,Assets/ThirdParty/Sonniss/Selected/World/2017/RedSonic - Frying Water-1db4e8/water_dropped_on_electric_stove_02.wav,7121202,5bdc409c5b4a227fb20e1a704c2d02b4c2a61c6fc25373d54b1b9c41dd6a15c7,all variations retained from a selected game-fit pack,
2017,Sonniss.com - GDC 2017 - Game Audio Bundle Part 6of9.zip,RedSonic - Frying Water,Sonniss.com - GDC 2017 - Game Audio Bundle Part 6of9/RedSonic - Frying Water/water_in_frying_pan_05.wav,world_ambience,World,Assets/ThirdParty/Sonniss/Selected/World/2017/RedSonic - Frying Water-1db4e8/water_in_frying_pan_05.wav,2376900,de528b4e7bcdfc81eca3079f37f0d2549834e0c6870b9d6eef556c07f23716f4,all variations retained from a selected game-fit pack,
2017,Sonniss.com - GDC 2017 - Game Audio Bundle Part 7of9.zip,RedSonic - Water on Rocks,Sonniss.com - GDC 2017 - Game Audio Bundle Part 7of9/RedSonic - Water on Rocks/water_lapping_sea_waves_sandy_beach_03.wav,"survival_crafting,world_ambience",SurvivalCrafting,Assets/ThirdParty/Sonniss/Selected/SurvivalCrafting/2017/RedSonic - Water on Rocks-026ea0/water_lapping_sea_waves_sandy_beach_03.wav,10888192,a8797422a759aacf67db6078ba4545c5c92c8cdf184a687cc857fca614d59724,all variations retained from a selected game-fit pack,
2017,Sonniss.com - GDC 2017 - Game Audio Bundle Part 7of9.zip,RedSonic - Water on Rocks,Sonniss.com - GDC 2017 - Game Audio Bundle Part 7of9/RedSonic - Water on Rocks/water_lapping_sea_waves_sandy_beach_5_meters_01.wav,"survival_crafting,world_ambience",SurvivalCrafting,Assets/ThirdParty/Sonniss/Selected/SurvivalCrafting/2017/RedSonic - Water on Rocks-026ea0/water_lapping_sea_waves_sandy_beach_5_meters_01.wav,29728522,e9c93af3d0369504a4b7f17adfb9948c5e7baea075277cc3f5cafd8d7c3cef8c,all variations retained from a selected game-fit pack,
2017,Sonniss.com - GDC 2017 - Game Audio Bundle Part 7of9.zip,Resonance Sound Design - ASSORTED FOLEY ELEMENTS,Sonniss.com - GDC 2017 - Game Audio Bundle Part 7of9/Resonance Sound Design - ASSORTED FOLEY ELEMENTS/BATHROOM_CHUNKY_VOMIT_INTO_TOILET.WAV,movement_foley,Movement,Assets/ThirdParty/Sonniss/Selected/Movement/2017/Resonance Sound Design - ASSORTE-9ce3d0/BATHROOM_CHUNKY_VOMIT_INTO_TOILET.WAV,17795840,6a8334d798dc9e8162cc601a7210e560006612462d4738e19c108e1aae747578,all variations retained from a selected game-fit pack,
2017,Sonniss.com - GDC 2017 - Game Audio Bundle Part 7of9.zip,Resonance Sound Design - ASSORTED FOLEY ELEMENTS,Sonniss.com - GDC 2017 - Game Audio Bundle Part 7of9/Resonance Sound Design - ASSORTED FOLEY ELEMENTS/DOORS_MISC_CUPBOARD_OPEN_AND_CLOSE_CREAK_2.wav,"creatures_wildlife,survival_crafting,movement_foley",Movement,Assets/ThirdParty/Sonniss/Selected/Movement/2017/Resonance Sound Design - ASSORTE-9ce3d0/DOORS_MISC_CUPBOARD_OPEN_AND_CLOSE_CREAK_2.wav,1160262,399ed56a6413699519c2551034d27389cc2dcc6154edee6c06cf88ba124b6cf1,all variations retained from a selected game-fit pack,
2017,Sonniss.com - GDC 2017 - Game Audio Bundle Part 7of9.zip,Resonance Sound Design - ASSORTED FOLEY ELEMENTS,Sonniss.com - GDC 2017 - Game Audio Bundle Part 7of9/Resonance Sound Design - ASSORTED FOLEY ELEMENTS/DOORS_WOOD_GATE_OPEN_2.wav,"survival_crafting,movement_foley",Movement,Assets/ThirdParty/Sonniss/Selected/Movement/2017/Resonance Sound Design - ASSORTE-9ce3d0/DOORS_WOOD_GATE_OPEN_2.wav,1129746,de92f21df0850d2dc80246680f777521aa21d6fcf6ecaad47c5a533200b5413c,all variations retained from a selected game-fit pack,
2017,Sonniss.com - GDC 2017 - Game Audio Bundle Part 7of9.zip,Resonance Sound Design - ASSORTED FOLEY ELEMENTS,Sonniss.com - GDC 2017 - Game Audio Bundle Part 7of9/Resonance Sound Design - ASSORTED FOLEY ELEMENTS/METAL_RATTLING_1.wav,"survival_crafting,movement_foley",Movement,Assets/ThirdParty/Sonniss/Selected/Movement/2017/Resonance Sound Design - ASSORTE-9ce3d0/METAL_RATTLING_1.wav,8505822,50f34db1e0bbc2bdf3003c6b3be20648dc857faca32eb6359fa3997b50de27e7,all variations retained from a selected game-fit pack,
2017,Sonniss.com - GDC 2017 - Game Audio Bundle Part 7of9.zip,Robin Barstow - Winds of Dovrefjell,"Sonniss.com - GDC 2017 - Game Audio Bundle Part 7of9/Robin Barstow - Winds of Dovrefjell/Wind, Gusty Behind Rock Bird.wav","creatures_wildlife,survival_crafting,world_ambience",Creatures,"Assets/ThirdParty/Sonniss/Selected/Creatures/2017/Robin Barstow - Winds of Dovrefj-1e788c/Wind, Gusty Behind Rock Bird.wav",85586584,0fb66093dd0d00e64080dc21328f99c7487ec1c240479716f5307d1bd6c255dd,all variations retained from a selected game-fit pack,
2017,Sonniss.com - GDC 2017 - Game Audio Bundle Part 8of9.zip,SoundBits - Just Impacts - Extension II,Sonniss.com - GDC 2017 - Game Audio Bundle Part 8of9/SoundBits - Just Impacts - Extension II/Metal_Hit_Crash_090.wav,"combat,survival_crafting",Combat,Assets/ThirdParty/Sonniss/Selected/Combat/2017/SoundBits - Just Impacts - Exten-9ca9cf/Metal_Hit_Crash_090.wav,2310328,281cbb7ddb5068d9a5562346fda166debb8e1a7246521576155de78887e1f3db,all variations retained from a selected game-fit pack,
2017,Sonniss.com - GDC 2017 - Game Audio Bundle Part 8of9.zip,SoundBits - Just Impacts - Extension II,Sonniss.com - GDC 2017 - Game Audio Bundle Part 8of9/SoundBits - Just Impacts - Extension II/Metal_Hit_Crash_199.wav,"combat,survival_crafting",Combat,Assets/ThirdParty/Sonniss/Selected/Combat/2017/SoundBits - Just Impacts - Exten-9ca9cf/Metal_Hit_Crash_199.wav,1993582,0f75cd56f5078fcd9c70a2cb62e59a51141a6fe8819196ca1ae42edbb1d1af00,all variations retained from a selected game-fit pack,
2017,Sonniss.com - GDC 2017 - Game Audio Bundle Part 8of9.zip,SoundBits - Just Impacts - Extension II,Sonniss.com - GDC 2017 - Game Audio Bundle Part 8of9/SoundBits - Just Impacts - Extension II/Metal_Jolt_Rattle_Scrape_52.wav,"combat,survival_crafting",Combat,Assets/ThirdParty/Sonniss/Selected/Combat/2017/SoundBits - Just Impacts - Exten-9ca9cf/Metal_Jolt_Rattle_Scrape_52.wav,949960,0807072a16d4890c7ddb2d33e5ed8161409dcf5e9e304fa94494a31f93218141,all variations retained from a selected game-fit pack,
2017,Sonniss.com - GDC 2017 - Game Audio Bundle Part 8of9.zip,SoundBits - Just Impacts - Extension II,Sonniss.com - GDC 2017 - Game Audio Bundle Part 8of9/SoundBits - Just Impacts - Extension II/Misc_Hits_118.wav,combat,Combat,Assets/ThirdParty/Sonniss/Selected/Combat/2017/SoundBits - Just Impacts - Exten-9ca9cf/Misc_Hits_118.wav,905990,c05215b301958238c62a8a7a3f1ca0374928e095ef564c5bf3979760033d3d4d,all variations retained from a selected game-fit pack,
2017,Sonniss.com - GDC 2017 - Game Audio Bundle Part 8of9.zip,SoundBits - The Blacksmith,Sonniss.com - GDC 2017 - Game Audio Bundle Part 8of9/SoundBits - The Blacksmith/Metal_Chain_Hit_10.wav,"combat,survival_crafting",Combat,Assets/ThirdParty/Sonniss/Selected/Combat/2017/SoundBits - The Blacksmith-37e122/Metal_Chain_Hit_10.wav,2788052,193099ac71e1d13f37523d94ea8013a244fe5f9c7155c058099ae75a5975ee9b,all variations retained from a selected game-fit pack,
2017,Sonniss.com - GDC 2017 - Game Audio Bundle Part 8of9.zip,SoundBits - The Blacksmith,Sonniss.com - GDC 2017 - Game Audio Bundle Part 8of9/SoundBits - The Blacksmith/Metal_Plate_Hit_02_06.wav,"combat,survival_crafting",Combat,Assets/ThirdParty/Sonniss/Selected/Combat/2017/SoundBits - The Blacksmith-37e122/Metal_Plate_Hit_02_06.wav,2883102,b143a627193322d19376a40dd7abad73a89fbd8e1f36a9a28555980c8939ce00,all variations retained from a selected game-fit pack,
2017,Sonniss.com - GDC 2017 - Game Audio Bundle Part 8of9.zip,SoundBits - The Blacksmith,Sonniss.com - GDC 2017 - Game Audio Bundle Part 8of9/SoundBits - The Blacksmith/Smoldering_Metal_In_Water_Bucket_08.wav,"survival_crafting,world_ambience",SurvivalCrafting,Assets/ThirdParty/Sonniss/Selected/SurvivalCrafting/2017/SoundBits - The Blacksmith-37e122/Smoldering_Metal_In_Water_Bucket_08.wav,8067018,fb5098dc77ba6c7ac6cd1741c4628c8d34a76db2756ed575000919dec334c041,all variations retained from a selected game-fit pack,
2017,Sonniss.com - GDC 2017 - Game Audio Bundle Part 8of9.zip,SoundBits - The Blacksmith,Sonniss.com - GDC 2017 - Game Audio Bundle Part 8of9/SoundBits - The Blacksmith/Various_Metal_Handling_24.wav,survival_crafting,SurvivalCrafting,Assets/ThirdParty/Sonniss/Selected/SurvivalCrafting/2017/SoundBits - The Blacksmith-37e122/Various_Metal_Handling_24.wav,6195088,0658a0678ef53706f52fdeae62cb665be9d65981e76db1976f4396407570d27c,all variations retained from a selected game-fit pack,
2017,Sonniss.com - GDC 2017 - Game Audio Bundle Part 8of9.zip,SoundBits - Whooshes & Impacts 2,Sonniss.com - GDC 2017 - Game Audio Bundle Part 8of9/SoundBits - Whooshes & Impacts 2/Impacts_063.wav,combat,Combat,Assets/ThirdParty/Sonniss/Selected/Combat/2017/SoundBits - Whooshes & Impacts 2-55cbc4/Impacts_063.wav,3524448,b3d3e3ce479e6d18d2d2dea516a7304b2c097182cca0600f8ff0ff208ec1ccf4,all variations retained from a selected game-fit pack,
2017,Sonniss.com - GDC 2017 - Game Audio Bundle Part 8of9.zip,SoundBits - Whooshes & Impacts 2,Sonniss.com - GDC 2017 - Game Audio Bundle Part 8of9/SoundBits - Whooshes & Impacts 2/Impacts_082.wav,combat,Combat,Assets/ThirdParty/Sonniss/Selected/Combat/2017/SoundBits - Whooshes & Impacts 2-55cbc4/Impacts_082.wav,3199568,586e06cd5327346f4c0de71b9ebd7384d14aa4f90cc24e9df2803b2848040615,all variations retained from a selected game-fit pack,
2017,Sonniss.com - GDC 2017 - Game Audio Bundle Part 8of9.zip,SoundBits - Whooshes & Impacts 2,Sonniss.com - GDC 2017 - Game Audio Bundle Part 8of9/SoundBits - Whooshes & Impacts 2/Whooshes_059.wav,combat,Combat,Assets/ThirdParty/Sonniss/Selected/Combat/2017/SoundBits - Whooshes & Impacts 2-55cbc4/Whooshes_059.wav,9661574,877668af7187947b247998bedc841961c8505afbfce3f9444c2ba9c980177e02,all variations retained from a selected game-fit pack,
2017,Sonniss.com - GDC 2017 - Game Audio Bundle Part 8of9.zip,SoundBits - Whooshes & Impacts 2,Sonniss.com - GDC 2017 - Game Audio Bundle Part 8of9/SoundBits - Whooshes & Impacts 2/Whooshes_135.wav,combat,Combat,Assets/ThirdParty/Sonniss/Selected/Combat/2017/SoundBits - Whooshes & Impacts 2-55cbc4/Whooshes_135.wav,5351212,9d8b135603262f32545e221d51d0aadafa4f223a40d32bf91e658420abe36f7d,all variations retained from a selected game-fit pack,
2017,Sonniss.com - GDC 2017 - Game Audio Bundle Part 8of9.zip,SoundHolder -  Metal Contact,Sonniss.com - GDC 2017 - Game Audio Bundle Part 8of9/SoundHolder -  Metal Contact/contact baking sheet moving metal tools shakes mono.wav,survival_crafting,SurvivalCrafting,Assets/ThirdParty/Sonniss/Selected/SurvivalCrafting/2017/SoundHolder - Metal Contact-e69b73/contact baking sheet moving metal tools shakes mono.wav,20185128,8f4596001aef3ddd2c2d55cf28d0e8d4dc09231904427be501eddbea3a071011,all variations retained from a selected game-fit pack,
2017,Sonniss.com - GDC 2017 - Game Audio Bundle Part 8of9.zip,SoundHolder -  Metal Contact,Sonniss.com - GDC 2017 - Game Audio Bundle Part 8of9/SoundHolder -  Metal Contact/contact cast iron lid scraped with blender resonate and muted mono.wav,survival_crafting,SurvivalCrafting,Assets/ThirdParty/Sonniss/Selected/SurvivalCrafting/2017/SoundHolder - Metal Contact-e69b73/contact cast iron lid scraped with blender resonate and muted mono.wav,32003884,a579c1a957ce32571988d3769afe216f6957c16c5cb2f54a39b5f359b233fc93,all variations retained from a selected game-fit pack,
2017,Sonniss.com - GDC 2017 - Game Audio Bundle Part 8of9.zip,SoundHolder -  Metal Contact,Sonniss.com - GDC 2017 - Game Audio Bundle Part 8of9/SoundHolder -  Metal Contact/contact small metal box lid scrapes with metal muted mono.wav,survival_crafting,SurvivalCrafting,Assets/ThirdParty/Sonniss/Selected/SurvivalCrafting/2017/SoundHolder - Metal Contact-e69b73/contact small metal box lid scrapes with metal muted mono.wav,27567744,d573861d6cbf03f816c0faa4800a806f7365ee03a6693449001932afd845fa99,all variations retained from a selected game-fit pack,
2017,Sonniss.com - GDC 2017 - Game Audio Bundle Part 8of9.zip,SoundHolder -  Metal Contact,Sonniss.com - GDC 2017 - Game Audio Bundle Part 8of9/SoundHolder -  Metal Contact/contact small metal box lid subtle hits with finger resonate mono.wav,"combat,survival_crafting",Combat,Assets/ThirdParty/Sonniss/Selected/Combat/2017/SoundHolder - Metal Contact-e69b73/contact small metal box lid subtle hits with finger resonate mono.wav,6254056,6a6e486efe48a7d916b34bfb73e8b26937a1bfc78375b1c5e9a3356c6d03bbf0,all variations retained from a selected game-fit pack,
2017,Sonniss.com - GDC 2017 - Game Audio Bundle Part 8of9.zip,SoundHolder -  Water Flow,Sonniss.com - GDC 2017 - Game Audio Bundle Part 8of9/SoundHolder -  Water Flow/water dam white noise and bass rumble closer perspective stereoM10.wav,"combat,world_ambience",Combat,Assets/ThirdParty/Sonniss/Selected/Combat/2017/SoundHolder - Water Flow-869b84/water dam white noise and bass rumble closer perspective stereoM10.wav,39680930,54b229df6e58396e24d64eed266e347cc068ad7c523c509608f926f629a644fa,all variations retained from a selected game-fit pack,
2017,Sonniss.com - GDC 2017 - Game Audio Bundle Part 8of9.zip,SoundHolder -  Water Flow,Sonniss.com - GDC 2017 - Game Audio Bundle Part 8of9/SoundHolder -  Water Flow/water river Guber small stream detailed close perspective stereoXY.wav,world_ambience,World,Assets/ThirdParty/Sonniss/Selected/World/2017/SoundHolder - Water Flow-869b84/water river Guber small stream detailed close perspective stereoXY.wav,30850454,d4f0bc810a5d977d94e7b106c9fb6ad1b105e6e67491bcf19cf9989aaf5fc217,all variations retained from a selected game-fit pack,
2017,Sonniss.com - GDC 2017 - Game Audio Bundle Part 8of9.zip,SoundHolder -  Water Flow,Sonniss.com - GDC 2017 - Game Audio Bundle Part 8of9/SoundHolder -  Water Flow/water river Lyna medium flow close perspective and birds stereoORTF.wav,"creatures_wildlife,world_ambience",Creatures,Assets/ThirdParty/Sonniss/Selected/Creatures/2017/SoundHolder - Water Flow-869b84/water river Lyna medium flow close perspective and birds stereoORTF.wav,52854200,42dcb468395cfd7cf63ef0ad81a20fefb73c545797f0fa238ef936768245277f,all variations retained from a selected game-fit pack,
2017,Sonniss.com - GDC 2017 - Game Audio Bundle Part 8of9.zip,SoundHolder -  Water Flow,Sonniss.com - GDC 2017 - Game Audio Bundle Part 8of9/SoundHolder -  Water Flow/water underground sewage duct water running medium distance mono.wav,"world_ambience,movement_foley",Movement,Assets/ThirdParty/Sonniss/Selected/Movement/2017/SoundHolder - Water Flow-869b84/water underground sewage duct water running medium distance mono.wav,10078128,a49fd46222b8a8f716b1869de3d6d59d534f41248c670bf6ebdd8d26ebefee08,all variations retained from a selected game-fit pack,
2017,Sonniss.com - GDC 2017 - Game Audio Bundle Part 8of9.zip,Soundopolis - Heavy Metal!,Sonniss.com - GDC 2017 - Game Audio Bundle Part 8of9/Soundopolis - Heavy Metal!/Chain Movement_On Metal_Variety_Fienup_001.wav,"survival_crafting,movement_foley",Movement,Assets/ThirdParty/Sonniss/Selected/Movement/2017/Soundopolis - Heavy Metal!-1abe14/Chain Movement_On Metal_Variety_Fienup_001.wav,10146390,c95d6aed56b08686fd2fcba883178228a04f149f9052bccc54a10affe7c95c63,all variations retained from a selected game-fit pack,
2017,Sonniss.com - GDC 2017 - Game Audio Bundle Part 8of9.zip,Soundopolis - Heavy Metal!,Sonniss.com - GDC 2017 - Game Audio Bundle Part 8of9/Soundopolis - Heavy Metal!/Metal Bang_Collins Axe + Chains_MK4_Fienup_002.wav,survival_crafting,SurvivalCrafting,Assets/ThirdParty/Sonniss/Selected/SurvivalCrafting/2017/Soundopolis - Heavy Metal!-1abe14/Metal Bang_Collins Axe + Chains_MK4_Fienup_002.wav,8603482,44be38e06be3e5ef86138493986e80b0cc81b50571644d6cf96a1146128da8fa,all variations retained from a selected game-fit pack,
2017,Sonniss.com - GDC 2017 - Game Audio Bundle Part 8of9.zip,Soundopolis - Heavy Metal!,Sonniss.com - GDC 2017 - Game Audio Bundle Part 8of9/Soundopolis - Heavy Metal!/Metal Scrape Squeak_Long_NT4_Fienup_003.wav,survival_crafting,SurvivalCrafting,Assets/ThirdParty/Sonniss/Selected/SurvivalCrafting/2017/Soundopolis - Heavy Metal!-1abe14/Metal Scrape Squeak_Long_NT4_Fienup_003.wav,18531090,90f9412f768fcc641300ee35c2807bb5375e7fbd757d21e62eb22bb6383a0a29,all variations retained from a selected game-fit pack,
2017,Sonniss.com - GDC 2017 - Game Audio Bundle Part 8of9.zip,Soundopolis - Heavy Metal!,Sonniss.com - GDC 2017 - Game Audio Bundle Part 8of9/Soundopolis - Heavy Metal!/Metal Scrape_Medium_Harsh_NT4_Fienup_002.wav,survival_crafting,SurvivalCrafting,Assets/ThirdParty/Sonniss/Selected/SurvivalCrafting/2017/Soundopolis - Heavy Metal!-1abe14/Metal Scrape_Medium_Harsh_NT4_Fienup_002.wav,11454212,968a11f33bba7335c799f9e66155c58c3a4c7407ac56b8d68d853e25c89e58c9,all variations retained from a selected game-fit pack,
2017,Sonniss.com - GDC 2017 - Game Audio Bundle Part 8of9.zip,Tovusound - Edward – Foleyart Collection Add-On Extended Footsteps,Sonniss.com - GDC 2017 - Game Audio Bundle Part 8of9/Tovusound - Edward – Foleyart Collection Add-On Extended Footsteps/015_Foley_Footsteps_Asphalt_Boot_Walk_Fast_Run_Jog_Close.wav,movement_foley,Movement,Assets/ThirdParty/Sonniss/Selected/Movement/2017/Tovusound - Edward – Foleyart Co-d2064c/015_Foley_Footsteps_Asphalt_Boot_Walk_Fast_Run_Jog_Close.wav,7048630,a4e71651caf6514681e00dd855688c2eee75384fc93be5433dfda5c8e7230d6e,all variations retained from a selected game-fit pack,
2017,Sonniss.com - GDC 2017 - Game Audio Bundle Part 8of9.zip,Tovusound - Edward – Foleyart Collection Add-On Extended Footsteps,Sonniss.com - GDC 2017 - Game Audio Bundle Part 8of9/Tovusound - Edward – Foleyart Collection Add-On Extended Footsteps/169_Foley_Footsteps_Grass_Sneaker_Walk_Fast_Run_Jog_Close.wav,"world_ambience,movement_foley",Movement,Assets/ThirdParty/Sonniss/Selected/Movement/2017/Tovusound - Edward – Foleyart Co-d2064c/169_Foley_Footsteps_Grass_Sneaker_Walk_Fast_Run_Jog_Close.wav,7531584,122a30f286df4ecd9997092d7c427aaf702886f2327261412954108ba83b50fc,all variations retained from a selected game-fit pack,
2017,Sonniss.com - GDC 2017 - Game Audio Bundle Part 8of9.zip,Tovusound - Edward – Foleyart Collection Add-On Extended Footsteps,Sonniss.com - GDC 2017 - Game Audio Bundle Part 8of9/Tovusound - Edward – Foleyart Collection Add-On Extended Footsteps/237_Foley_Footsteps_Metal_Boot_Walk_Normal_Close.wav,"survival_crafting,movement_foley",Movement,Assets/ThirdParty/Sonniss/Selected/Movement/2017/Tovusound - Edward – Foleyart Co-d2064c/237_Foley_Footsteps_Metal_Boot_Walk_Normal_Close.wav,16556478,89fd66f77e4aa079b2ce0207fdcd39bd4dd91d332bfc54799f4433f7cd88694f,all variations retained from a selected game-fit pack,
2017,Sonniss.com - GDC 2017 - Game Audio Bundle Part 8of9.zip,Tovusound - Edward – Foleyart Collection Add-On Extended Footsteps,Sonniss.com - GDC 2017 - Game Audio Bundle Part 8of9/Tovusound - Edward – Foleyart Collection Add-On Extended Footsteps/289_Foley_Footsteps_Rocks_Sneaker_Jump_Land_On_Two_Feet_Close.wav,"survival_crafting,movement_foley",Movement,Assets/ThirdParty/Sonniss/Selected/Movement/2017/Tovusound - Edward – Foleyart Co-d2064c/289_Foley_Footsteps_Rocks_Sneaker_Jump_Land_On_Two_Feet_Close.wav,3244786,dc1f563a26f1089f576914ed7d83d2c5124701ab985561ab414d9d8d84068f9a,all variations retained from a selected game-fit pack,
2017,Sonniss.com - GDC 2017 - Game Audio Bundle Part 9of9.zip,West Wolf - Nature Sounds,Sonniss.com - GDC 2017 - Game Audio Bundle Part 9of9/West Wolf - Nature Sounds/NS01_002_Nature ambience with seaguls.wav,"creatures_wildlife,world_ambience",Creatures,Assets/ThirdParty/Sonniss/Selected/Creatures/2017/West Wolf - Nature Sounds-a5eef4/NS01_002_Nature ambience with seaguls.wav,69119488,b3b56d28d4be9ffcc50afeb727cfe6b8ef06c675a297dd1841a99b30c55f72fb,all variations retained from a selected game-fit pack,
2017,Sonniss.com - GDC 2017 - Game Audio Bundle Part 9of9.zip,West Wolf - Nature Sounds,Sonniss.com - GDC 2017 - Game Audio Bundle Part 9of9/West Wolf - Nature Sounds/NS01_007_Forest birds.wav,"creatures_wildlife,world_ambience",Creatures,Assets/ThirdParty/Sonniss/Selected/Creatures/2017/West Wolf - Nature Sounds-a5eef4/NS01_007_Forest birds.wav,56448238,a3ae2be0d3acb489549d1727766f5f9f92a28f64a28933732950860b54583043,all variations retained from a selected game-fit pack,
2017,Sonniss.com - GDC 2017 - Game Audio Bundle Part 9of9.zip,West Wolf - WATER,"Sonniss.com - GDC 2017 - Game Audio Bundle Part 9of9/West Wolf - WATER/W 04 Water_05_Cave, Ambience, Water Drops, River_T05.wav","creatures_wildlife,world_ambience",Creatures,"Assets/ThirdParty/Sonniss/Selected/Creatures/2017/West Wolf - WATER-648d9c/W 04 Water_05_Cave, Ambience, Water Drops, River_T05.wav",12286746,7691f20d33b76a5ee0cb73c9e2e5b90847319e05262db0dfdce8e7baa6b0b4f9,all variations retained from a selected game-fit pack,
2017,Sonniss.com - GDC 2017 - Game Audio Bundle Part 9of9.zip,West Wolf - WATER,"Sonniss.com - GDC 2017 - Game Audio Bundle Part 9of9/West Wolf - WATER/W 04 Water_19_Splashing, Sailing, Ship_T03.wav","creatures_wildlife,world_ambience",Creatures,"Assets/ThirdParty/Sonniss/Selected/Creatures/2017/West Wolf - WATER-648d9c/W 04 Water_19_Splashing, Sailing, Ship_T03.wav",36529728,f28781cc753feb561bf16ab23f77529cdcdd9e64aa6a24130bf8911ac7863c16,all variations retained from a selected game-fit pack,
2017,Sonniss.com - GDC 2017 - Game Audio Bundle Part 9of9.zip,West Wolf - WATER,"Sonniss.com - GDC 2017 - Game Audio Bundle Part 9of9/West Wolf - WATER/W 04 Water_24_Splashing, Sailing, Small, Fishing, Ship_T03.wav","creatures_wildlife,world_ambience",Creatures,"Assets/ThirdParty/Sonniss/Selected/Creatures/2017/West Wolf - WATER-648d9c/W 04 Water_24_Splashing, Sailing, Small, Fishing, Ship_T03.wav",31403226,aec32c1c12cf2d1d774bce66ac3f756d8519f563b1b1d5c3fd7d3c3b1491041b,all variations retained from a selected game-fit pack,
2018,Sonniss.com - GDC 2018 - Game Audio Bundle Part 1of8.zip,Airborne Sound - Eclectic Whooshes,"Sonniss.com - GDC 2018 - Game Audio Bundle Part 1of8/Airborne Sound - Eclectic Whooshes/Whoosh,Sound Design,Blast,Watery,Crash.wav","combat,world_ambience",Combat,"Assets/ThirdParty/Sonniss/Selected/Combat/2018/Airborne Sound - Eclectic Whoosh-da27b8/Whoosh,Sound Design,Blast,Watery,Crash.wav",1224374,a317e19acdd5f54f21cf7aa5559009fc6639b9d0505ebe0d6ac7b1785dd2dc06,all variations retained from a selected game-fit pack,
2018,Sonniss.com - GDC 2018 - Game Audio Bundle Part 1of8.zip,Airborne Sound - Eclectic Whooshes,"Sonniss.com - GDC 2018 - Game Audio Bundle Part 1of8/Airborne Sound - Eclectic Whooshes/Whoosh,Sound Design,Logo,Airy to Shiver,Uncertain,Low.wav",combat,Combat,"Assets/ThirdParty/Sonniss/Selected/Combat/2018/Airborne Sound - Eclectic Whoosh-da27b8/Whoosh,Sound Design,Logo,Airy to Shiver,Uncertain,Low.wav",1973196,e79e8313d248cead4331bd01ac7dd306354895b322556db7f899b607a8000688,all variations retained from a selected game-fit pack,
2018,Sonniss.com - GDC 2018 - Game Audio Bundle Part 1of8.zip,Airborne Sound - Eclectic Whooshes,"Sonniss.com - GDC 2018 - Game Audio Bundle Part 1of8/Airborne Sound - Eclectic Whooshes/Whoosh,Sound Design,Power Down,Groan,Choppy,Very High.wav","combat,survival_crafting",Combat,"Assets/ThirdParty/Sonniss/Selected/Combat/2018/Airborne Sound - Eclectic Whoosh-da27b8/Whoosh,Sound Design,Power Down,Groan,Choppy,Very High.wav",2001592,5890be2e8ea197accacb5238a34280afcafc3b7cbf3cca5546de65d7e72ef6eb,all variations retained from a selected game-fit pack,
2018,Sonniss.com - GDC 2018 - Game Audio Bundle Part 1of8.zip,Airborne Sound - Eclectic Whooshes,"Sonniss.com - GDC 2018 - Game Audio Bundle Part 1of8/Airborne Sound - Eclectic Whooshes/Whoosh,Sound Design,Whip By,Airy to Whine,High.wav",combat,Combat,"Assets/ThirdParty/Sonniss/Selected/Combat/2018/Airborne Sound - Eclectic Whoosh-da27b8/Whoosh,Sound Design,Whip By,Airy to Whine,High.wav",1198078,d3327c878b74ec7d90fdd39c7c78e10602763579cab4bcf376ef2c9e17e28f3a,all variations retained from a selected game-fit pack,
2018,Sonniss.com - GDC 2018 - Game Audio Bundle Part 1of8.zip,Airborne Sound - Interface Accents,"Sonniss.com - GDC 2018 - Game Audio Bundle Part 1of8/Airborne Sound - Interface Accents/Accent,Interface,UI,Alert,Clean,Metallic,Double,Fast.wav","survival_crafting,ui_feedback",UI,"Assets/ThirdParty/Sonniss/Selected/UI/2018/Airborne Sound - Interface Accen-7ef22c/Accent,Interface,UI,Alert,Clean,Metallic,Double,Fast.wav",611294,de6d927fbff4c45a3e65712e3aef618b7d72168c78c3bb0b00a2519b98c578f1,all variations retained from a selected game-fit pack,
2018,Sonniss.com - GDC 2018 - Game Audio Bundle Part 1of8.zip,Airborne Sound - Interface Accents,"Sonniss.com - GDC 2018 - Game Audio Bundle Part 1of8/Airborne Sound - Interface Accents/Accent,Interface,UI,Alert,Resonant,Waver.wav","world_ambience,ui_feedback",UI,"Assets/ThirdParty/Sonniss/Selected/UI/2018/Airborne Sound - Interface Accen-7ef22c/Accent,Interface,UI,Alert,Resonant,Waver.wav",675614,897b3b2a56410108d722b14ce01a8b7a689fb1383106cbeacaa09c6e044c383a,all variations retained from a selected game-fit pack,
2018,Sonniss.com - GDC 2018 - Game Audio Bundle Part 1of8.zip,Airborne Sound - Interface Accents,"Sonniss.com - GDC 2018 - Game Audio Bundle Part 1of8/Airborne Sound - Interface Accents/Accent,Interface,UI,Data,Chatter,Clean,Crystal,Low.wav",ui_feedback,UI,"Assets/ThirdParty/Sonniss/Selected/UI/2018/Airborne Sound - Interface Accen-7ef22c/Accent,Interface,UI,Data,Chatter,Clean,Crystal,Low.wav",673992,ff6ff93b245db421ff973ebf79d27dd09f674a4eb597a0fdc864d7fc4d8ce184,all variations retained from a selected game-fit pack,
2018,Sonniss.com - GDC 2018 - Game Audio Bundle Part 1of8.zip,Airborne Sound - Interface Accents,"Sonniss.com - GDC 2018 - Game Audio Bundle Part 1of8/Airborne Sound - Interface Accents/Accent,Interface,UI,Data,Chatter,Warble,Resonant,Clean,Pumping,Medium Slow.wav",ui_feedback,UI,"Assets/ThirdParty/Sonniss/Selected/UI/2018/Airborne Sound - Interface Accen-7ef22c/Accent,Interface,UI,Data,Chatter,Warble,Resonant,Clean,Pumping,Medium Slow.wav",1162486,2cecb65e4627d5fe38a3eafe13b14c5525aa4648c86103f0c921966e13760e36,all variations retained from a selected game-fit pack,
2018,Sonniss.com - GDC 2018 - Game Audio Bundle Part 1of8.zip,Airborne Sound - Kitchen,"Sonniss.com - GDC 2018 - Game Audio Bundle Part 1of8/Airborne Sound - Kitchen/Bottle,Beer,Empty,Remove,Case,Sloppy.wav",survival_crafting,SurvivalCrafting,"Assets/ThirdParty/Sonniss/Selected/SurvivalCrafting/2018/Airborne Sound - Kitchen-46577e/Bottle,Beer,Empty,Remove,Case,Sloppy.wav",1727294,c17ae82d22cfec3a96740d9f5a3754e5953244cf15d8056d922d050663091e14,all variations retained from a selected game-fit pack,
2018,Sonniss.com - GDC 2018 - Game Audio Bundle Part 1of8.zip,Airborne Sound - Kitchen,"Sonniss.com - GDC 2018 - Game Audio Bundle Part 1of8/Airborne Sound - Kitchen/Coffee Grinder,Prosumer,Baratza,Maestro Plus,On,Run,Medium Grind,Off.wav",survival_crafting,SurvivalCrafting,"Assets/ThirdParty/Sonniss/Selected/SurvivalCrafting/2018/Airborne Sound - Kitchen-46577e/Coffee Grinder,Prosumer,Baratza,Maestro Plus,On,Run,Medium Grind,Off.wav",3272438,8727cafbed0a0b3774d2522e4d2b22e0999ac57edccc207b9c1aeba200a1b0cd,all variations retained from a selected game-fit pack,
2018,Sonniss.com - GDC 2018 - Game Audio Bundle Part 1of8.zip,Airborne Sound - Kitchen,"Sonniss.com - GDC 2018 - Game Audio Bundle Part 1of8/Airborne Sound - Kitchen/Ice Cubes,Glass,Tumbler,Water,Swirl,Rattle.wav","survival_crafting,world_ambience",SurvivalCrafting,"Assets/ThirdParty/Sonniss/Selected/SurvivalCrafting/2018/Airborne Sound - Kitchen-46577e/Ice Cubes,Glass,Tumbler,Water,Swirl,Rattle.wav",3461603,c813976e3c77d08210e663564a99d9505a9b176d379853ab676a5c8bf6f18348,all variations retained from a selected game-fit pack,
2018,Sonniss.com - GDC 2018 - Game Audio Bundle Part 1of8.zip,Airborne Sound - Kitchen,"Sonniss.com - GDC 2018 - Game Audio Bundle Part 1of8/Airborne Sound - Kitchen/Microwave,Panasonic,The Genius,Keypad,Press,Beeps,Various.wav","survival_crafting,world_ambience",SurvivalCrafting,"Assets/ThirdParty/Sonniss/Selected/SurvivalCrafting/2018/Airborne Sound - Kitchen-46577e/Microwave,Panasonic,The Genius,Keypad,Press,Beeps,Various.wav",6746125,e101b087fae6a92d510fa1c247e7f2cef3fbefa675c2a736ebcacac2ed529daf,all variations retained from a selected game-fit pack,
2018,Sonniss.com - GDC 2018 - Game Audio Bundle Part 1of8.zip,Airborne Sound – Light and Dark Drones,"Sonniss.com - GDC 2018 - Game Audio Bundle Part 1of8/Airborne Sound – Light and Dark Drones/Drone,Cyber,Deep,Pulse,Disturbing,Invasive,Loop.wav",,Magic,"Assets/ThirdParty/Sonniss/Selected/Magic/2018/Airborne Sound – Light and Dark-30e048/Drone,Cyber,Deep,Pulse,Disturbing,Invasive,Loop.wav",15018950,1e18d30604ce78747afb3e7c82c3e3acf4b7590552a0e9f420578cc3363559a7,all variations retained from a selected game-fit pack,
2018,Sonniss.com - GDC 2018 - Game Audio Bundle Part 1of8.zip,Airborne Sound – Light and Dark Drones,"Sonniss.com - GDC 2018 - Game Audio Bundle Part 1of8/Airborne Sound – Light and Dark Drones/Drone,Musical,Airy,Breathy,Crackles with Chords,Flow,Solemn,Loop - occasional spacious with distant thunder-like panning crackles.wav","survival_crafting,world_ambience",Magic,"Assets/ThirdParty/Sonniss/Selected/Magic/2018/Airborne Sound – Light and Dark-30e048/Drone,Musical,Airy,Breathy,Crackles with Chords,Flow,Solemn,Loop - occasional spacious with distant thunder-like panning.wav",39447744,a207a11455799998d1261bc82ecc94c2ce6241cd0cdc5aff1bc31e69f0382fc9,all variations retained from a selected game-fit pack,
2018,Sonniss.com - GDC 2018 - Game Audio Bundle Part 1of8.zip,Airborne Sound – Light and Dark Drones,"Sonniss.com - GDC 2018 - Game Audio Bundle Part 1of8/Airborne Sound – Light and Dark Drones/Drone,Musical,Resonant,Swells,Slow,Forceful,Longing with Flutter,Swells,Resonant,Sporadic,Rattle,Loop.wav",,Magic,"Assets/ThirdParty/Sonniss/Selected/Magic/2018/Airborne Sound – Light and Dark-30e048/Drone,Musical,Resonant,Swells,Slow,Forceful,Longing with Flutter,Swells,Resonant,Sporadic,Rattle,Loop.wav",65756856,7ec665be16db88225298f792c9eb1d8fd4af062eb8560c2c62d0eac80ad312e4,all variations retained from a selected game-fit pack,
2018,Sonniss.com - GDC 2018 - Game Audio Bundle Part 1of8.zip,Airborne Sound – Light and Dark Drones,"Sonniss.com - GDC 2018 - Game Audio Bundle Part 1of8/Airborne Sound – Light and Dark Drones/Drone,Resonant,Bed,Solemn,Mystical with Ring,Accents,Prominent,Squeaky or Gong,Loop.wav","magic_supernatural,survival_crafting",Magic,"Assets/ThirdParty/Sonniss/Selected/Magic/2018/Airborne Sound – Light and Dark-30e048/Drone,Resonant,Bed,Solemn,Mystical with Ring,Accents,Prominent,Squeaky or Gong,Loop.wav",35755394,1804530cb873f33c7e260963fb1f1275e699602c0c36f0de7b6e5003a31f833e,all variations retained from a selected game-fit pack,
2018,Sonniss.com - GDC 2018 - Game Audio Bundle Part 1of8.zip,Alexander Fokshtein - Snow Steps,Sonniss.com - GDC 2018 - Game Audio Bundle Part 1of8/Alexander Fokshtein - Snow Steps/Ice Footsteps Hard Packed.wav,"world_ambience,movement_foley",Movement,Assets/ThirdParty/Sonniss/Selected/Movement/2018/Alexander Fokshtein - Snow Steps-2f7106/Ice Footsteps Hard Packed.wav,5009132,9daf5dc9d5d869414bdc34fa6f515d3532e0191290ba53d88eb899ef9665c0f4,all variations retained from a selected game-fit pack,
2018,Sonniss.com - GDC 2018 - Game Audio Bundle Part 1of8.zip,Alexander Fokshtein - Snow Steps,Sonniss.com - GDC 2018 - Game Audio Bundle Part 1of8/Alexander Fokshtein - Snow Steps/Snow Footstep Light Slow.wav,"world_ambience,movement_foley",Movement,Assets/ThirdParty/Sonniss/Selected/Movement/2018/Alexander Fokshtein - Snow Steps-2f7106/Snow Footstep Light Slow.wav,6003734,ecdb5a958b1d46c722e30cad222690b13d0f5d1cc592fda75e5e559426821710,all variations retained from a selected game-fit pack,
2018,Sonniss.com - GDC 2018 - Game Audio Bundle Part 1of8.zip,Alexander Fokshtein - Snow Steps,Sonniss.com - GDC 2018 - Game Audio Bundle Part 1of8/Alexander Fokshtein - Snow Steps/Snow Impact Stomp Hard.wav,"combat,world_ambience,movement_foley",Combat,Assets/ThirdParty/Sonniss/Selected/Combat/2018/Alexander Fokshtein - Snow Steps-2f7106/Snow Impact Stomp Hard.wav,2763696,39ff5ffce268804a9af62136b4e21ccc02da709e7eb18627123c0517f9f84bf6,all variations retained from a selected game-fit pack,
2018,Sonniss.com - GDC 2018 - Game Audio Bundle Part 1of8.zip,Alexander Fokshtein - Snow Steps,Sonniss.com - GDC 2018 - Game Audio Bundle Part 1of8/Alexander Fokshtein - Snow Steps/Snow Slide Medium .wav,"world_ambience,movement_foley",World,Assets/ThirdParty/Sonniss/Selected/World/2018/Alexander Fokshtein - Snow Steps-2f7106/Snow Slide Medium.wav,2593148,9ab49f304a3a8c70b9e472c018a2c2a72f4efe4c14cf561a7520b07eade3a168,all variations retained from a selected game-fit pack,
2018,Sonniss.com - GDC 2018 - Game Audio Bundle Part 1of8.zip,Alexander Kopeikin - The Dry Ice Library,Sonniss.com - GDC 2018 - Game Audio Bundle Part 1of8/Alexander Kopeikin - The Dry Ice Library/dry ice -  coins bouncing on a block of dry ice 003.wav,"survival_crafting,world_ambience",SurvivalCrafting,Assets/ThirdParty/Sonniss/Selected/SurvivalCrafting/2018/Alexander Kopeikin - The Dry Ice-97431f/dry ice - coins bouncing on a block of dry ice 003.wav,18715696,b57176cdff3c2c143e9e5101b3d300475b24648c87a7c6f180403ba826762a97,all variations retained from a selected game-fit pack,
2018,Sonniss.com - GDC 2018 - Game Audio Bundle Part 1of8.zip,Alexander Kopeikin - The Dry Ice Library,Sonniss.com - GDC 2018 - Game Audio Bundle Part 1of8/Alexander Kopeikin - The Dry Ice Library/dry ice shriek - block of dry ice on thin metal plate 002.wav,"survival_crafting,world_ambience",SurvivalCrafting,Assets/ThirdParty/Sonniss/Selected/SurvivalCrafting/2018/Alexander Kopeikin - The Dry Ice-97431f/dry ice shriek - block of dry ice on thin metal plate 002.wav,4101962,3bce2517b69c52d7cdafcd31c371f717eb662bf6106b014ba9cd4b51eb8331ef,all variations retained from a selected game-fit pack,
2018,Sonniss.com - GDC 2018 - Game Audio Bundle Part 1of8.zip,Alexander Kopeikin - The Dry Ice Library,Sonniss.com - GDC 2018 - Game Audio Bundle Part 1of8/Alexander Kopeikin - The Dry Ice Library/dry ice shriek - very hot knife pressed against block of dry ice 003.wav,"survival_crafting,world_ambience",SurvivalCrafting,Assets/ThirdParty/Sonniss/Selected/SurvivalCrafting/2018/Alexander Kopeikin - The Dry Ice-97431f/dry ice shriek - very hot knife pressed against block of dry ice 003.wav,1921600,3a83d3fd8aafeccfbe7fae01b703577eee97fb506eb0f15b3f33ddda06da5bba,all variations retained from a selected game-fit pack,
2018,Sonniss.com - GDC 2018 - Game Audio Bundle Part 1of8.zip,Alexander Kopeikin - The Dry Ice Library,Sonniss.com - GDC 2018 - Game Audio Bundle Part 1of8/Alexander Kopeikin - The Dry Ice Library/dry ice sizzle - serrated hot knife blade pressed against block of dry ice 006.wav,"combat,survival_crafting,world_ambience",Combat,Assets/ThirdParty/Sonniss/Selected/Combat/2018/Alexander Kopeikin - The Dry Ice-97431f/dry ice sizzle - serrated hot knife blade pressed against block of dry ice 006.wav,1647580,e81b679010cfda70e6f845405916eb23b02a65d9f2060f057e80ef1b1589da7e,all variations retained from a selected game-fit pack,
2018,Sonniss.com - GDC 2018 - Game Audio Bundle Part 1of8.zip,Antisample - Rocks and Stones,Sonniss.com - GDC 2018 - Game Audio Bundle Part 1of8/Antisample - Rocks and Stones/Rock_Impact_Slide_Various_Garbage_MONO_09.wav,"combat,survival_crafting",Combat,Assets/ThirdParty/Sonniss/Selected/Combat/2018/Antisample - Rocks and Stones-814a7c/Rock_Impact_Slide_Various_Garbage_MONO_09.wav,433316,f31aa4f9f5abb12f9b62ebe85dcf054cc6a4663fd0efa35c9330370768c49a10,all variations retained from a selected game-fit pack,
2018,Sonniss.com - GDC 2018 - Game Audio Bundle Part 1of8.zip,Antisample - Rocks and Stones,Sonniss.com - GDC 2018 - Game Audio Bundle Part 1of8/Antisample - Rocks and Stones/Rock_Impact_Slide_Wood_Cave_MONO_04.wav,"combat,survival_crafting,world_ambience",Combat,Assets/ThirdParty/Sonniss/Selected/Combat/2018/Antisample - Rocks and Stones-814a7c/Rock_Impact_Slide_Wood_Cave_MONO_04.wav,1009328,7a6f5272bca1ab322c573ea48f3531007bbceddd5de07354f86a62818b2bd1f5,all variations retained from a selected game-fit pack,
2018,Sonniss.com - GDC 2018 - Game Audio Bundle Part 1of8.zip,Antisample - Rocks and Stones,Sonniss.com - GDC 2018 - Game Audio Bundle Part 1of8/Antisample - Rocks and Stones/Rock_Impact_Snowy_Ground_Roll_Foliage_Debris_MONO_72.wav,"combat,survival_crafting,world_ambience",Combat,Assets/ThirdParty/Sonniss/Selected/Combat/2018/Antisample - Rocks and Stones-814a7c/Rock_Impact_Snowy_Ground_Roll_Foliage_Debris_MONO_72.wav,1029032,0c16ba0d7e3e3b99bc2a5e550e2dd8deab223f100c85cde60ef8d619baad9605,all variations retained from a selected game-fit pack,
2018,Sonniss.com - GDC 2018 - Game Audio Bundle Part 1of8.zip,Antisample - Rocks and Stones,Sonniss.com - GDC 2018 - Game Audio Bundle Part 1of8/Antisample - Rocks and Stones/Wood_Impact_Wood_Sawdust_5.wav,"combat,survival_crafting",Combat,Assets/ThirdParty/Sonniss/Selected/Combat/2018/Antisample - Rocks and Stones-814a7c/Wood_Impact_Wood_Sawdust_5.wav,2096822,2dba56ddd7a0af90ad2cd6463dadfddcd2e43a76884a6a770128902acddc87fb,all variations retained from a selected game-fit pack,
2018,Sonniss.com - GDC 2018 - Game Audio Bundle Part 1of8.zip,Articulated Sounds - Essential Kitchen,Sonniss.com - GDC 2018 - Game Audio Bundle Part 1of8/Articulated Sounds - Essential Kitchen/KITCHEN drawer opening closing.wav,survival_crafting,SurvivalCrafting,Assets/ThirdParty/Sonniss/Selected/SurvivalCrafting/2018/Articulated Sounds - Essential K-fb2d82/KITCHEN drawer opening closing.wav,10597866,807119109b344d8a95aa7162d3f6bfb526bd5208645e4642fd022ab4b068a5c1,all variations retained from a selected game-fit pack,
2018,Sonniss.com - GDC 2018 - Game Audio Bundle Part 1of8.zip,Articulated Sounds - Essential Kitchen,Sonniss.com - GDC 2018 - Game Audio Bundle Part 1of8/Articulated Sounds - Essential Kitchen/KITCHEN knife sharpening.wav,survival_crafting,SurvivalCrafting,Assets/ThirdParty/Sonniss/Selected/SurvivalCrafting/2018/Articulated Sounds - Essential K-fb2d82/KITCHEN knife sharpening.wav,4958606,816608703fb29e9a35a4c2337a4306f928ff2706d729f369d0fa45ef377f6797,all variations retained from a selected game-fit pack,
2018,Sonniss.com - GDC 2018 - Game Audio Bundle Part 1of8.zip,Articulated Sounds - Essential Kitchen,Sonniss.com - GDC 2018 - Game Audio Bundle Part 1of8/Articulated Sounds - Essential Kitchen/KITCHEN soda can opening pouring.wav,survival_crafting,SurvivalCrafting,Assets/ThirdParty/Sonniss/Selected/SurvivalCrafting/2018/Articulated Sounds - Essential K-fb2d82/KITCHEN soda can opening pouring.wav,5250314,a154877e71ab06c89793c961b0b0c5c47b96e8f227a035eb910334a7ca2698c3,all variations retained from a selected game-fit pack,
2018,Sonniss.com - GDC 2018 - Game Audio Bundle Part 1of8.zip,Articulated Sounds - Fun Monsters,Sonniss.com - GDC 2018 - Game Audio Bundle Part 1of8/Articulated Sounds - Fun Monsters/FUN MONSTER Cheeky sneaky find object 04.wav,creatures_wildlife,Creatures,Assets/ThirdParty/Sonniss/Selected/Creatures/2018/Articulated Sounds - Fun Monster-3c45e2/FUN MONSTER Cheeky sneaky find object 04.wav,427514,7577ba9eb4f811e7e6fa52447f189df47254fd2a02ea7722da3556e38e8d449e,all variations retained from a selected game-fit pack,
2018,Sonniss.com - GDC 2018 - Game Audio Bundle Part 1of8.zip,Articulated Sounds - Fun Monsters,Sonniss.com - GDC 2018 - Game Audio Bundle Part 1of8/Articulated Sounds - Fun Monsters/FUN MONSTER Jaja silly talk gibberish 10.wav,creatures_wildlife,Creatures,Assets/ThirdParty/Sonniss/Selected/Creatures/2018/Articulated Sounds - Fun Monster-3c45e2/FUN MONSTER Jaja silly talk gibberish 10.wav,1808276,39cd38cdc955772b41478e51591813eb85aead5ccea00463a27572ab9299ccf2,all variations retained from a selected game-fit pack,
2018,Sonniss.com - GDC 2018 - Game Audio Bundle Part 1of8.zip,Articulated Sounds - Fun Monsters,Sonniss.com - GDC 2018 - Game Audio Bundle Part 1of8/Articulated Sounds - Fun Monsters/FUN MONSTER Piggy bestial sad groan 02.wav,creatures_wildlife,Creatures,Assets/ThirdParty/Sonniss/Selected/Creatures/2018/Articulated Sounds - Fun Monster-3c45e2/FUN MONSTER Piggy bestial sad groan 02.wav,3395754,641d6b725b17587e89aeadb5cc104196ea125c098d87574aa85c0dea8da323c0,all variations retained from a selected game-fit pack,
2018,Sonniss.com - GDC 2018 - Game Audio Bundle Part 1of8.zip,Articulated Sounds - Winter Forest Ambience,"Sonniss.com - GDC 2018 - Game Audio Bundle Part 1of8/Articulated Sounds - Winter Forest Ambience/WINTER Forest day raven calls reverberating and other birds chirps with some wind, North Laurentian Woods, Canada_LOOP.LR.wav","creatures_wildlife,survival_crafting,world_ambience",Creatures,"Assets/ThirdParty/Sonniss/Selected/Creatures/2018/Articulated Sounds - Winter Fore-359feb/WINTER Forest day raven calls reverberating and other birds chirps with some wind, North Laurentian Woods, Canada_LO.wav",70089012,2657af5b0c40646afb5a0de23231e5e3f9e5df6b6fd896ffc51df7e743f8bf15,all variations retained from a selected game-fit pack,
2018,Sonniss.com - GDC 2018 - Game Audio Bundle Part 1of8.zip,Articulated Sounds - Winter Forest Ambience,"Sonniss.com - GDC 2018 - Game Audio Bundle Part 1of8/Articulated Sounds - Winter Forest Ambience/WINTER Forest morning crow calls echoing and various birds chirps, North Laurentian Woods, Canada_LOOP.LR.wav","creatures_wildlife,survival_crafting,world_ambience",Creatures,"Assets/ThirdParty/Sonniss/Selected/Creatures/2018/Articulated Sounds - Winter Fore-359feb/WINTER Forest morning crow calls echoing and various birds chirps, North Laurentian Woods, Canada_LOOP.LR.wav",52122970,799976d5b367ef26079fd7caa2e3febc575328998bf859a48247f193c2259996,all variations retained from a selected game-fit pack,
2018,Sonniss.com - GDC 2018 - Game Audio Bundle Part 1of8.zip,Articulated Sounds - Winter Forest Ambience,"Sonniss.com - GDC 2018 - Game Audio Bundle Part 1of8/Articulated Sounds - Winter Forest Ambience/WINTER Forest night dark moon with distant wolves howls, North Laurentian Woods, Canada_LOOP.LR.wav","creatures_wildlife,survival_crafting,world_ambience",SurvivalCrafting,"Assets/ThirdParty/Sonniss/Selected/SurvivalCrafting/2018/Articulated Sounds - Winter Fore-359feb/WINTER Forest night dark moon with distant wolves howls, North Laurentian Woods, Canada_LOOP.LR.wav",60015150,66005f583460e63d05699fc7f955c4f77c845c80d87425be9f2e096468da66d5,all variations retained from a selected game-fit pack,
2018,Sonniss.com - GDC 2018 - Game Audio Bundle Part 1of8.zip,Articulated Sounds - Winter Forest Ambience,"Sonniss.com - GDC 2018 - Game Audio Bundle Part 1of8/Articulated Sounds - Winter Forest Ambience/WINTER Forest windy whistling blizzard snow with raven bird croaking, North Laurentian Woods, Canada_LOOP.LR.wav","creatures_wildlife,survival_crafting,world_ambience",Creatures,"Assets/ThirdParty/Sonniss/Selected/Creatures/2018/Articulated Sounds - Winter Fore-359feb/WINTER Forest windy whistling blizzard snow with raven bird croaking, North Laurentian Woods, Canada_LOOP.LR.wav",124309112,5d9290104a3db373778189d719c52fa8051999be93a09da5f15fb8d05d0619bd,all variations retained from a selected game-fit pack,
2018,Sonniss.com - GDC 2018 - Game Audio Bundle Part 1of8.zip,Articulated Sounds - Yeti Monster,Sonniss.com - GDC 2018 - Game Audio Bundle Part 1of8/Articulated Sounds - Yeti Monster/MONSTER Yeti breathe 05.wav,"creatures_wildlife,survival_crafting",Creatures,Assets/ThirdParty/Sonniss/Selected/Creatures/2018/Articulated Sounds - Yeti Monste-1b3b44/MONSTER Yeti breathe 05.wav,9749186,38cad17bbd899b19d714b70256dc63ced6a914a3cf791c5de05488585a89770e,all variations retained from a selected game-fit pack,
2018,Sonniss.com - GDC 2018 - Game Audio Bundle Part 1of8.zip,Articulated Sounds - Yeti Monster,Sonniss.com - GDC 2018 - Game Audio Bundle Part 1of8/Articulated Sounds - Yeti Monster/MONSTER Yeti groan 21.wav,creatures_wildlife,Creatures,Assets/ThirdParty/Sonniss/Selected/Creatures/2018/Articulated Sounds - Yeti Monste-1b3b44/MONSTER Yeti groan 21.wav,9706162,3f823b6795fa06cd481fe461ebd7b606402a6a8740927d66e225c852fc765ef4,all variations retained from a selected game-fit pack,
2018,Sonniss.com - GDC 2018 - Game Audio Bundle Part 1of8.zip,Articulated Sounds - Yeti Monster,Sonniss.com - GDC 2018 - Game Audio Bundle Part 1of8/Articulated Sounds - Yeti Monster/MONSTER Yeti grumble 02.wav,creatures_wildlife,Creatures,Assets/ThirdParty/Sonniss/Selected/Creatures/2018/Articulated Sounds - Yeti Monste-1b3b44/MONSTER Yeti grumble 02.wav,1827564,e5bf5e2989901ab6e54f0ea6f3373ab71d49f840220ef186c536c25fdd53e10f,all variations retained from a selected game-fit pack,
2018,Sonniss.com - GDC 2018 - Game Audio Bundle Part 1of8.zip,Articulated Sounds - Yeti Monster,Sonniss.com - GDC 2018 - Game Audio Bundle Part 1of8/Articulated Sounds - Yeti Monster/MONSTER Yeti sniff 04.wav,creatures_wildlife,Creatures,Assets/ThirdParty/Sonniss/Selected/Creatures/2018/Articulated Sounds - Yeti Monste-1b3b44/MONSTER Yeti sniff 04.wav,4586708,fa1956f08d6e73f12849589d61585890ba4e448f4dcda5aea4223c6d0d9ec103,all variations retained from a selected game-fit pack,
2018,Sonniss.com - GDC 2018 - Game Audio Bundle Part 1of8.zip,benlustedaudio - Kitchen Cutlery,"Sonniss.com - GDC 2018 - Game Audio Bundle Part 1of8/benlustedaudio - Kitchen Cutlery/Cuttlery,Fumble,Heavy,10.wav",survival_crafting,SurvivalCrafting,"Assets/ThirdParty/Sonniss/Selected/SurvivalCrafting/2018/benlustedaudio - Kitchen Cutlery-48dd11/Cuttlery,Fumble,Heavy,10.wav",131634,bee041ba8cb2b3c6cc4a2049f70ce1ce1126d2a88c766ad3ef202302c0e52593,all variations retained from a selected game-fit pack,
2018,Sonniss.com - GDC 2018 - Game Audio Bundle Part 1of8.zip,benlustedaudio - Kitchen Cutlery,"Sonniss.com - GDC 2018 - Game Audio Bundle Part 1of8/benlustedaudio - Kitchen Cutlery/Cuttlery,Fumble,Heavy,16.wav",survival_crafting,SurvivalCrafting,"Assets/ThirdParty/Sonniss/Selected/SurvivalCrafting/2018/benlustedaudio - Kitchen Cutlery-48dd11/Cuttlery,Fumble,Heavy,16.wav",108474,b9da5aba7b8d536b718e47028e4dea7035e76de5942e286de87021a727e5b4bc,all variations retained from a selected game-fit pack,
2018,Sonniss.com - GDC 2018 - Game Audio Bundle Part 1of8.zip,benlustedaudio - Kitchen Cutlery,"Sonniss.com - GDC 2018 - Game Audio Bundle Part 1of8/benlustedaudio - Kitchen Cutlery/Cuttlery,Fumble,Light,5.wav",survival_crafting,SurvivalCrafting,"Assets/ThirdParty/Sonniss/Selected/SurvivalCrafting/2018/benlustedaudio - Kitchen Cutlery-48dd11/Cuttlery,Fumble,Light,5.wav",221194,73fab63b404be7dab97f26bf073994508326b547f4d65b373f196a417109bb38,all variations retained from a selected game-fit pack,
2018,Sonniss.com - GDC 2018 - Game Audio Bundle Part 1of8.zip,benlustedaudio - Kitchen Cutlery,"Sonniss.com - GDC 2018 - Game Audio Bundle Part 1of8/benlustedaudio - Kitchen Cutlery/Cuttlery,Fumble,Medium,6.wav",survival_crafting,SurvivalCrafting,"Assets/ThirdParty/Sonniss/Selected/SurvivalCrafting/2018/benlustedaudio - Kitchen Cutlery-48dd11/Cuttlery,Fumble,Medium,6.wav",216562,8c2f71bcf7b4170392cbe2d27b1235af17229d05673ed22f7074e549383aba6c,all variations retained from a selected game-fit pack,
2018,Sonniss.com - GDC 2018 - Game Audio Bundle Part 1of8.zip,Bert Foley - Noisy Buildings V1,Sonniss.com - GDC 2018 - Game Audio Bundle Part 1of8/Bert Foley - Noisy Buildings V1/Buildings_Rumble_Corridor_Metal_Piece_Hit_04.wav,"combat,survival_crafting,movement_foley,ui_feedback",UI,Assets/ThirdParty/Sonniss/Selected/UI/2018/Bert Foley - Noisy Buildings V1-4e128d/Buildings_Rumble_Corridor_Metal_Piece_Hit_04.wav,2878170,06457ea9b49775c57bf8991e67928ca74917eade83ecf0db05cfe8341cbf05a5,all variations retained from a selected game-fit pack,
2018,Sonniss.com - GDC 2018 - Game Audio Bundle Part 1of8.zip,Bert Foley - Noisy Buildings V1,Sonniss.com - GDC 2018 - Game Audio Bundle Part 1of8/Bert Foley - Noisy Buildings V1/Buildings_Rumble_Elevator_Shaft_Glass_Break_04.wav,"survival_crafting,movement_foley,ui_feedback",UI,Assets/ThirdParty/Sonniss/Selected/UI/2018/Bert Foley - Noisy Buildings V1-4e128d/Buildings_Rumble_Elevator_Shaft_Glass_Break_04.wav,8745056,7df6af7cabf9b5d857d01181f4874e5a6a607de37da44ebe02b1847c1bf1f2f9,all variations retained from a selected game-fit pack,
2018,Sonniss.com - GDC 2018 - Game Audio Bundle Part 1of8.zip,Bert Foley - Noisy Buildings V1,Sonniss.com - GDC 2018 - Game Audio Bundle Part 1of8/Bert Foley - Noisy Buildings V1/Buildings_Rumble_Elevator_Shaft_Glass_Break_Further_03.wav,"survival_crafting,movement_foley,ui_feedback",UI,Assets/ThirdParty/Sonniss/Selected/UI/2018/Bert Foley - Noisy Buildings V1-4e128d/Buildings_Rumble_Elevator_Shaft_Glass_Break_Further_03.wav,5363438,069c960fad26460dbb92f5cf06a59a2c485e33b56e68ce1f019b94e36774c8fa,all variations retained from a selected game-fit pack,
2018,Sonniss.com - GDC 2018 - Game Audio Bundle Part 1of8.zip,Bert Foley - Noisy Buildings V1,Sonniss.com - GDC 2018 - Game Audio Bundle Part 1of8/Bert Foley - Noisy Buildings V1/Buildings_Rumble_Stairs_Plastic_Piece_Rattle.wav,"survival_crafting,movement_foley,ui_feedback",UI,Assets/ThirdParty/Sonniss/Selected/UI/2018/Bert Foley - Noisy Buildings V1-4e128d/Buildings_Rumble_Stairs_Plastic_Piece_Rattle.wav,4877720,bcb0ba7809ae31e94a237ca174d96fc0dd45b8deea174e1799e76ef1a8f6cb85,all variations retained from a selected game-fit pack,
2018,Sonniss.com - GDC 2018 - Game Audio Bundle Part 2of8.zip,Bluezone Corporation - Electrostatic Field,Sonniss.com - GDC 2018 - Game Audio Bundle Part 2of8/Bluezone Corporation - Electrostatic Field/Bluezone_BC0235_ambience_sfx_013.wav,world_ambience,World,Assets/ThirdParty/Sonniss/Selected/World/2018/Bluezone Corporation - Electrost-cd9d42/Bluezone_BC0235_ambience_sfx_013.wav,6775112,5ab38693062cea893b3cdd1b5e2a6db7b589f013217f0ba3941eb2cf3bf397ae,all variations retained from a selected game-fit pack,
2018,Sonniss.com - GDC 2018 - Game Audio Bundle Part 2of8.zip,Bluezone Corporation - Electrostatic Field,Sonniss.com - GDC 2018 - Game Audio Bundle Part 2of8/Bluezone Corporation - Electrostatic Field/Bluezone_BC0235_impact_003.wav,"combat,world_ambience",Combat,Assets/ThirdParty/Sonniss/Selected/Combat/2018/Bluezone Corporation - Electrost-cd9d42/Bluezone_BC0235_impact_003.wav,652946,144cf36f8125a275ff363262962d15a7ab38a47a599630871541886f3e203f06,all variations retained from a selected game-fit pack,
2018,Sonniss.com - GDC 2018 - Game Audio Bundle Part 2of8.zip,Bluezone Corporation - Electrostatic Field,Sonniss.com - GDC 2018 - Game Audio Bundle Part 2of8/Bluezone Corporation - Electrostatic Field/Bluezone_BC0235_synth_texture_002.wav,world_ambience,World,Assets/ThirdParty/Sonniss/Selected/World/2018/Bluezone Corporation - Electrost-cd9d42/Bluezone_BC0235_synth_texture_002.wav,2130056,a5d03c14fb12036db8aa4871563112b136a1fa0d919fe0b6bcaec17173c7fd3a,all variations retained from a selected game-fit pack,
2018,Sonniss.com - GDC 2018 - Game Audio Bundle Part 2of8.zip,Bluezone Corporation - Electrostatic Field,Sonniss.com - GDC 2018 - Game Audio Bundle Part 2of8/Bluezone Corporation - Electrostatic Field/Bluezone_BC0235_transition_008.wav,world_ambience,World,Assets/ThirdParty/Sonniss/Selected/World/2018/Bluezone Corporation - Electrost-cd9d42/Bluezone_BC0235_transition_008.wav,1367516,b4cf7034ece83995fb44da9c2e72566a3cf1f9dc26e427409c6d815f39f8a6b8,all variations retained from a selected game-fit pack,
2018,Sonniss.com - GDC 2018 - Game Audio Bundle Part 2of8.zip,Bluezone Corporation - Metal Debris,Sonniss.com - GDC 2018 - Game Audio Bundle Part 2of8/Bluezone Corporation - Metal Debris/Bluezone_BC0236_metal_debris_055.wav,survival_crafting,SurvivalCrafting,Assets/ThirdParty/Sonniss/Selected/SurvivalCrafting/2018/Bluezone Corporation - Metal Deb-9a25e1/Bluezone_BC0236_metal_debris_055.wav,1272604,0ae5484843d3e2f8d3b17da88f8d8b8c4ccbf238e72da02423506ea2dc7dd130,all variations retained from a selected game-fit pack,
2018,Sonniss.com - GDC 2018 - Game Audio Bundle Part 2of8.zip,Bluezone Corporation - Metal Debris,Sonniss.com - GDC 2018 - Game Audio Bundle Part 2of8/Bluezone Corporation - Metal Debris/Bluezone_BC0236_metal_debris_097.wav,survival_crafting,SurvivalCrafting,Assets/ThirdParty/Sonniss/Selected/SurvivalCrafting/2018/Bluezone Corporation - Metal Deb-9a25e1/Bluezone_BC0236_metal_debris_097.wav,929508,559c6bc2452f254a18d0756a3f2650689177b24abed9f372fc220c083e575d51,all variations retained from a selected game-fit pack,
2018,Sonniss.com - GDC 2018 - Game Audio Bundle Part 2of8.zip,Bluezone Corporation - Metal Debris,Sonniss.com - GDC 2018 - Game Audio Bundle Part 2of8/Bluezone Corporation - Metal Debris/Bluezone_BC0236_metal_whoosh_021.wav,"combat,survival_crafting",Combat,Assets/ThirdParty/Sonniss/Selected/Combat/2018/Bluezone Corporation - Metal Deb-9a25e1/Bluezone_BC0236_metal_whoosh_021.wav,917770,64f0cab4f9c61f03431cf77cc1c21abf947943630e34a8e154164280baca5e2a,all variations retained from a selected game-fit pack,
2018,Sonniss.com - GDC 2018 - Game Audio Bundle Part 2of8.zip,Bluezone Corporation - Metal Debris,Sonniss.com - GDC 2018 - Game Audio Bundle Part 2of8/Bluezone Corporation - Metal Debris/Bluezone_BC0236_metal_whoosh_037.wav,"combat,survival_crafting",Combat,Assets/ThirdParty/Sonniss/Selected/Combat/2018/Bluezone Corporation - Metal Deb-9a25e1/Bluezone_BC0236_metal_whoosh_037.wav,1143124,5d24c2905886f69f082884e1786c2a3dc86cc41e87aafc6c5577b90b71adf121,all variations retained from a selected game-fit pack,
2018,Sonniss.com - GDC 2018 - Game Audio Bundle Part 2of8.zip,Bluezone Corporation - Metal Sound Effects,Sonniss.com - GDC 2018 - Game Audio Bundle Part 2of8/Bluezone Corporation - Metal Sound Effects/Bluezone_BC0231_metal_cinematic_impact_016.wav,"combat,survival_crafting",Combat,Assets/ThirdParty/Sonniss/Selected/Combat/2018/Bluezone Corporation - Metal Sou-04b20b/Bluezone_BC0231_metal_cinematic_impact_016.wav,1192916,9639b081e2bca0823cc28385d76b69ea3c6313371ad12fec5828371f9c1c4e70,all variations retained from a selected game-fit pack,
2018,Sonniss.com - GDC 2018 - Game Audio Bundle Part 2of8.zip,Bluezone Corporation - Metal Sound Effects,Sonniss.com - GDC 2018 - Game Audio Bundle Part 2of8/Bluezone Corporation - Metal Sound Effects/Bluezone_BC0231_metal_grinding_013.wav,survival_crafting,SurvivalCrafting,Assets/ThirdParty/Sonniss/Selected/SurvivalCrafting/2018/Bluezone Corporation - Metal Sou-04b20b/Bluezone_BC0231_metal_grinding_013.wav,987100,c489d04d3a40c5f5195b400588fc49f8c97fb662186c0104be7912021cd8e9a8,all variations retained from a selected game-fit pack,
2018,Sonniss.com - GDC 2018 - Game Audio Bundle Part 2of8.zip,Bluezone Corporation - Metal Sound Effects,Sonniss.com - GDC 2018 - Game Audio Bundle Part 2of8/Bluezone Corporation - Metal Sound Effects/Bluezone_BC0231_metal_texture_021.wav,survival_crafting,SurvivalCrafting,Assets/ThirdParty/Sonniss/Selected/SurvivalCrafting/2018/Bluezone Corporation - Metal Sou-04b20b/Bluezone_BC0231_metal_texture_021.wav,771370,23264c3a37948a8d38c0a45a3ffc0de6cfb2010cc504e321057f08822a62a642,all variations retained from a selected game-fit pack,
2018,Sonniss.com - GDC 2018 - Game Audio Bundle Part 2of8.zip,Bluezone Corporation - Metal Sound Effects,Sonniss.com - GDC 2018 - Game Audio Bundle Part 2of8/Bluezone Corporation - Metal Sound Effects/Bluezone_BC0231_metal_various_015.wav,survival_crafting,SurvivalCrafting,Assets/ThirdParty/Sonniss/Selected/SurvivalCrafting/2018/Bluezone Corporation - Metal Sou-04b20b/Bluezone_BC0231_metal_various_015.wav,366616,3fe872da06dd48ca2f5414e84ae007a0de6187f13f90a8a2fd13a68d5da4fe8e,all variations retained from a selected game-fit pack,
2018,Sonniss.com - GDC 2018 - Game Audio Bundle Part 2of8.zip,Borg Sound – Rain Indoor Ambiences,"Sonniss.com - GDC 2018 - Game Audio Bundle Part 2of8/Borg Sound – Rain Indoor Ambiences/Rain EXT_Porch, Soft rain.wav","survival_crafting,world_ambience",SurvivalCrafting,"Assets/ThirdParty/Sonniss/Selected/SurvivalCrafting/2018/Borg Sound – Rain Indoor Ambienc-192bb0/Rain EXT_Porch, Soft rain.wav",130635924,dc33a9a8afcb74f6c5b5a6b8e7087e69054b71cde33e58a9b7b5550a909b0d85,all variations retained from a selected game-fit pack,
2018,Sonniss.com - GDC 2018 - Game Audio Bundle Part 2of8.zip,Borg Sound – Rain Indoor Ambiences,Sonniss.com - GDC 2018 - Game Audio Bundle Part 2of8/Borg Sound – Rain Indoor Ambiences/Rain INT_Glass greenhouse 10m2.wav,"survival_crafting,world_ambience",SurvivalCrafting,Assets/ThirdParty/Sonniss/Selected/SurvivalCrafting/2018/Borg Sound – Rain Indoor Ambienc-192bb0/Rain INT_Glass greenhouse 10m2.wav,139509036,f3ef42871c27b425205088b7437389d799e2032e0813f0ea612720f9ae1da8d2,all variations retained from a selected game-fit pack,
2018,Sonniss.com - GDC 2018 - Game Audio Bundle Part 2of8.zip,Borg Sound – Rain Indoor Ambiences,"Sonniss.com - GDC 2018 - Game Audio Bundle Part 2of8/Borg Sound – Rain Indoor Ambiences/Rain INT_Shed, Metal roof, Heavy rain increase.wav","survival_crafting,world_ambience",SurvivalCrafting,"Assets/ThirdParty/Sonniss/Selected/SurvivalCrafting/2018/Borg Sound – Rain Indoor Ambienc-192bb0/Rain INT_Shed, Metal roof, Heavy rain increase.wav",137431266,88a97109d348d27c433bfaae64a5b98639498f4d37529745137601bb1512c852,all variations retained from a selected game-fit pack,
2018,Sonniss.com - GDC 2018 - Game Audio Bundle Part 2of8.zip,CB_Sounddesign – ACTIVATION UI & HUD Sound Effects Library,Sonniss.com - GDC 2018 - Game Audio Bundle Part 2of8/CB_Sounddesign – ACTIVATION UI & HUD Sound Effects Library/BeepBeep_high.wav,ui_feedback,UI,Assets/ThirdParty/Sonniss/Selected/UI/2018/CB_Sounddesign – ACTIVATION UI &-c7983b/BeepBeep_high.wav,66482,db25d101861245089258265d428014f838f134a63a5fed4707a3ea7f184c1756,all variations retained from a selected game-fit pack,
2018,Sonniss.com - GDC 2018 - Game Audio Bundle Part 2of8.zip,CB_Sounddesign – ACTIVATION UI & HUD Sound Effects Library,Sonniss.com - GDC 2018 - Game Audio Bundle Part 2of8/CB_Sounddesign – ACTIVATION UI & HUD Sound Effects Library/Bell_10_b.wav,ui_feedback,UI,Assets/ThirdParty/Sonniss/Selected/UI/2018/CB_Sounddesign – ACTIVATION UI &-c7983b/Bell_10_b.wav,387820,ad74812a02afdfdfadab9d0fb504e350995403e7a4d23f258eaca536128d5319,all variations retained from a selected game-fit pack,
2018,Sonniss.com - GDC 2018 - Game Audio Bundle Part 2of8.zip,CB_Sounddesign – ACTIVATION UI & HUD Sound Effects Library,Sonniss.com - GDC 2018 - Game Audio Bundle Part 2of8/CB_Sounddesign – ACTIVATION UI & HUD Sound Effects Library/Counter_Medium_13.wav,ui_feedback,UI,Assets/ThirdParty/Sonniss/Selected/UI/2018/CB_Sounddesign – ACTIVATION UI &-c7983b/Counter_Medium_13.wav,1361364,4c9f80ff8dad934faf524ba78f6a97d1643af40dcbc8421ef497ccee257d48c0,all variations retained from a selected game-fit pack,
2018,Sonniss.com - GDC 2018 - Game Audio Bundle Part 2of8.zip,CB_Sounddesign – ACTIVATION UI & HUD Sound Effects Library,Sonniss.com - GDC 2018 - Game Audio Bundle Part 2of8/CB_Sounddesign – ACTIVATION UI & HUD Sound Effects Library/Negative_Notification_25.wav,ui_feedback,UI,Assets/ThirdParty/Sonniss/Selected/UI/2018/CB_Sounddesign – ACTIVATION UI &-c7983b/Negative_Notification_25.wav,144212,b8b51fcd04980e41daafd5bcb729fe47376bb6c80caf45a445067debf4f510f4,all variations retained from a selected game-fit pack,
2018,Sonniss.com - GDC 2018 - Game Audio Bundle Part 2of8.zip,Discover Oregon - American Desert Birds,Sonniss.com - GDC 2018 - Game Audio Bundle Part 2of8/Discover Oregon - American Desert Birds/Geese 2016 Steens Dawn Goose Flyby Pair.WAV,"creatures_wildlife,world_ambience",Creatures,Assets/ThirdParty/Sonniss/Selected/Creatures/2018/Discover Oregon - American Deser-7a40f5/Geese 2016 Steens Dawn Goose Flyby Pair.WAV,30580444,c1990232d3c5ecb5716253ecf4e5ee57d372a03bbf90be5bad56f9437d7eb1f4,all variations retained from a selected game-fit pack,
2018,Sonniss.com - GDC 2018 - Game Audio Bundle Part 2of8.zip,Discover Oregon - American Desert Birds,Sonniss.com - GDC 2018 - Game Audio Bundle Part 2of8/Discover Oregon - American Desert Birds/Nighthawk 2017 Sutton July Dawn Nighthawk Competition 2.WAV,"creatures_wildlife,world_ambience",Creatures,Assets/ThirdParty/Sonniss/Selected/Creatures/2018/Discover Oregon - American Deser-7a40f5/Nighthawk 2017 Sutton July Dawn Nighthawk Competition 2.WAV,36622626,412443a9337b0cc7ff8b2ac1dbc64a94eec569268f1f253c0e4c8e1779c62a16,all variations retained from a selected game-fit pack,
2018,Sonniss.com - GDC 2018 - Game Audio Bundle Part 2of8.zip,Discover Oregon - American Desert Birds,Sonniss.com - GDC 2018 - Game Audio Bundle Part 2of8/Discover Oregon - American Desert Birds/Owls 2016 Owl Chirp + Flyby.WAV,"creatures_wildlife,world_ambience",Creatures,Assets/ThirdParty/Sonniss/Selected/Creatures/2018/Discover Oregon - American Deser-7a40f5/Owls 2016 Owl Chirp + Flyby.WAV,4946292,20810f35be67505021d987aefc4e946a7b0c21c82228f01200738b561193d278,all variations retained from a selected game-fit pack,
2018,Sonniss.com - GDC 2018 - Game Audio Bundle Part 2of8.zip,Discover Oregon - American Desert Birds,Sonniss.com - GDC 2018 - Game Audio Bundle Part 2of8/Discover Oregon - American Desert Birds/Owls 2017.03.20 - Owl Screeches.WAV,"creatures_wildlife,world_ambience",Creatures,Assets/ThirdParty/Sonniss/Selected/Creatures/2018/Discover Oregon - American Deser-7a40f5/Owls 2017.03.20 - Owl Screeches.WAV,33528860,f152d6e884424ed541491b852dde460ef5782a0a6890c82f49be4dcf332abe1d,all variations retained from a selected game-fit pack,
2018,Sonniss.com - GDC 2018 - Game Audio Bundle Part 2of8.zip,Discover Oregon - Forest Meadow Birds,Sonniss.com - GDC 2018 - Game Audio Bundle Part 2of8/Discover Oregon - Forest Meadow Birds/Hood Spring 2016 Hood Spring High Bird 6.WAV,"creatures_wildlife,world_ambience",Creatures,Assets/ThirdParty/Sonniss/Selected/Creatures/2018/Discover Oregon - Forest Meadow-8d063a/Hood Spring 2016 Hood Spring High Bird 6.WAV,6465240,1efbb0cd1dbff4baefe40a3f40844e82b440c5b5c59d5886dae3ac3b99f0cd15,all variations retained from a selected game-fit pack,
2018,Sonniss.com - GDC 2018 - Game Audio Bundle Part 2of8.zip,Discover Oregon - Forest Meadow Birds,Sonniss.com - GDC 2018 - Game Audio Bundle Part 2of8/Discover Oregon - Forest Meadow Birds/Hood Spring 2016 Hood Spring Lookout Birds 6.WAV,"creatures_wildlife,world_ambience",Creatures,Assets/ThirdParty/Sonniss/Selected/Creatures/2018/Discover Oregon - Forest Meadow-8d063a/Hood Spring 2016 Hood Spring Lookout Birds 6.WAV,104837200,19eac4d270a9e5b32afa9b33382e3c289edf8cb18a32309b77589a4af942fce9,all variations retained from a selected game-fit pack,
2018,Sonniss.com - GDC 2018 - Game Audio Bundle Part 2of8.zip,Discover Oregon - Forest Meadow Birds,Sonniss.com - GDC 2018 - Game Audio Bundle Part 2of8/Discover Oregon - Forest Meadow Birds/Hood Spring 2016 Lookout Snow - Second Birds.WAV,"creatures_wildlife,world_ambience",Creatures,Assets/ThirdParty/Sonniss/Selected/Creatures/2018/Discover Oregon - Forest Meadow-8d063a/Hood Spring 2016 Lookout Snow - Second Birds.WAV,86118444,01a48ad157df8e5bb5c98e54a933f9464276cc835bad90a4879326b371bca066,all variations retained from a selected game-fit pack,
2018,Sonniss.com - GDC 2018 - Game Audio Bundle Part 2of8.zip,Discover Oregon - Forest Meadow Birds,Sonniss.com - GDC 2018 - Game Audio Bundle Part 2of8/Discover Oregon - Forest Meadow Birds/Squirrel 2017 Lookout Hood Dawn Loud Squirrel 3.WAV,"creatures_wildlife,world_ambience,ui_feedback",UI,Assets/ThirdParty/Sonniss/Selected/UI/2018/Discover Oregon - Forest Meadow-8d063a/Squirrel 2017 Lookout Hood Dawn Loud Squirrel 3.WAV,5058820,b2ad0a2ec46025a10bd7b6aa3a614de5758447a6c898f6ca21897e585768790a,all variations retained from a selected game-fit pack,
2018,Sonniss.com - GDC 2018 - Game Audio Bundle Part 2of8.zip,Discover Oregon - Ravens and Robins,Sonniss.com - GDC 2018 - Game Audio Bundle Part 2of8/Discover Oregon - Ravens and Robins/Ravens 2015 Medlock Raven Close Audio Extracted.wav,"creatures_wildlife,survival_crafting,world_ambience",SurvivalCrafting,Assets/ThirdParty/Sonniss/Selected/SurvivalCrafting/2018/Discover Oregon - Ravens and Rob-72cc42/Ravens 2015 Medlock Raven Close Audio Extracted.wav,4449842,6f8419db970bb53b82582c57cd729f1a630d856eb2d0241459d5afaa2d59cda1,all variations retained from a selected game-fit pack,
2018,Sonniss.com - GDC 2018 - Game Audio Bundle Part 2of8.zip,Discover Oregon - Ravens and Robins,Sonniss.com - GDC 2018 - Game Audio Bundle Part 2of8/Discover Oregon - Ravens and Robins/Ravens 2015 Medlock Ravens 3.WAV,"creatures_wildlife,survival_crafting,world_ambience",SurvivalCrafting,Assets/ThirdParty/Sonniss/Selected/SurvivalCrafting/2018/Discover Oregon - Ravens and Rob-72cc42/Ravens 2015 Medlock Ravens 3.WAV,1270340,9ec6e859d1514a54d390417fe9cb85c4d977de5a54919098f9d24704d856a228,all variations retained from a selected game-fit pack,
2018,Sonniss.com - GDC 2018 - Game Audio Bundle Part 2of8.zip,Discover Oregon - Ravens and Robins,Sonniss.com - GDC 2018 - Game Audio Bundle Part 2of8/Discover Oregon - Ravens and Robins/Robins 2015 Medlock Dawn Robins.wav,"creatures_wildlife,survival_crafting,world_ambience",SurvivalCrafting,Assets/ThirdParty/Sonniss/Selected/SurvivalCrafting/2018/Discover Oregon - Ravens and Rob-72cc42/Robins 2015 Medlock Dawn Robins.wav,5112080,7984db5e4fdcadc400208ccf52f82dba5feb46d03c873c3f4a2a7b0a39f153bb,all variations retained from a selected game-fit pack,
2018,Sonniss.com - GDC 2018 - Game Audio Bundle Part 2of8.zip,Discover Oregon - Ravens and Robins,Sonniss.com - GDC 2018 - Game Audio Bundle Part 2of8/Discover Oregon - Ravens and Robins/Robins 2016 Medlock Fall Robins.wav,"creatures_wildlife,survival_crafting,world_ambience",SurvivalCrafting,Assets/ThirdParty/Sonniss/Selected/SurvivalCrafting/2018/Discover Oregon - Ravens and Rob-72cc42/Robins 2016 Medlock Fall Robins.wav,34520080,3a0f61109de5193147a407f0d7303d2dd4adddacd7d8cefee42e49ae7a632888,all variations retained from a selected game-fit pack,
2018,Sonniss.com - GDC 2018 - Game Audio Bundle Part 2of8.zip,Discover Oregon - Wilderness Crickets,Sonniss.com - GDC 2018 - Game Audio Bundle Part 2of8/Discover Oregon - Wilderness Crickets/Crickets 17 - Crickets Interlude.wav,"creatures_wildlife,world_ambience",Creatures,Assets/ThirdParty/Sonniss/Selected/Creatures/2018/Discover Oregon - Wilderness Cri-0d4f11/Crickets 17 - Crickets Interlude.wav,17268122,01577f9b93da1999e38bdc108021a085fd8ccc29bc015b87a8663d21cc38893a,all variations retained from a selected game-fit pack,
2018,Sonniss.com - GDC 2018 - Game Audio Bundle Part 2of8.zip,Discover Oregon - Wilderness Crickets,Sonniss.com - GDC 2018 - Game Audio Bundle Part 2of8/Discover Oregon - Wilderness Crickets/Crickets 2015 Kiger Lookout Night Crickets Gusts Gentle.WAV,"creatures_wildlife,world_ambience",Creatures,Assets/ThirdParty/Sonniss/Selected/Creatures/2018/Discover Oregon - Wilderness Cri-0d4f11/Crickets 2015 Kiger Lookout Night Crickets Gusts Gentle.WAV,90683124,b9987a584b24afadeceeda6b09e04807ad382284dd6d4fd1f6fd5c9cd0511e26,all variations retained from a selected game-fit pack,
2018,Sonniss.com - GDC 2018 - Game Audio Bundle Part 2of8.zip,Discover Oregon - Wilderness Crickets,Sonniss.com - GDC 2018 - Game Audio Bundle Part 2of8/Discover Oregon - Wilderness Crickets/Crickets quiet lime hill 1.WAV,"creatures_wildlife,world_ambience,ui_feedback",UI,Assets/ThirdParty/Sonniss/Selected/UI/2018/Discover Oregon - Wilderness Cri-0d4f11/Crickets quiet lime hill 1.WAV,17273758,aeeffd464f18650407046c6445b68c39c652d47673d7bc2146c50f0b095ed79b,all variations retained from a selected game-fit pack,
2018,Sonniss.com - GDC 2018 - Game Audio Bundle Part 2of8.zip,Discover Oregon - Wilderness Crickets,Sonniss.com - GDC 2018 - Game Audio Bundle Part 2of8/Discover Oregon - Wilderness Crickets/Crickets SuttonCricket3.WAV,"creatures_wildlife,world_ambience",Creatures,Assets/ThirdParty/Sonniss/Selected/Creatures/2018/Discover Oregon - Wilderness Cri-0d4f11/Crickets SuttonCricket3.WAV,13788588,1ec50622489589a231d049615c1f1909ec5dc94503e4344d58c5bcffb48451a8,all variations retained from a selected game-fit pack,
2018,Sonniss.com - GDC 2018 - Game Audio Bundle Part 2of8.zip,Discover Oregon - Wind and Storms,Sonniss.com - GDC 2018 - Game Audio Bundle Part 2of8/Discover Oregon - Wind and Storms/Creaks and Snaps 2017.03.20 - Gentle Tree Creaks.WAV,"survival_crafting,world_ambience",World,Assets/ThirdParty/Sonniss/Selected/World/2018/Discover Oregon - Wind and Storm-7f9b4a/Creaks and Snaps 2017.03.20 - Gentle Tree Creaks.WAV,46599234,e45c6c1d8ab4f213aad8987de615266bb5c3206351ae8a20b53192a5c195bc7a,all variations retained from a selected game-fit pack,
2018,Sonniss.com - GDC 2018 - Game Audio Bundle Part 2of8.zip,Discover Oregon - Wind and Storms,Sonniss.com - GDC 2018 - Game Audio Bundle Part 2of8/Discover Oregon - Wind and Storms/Rain 2014 Frogs Rain.wav,world_ambience,World,Assets/ThirdParty/Sonniss/Selected/World/2018/Discover Oregon - Wind and Storm-7f9b4a/Rain 2014 Frogs Rain.wav,11662202,7d89832d9a958f9be46d09eccccb2fcc3f5de80b2a4971320250e0e5a610f66a,all variations retained from a selected game-fit pack,
2018,Sonniss.com - GDC 2018 - Game Audio Bundle Part 2of8.zip,Discover Oregon - Wind and Storms,Sonniss.com - GDC 2018 - Game Audio Bundle Part 2of8/Discover Oregon - Wind and Storms/Rain 2016 Steens Rain No Pops Short 4.WAV,world_ambience,World,Assets/ThirdParty/Sonniss/Selected/World/2018/Discover Oregon - Wind and Storm-7f9b4a/Rain 2016 Steens Rain No Pops Short 4.WAV,2692012,c89323eeaaf2011f6a4ad1d9788dc260e49cd0c3d714599f5686d35f42247d60,all variations retained from a selected game-fit pack,
2018,Sonniss.com - GDC 2018 - Game Audio Bundle Part 2of8.zip,Discover Oregon - Wind and Storms,Sonniss.com - GDC 2018 - Game Audio Bundle Part 2of8/Discover Oregon - Wind and Storms/Wind Gusts 2016 Lookout Snow - Biggest Gusts Long.wav,world_ambience,World,Assets/ThirdParty/Sonniss/Selected/World/2018/Discover Oregon - Wind and Storm-7f9b4a/Wind Gusts 2016 Lookout Snow - Biggest Gusts Long.wav,35288690,46593657e18983fca11b6dd7f5a7d25f1462104b06cc2fd53b1146b238325f44,all variations retained from a selected game-fit pack,
2018,Sonniss.com - GDC 2018 - Game Audio Bundle Part 2of8.zip,Discover Oregon – Ocean and Stream,Sonniss.com - GDC 2018 - Game Audio Bundle Part 2of8/Discover Oregon – Ocean and Stream/Coast 2014 Coast Mono 1.wav,world_ambience,World,Assets/ThirdParty/Sonniss/Selected/World/2018/Discover Oregon – Ocean and Stre-76f02b/Coast 2014 Coast Mono 1.wav,9313488,9dd8495a91d497147ee64477a4cc011dba7f23b86865d29c954456137e718f67,all variations retained from a selected game-fit pack,
2018,Sonniss.com - GDC 2018 - Game Audio Bundle Part 2of8.zip,Discover Oregon – Ocean and Stream,Sonniss.com - GDC 2018 - Game Audio Bundle Part 2of8/Discover Oregon – Ocean and Stream/Ocean Waves 2017 Kauai Night Waves.WAV,world_ambience,World,Assets/ThirdParty/Sonniss/Selected/World/2018/Discover Oregon – Ocean and Stre-76f02b/Ocean Waves 2017 Kauai Night Waves.WAV,65287930,a41320ca6d92f7dcc0c1e35196eaec81d986c18b6236d8a8b2ea0cf87c915367,all variations retained from a selected game-fit pack,
2018,Sonniss.com - GDC 2018 - Game Audio Bundle Part 2of8.zip,Discover Oregon – Ocean and Stream,Sonniss.com - GDC 2018 - Game Audio Bundle Part 2of8/Discover Oregon – Ocean and Stream/Streams 2014 McKenzie 1.wav,world_ambience,World,Assets/ThirdParty/Sonniss/Selected/World/2018/Discover Oregon – Ocean and Stre-76f02b/Streams 2014 McKenzie 1.wav,8420870,163c811a45596e2954909756b43199e4002f12d3d0ccbae07137cdfd519b1956,all variations retained from a selected game-fit pack,
2018,Sonniss.com - GDC 2018 - Game Audio Bundle Part 2of8.zip,Discover Oregon – Ocean and Stream,Sonniss.com - GDC 2018 - Game Audio Bundle Part 2of8/Discover Oregon – Ocean and Stream/Streams quietstream.wav,"world_ambience,ui_feedback",UI,Assets/ThirdParty/Sonniss/Selected/UI/2018/Discover Oregon – Ocean and Stre-76f02b/Streams quietstream.wav,8295802,6db2a99f6636deaf2f3d3f36ccaa66beda39a43b2c2191cb0dc58358b95ef447,all variations retained from a selected game-fit pack,
2018,Sonniss.com - GDC 2018 - Game Audio Bundle Part 3of8.zip,FLYSOUND – Ice Fury,Sonniss.com - GDC 2018 - Game Audio Bundle Part 3of8/FLYSOUND – Ice Fury/IC0120 CHISEL SCRAPE DEBRIS 09.wav,"survival_crafting,world_ambience",World,Assets/ThirdParty/Sonniss/Selected/World/2018/FLYSOUND – Ice Fury-e9b8fa/IC0120 CHISEL SCRAPE DEBRIS 09.wav,905974,f1758fb3687333264ee746e16eed1c94e0357232097e5a9a4ef2cbf841caad31,all variations retained from a selected game-fit pack,
2018,Sonniss.com - GDC 2018 - Game Audio Bundle Part 3of8.zip,FLYSOUND – Ice Fury,Sonniss.com - GDC 2018 - Game Audio Bundle Part 3of8/FLYSOUND – Ice Fury/IC0151 BIG CHISEL HIT DEBRIS 06.wav,"combat,survival_crafting,world_ambience",Combat,Assets/ThirdParty/Sonniss/Selected/Combat/2018/FLYSOUND – Ice Fury-e9b8fa/IC0151 BIG CHISEL HIT DEBRIS 06.wav,857980,be40fbf41c7558db5c250f8619a482d4e0878f0ffc4f9318d8cb29fb86bcdb14,all variations retained from a selected game-fit pack,
2018,Sonniss.com - GDC 2018 - Game Audio Bundle Part 3of8.zip,FLYSOUND – Ice Fury,Sonniss.com - GDC 2018 - Game Audio Bundle Part 3of8/FLYSOUND – Ice Fury/IC0271 CROWBAR HIT DEBRIS 12.wav,"combat,survival_crafting,world_ambience",Combat,Assets/ThirdParty/Sonniss/Selected/Combat/2018/FLYSOUND – Ice Fury-e9b8fa/IC0271 CROWBAR HIT DEBRIS 12.wav,953958,b9245f56a4079a429ae116ab354898174b087f7a085db1a1bfb96cb10c49a9ef,all variations retained from a selected game-fit pack,
2018,Sonniss.com - GDC 2018 - Game Audio Bundle Part 3of8.zip,FLYSOUND – Ice Fury,Sonniss.com - GDC 2018 - Game Audio Bundle Part 3of8/FLYSOUND – Ice Fury/IC0318 KETTLEBELL SMASH DEBRIS 02.wav,"survival_crafting,world_ambience",World,Assets/ThirdParty/Sonniss/Selected/World/2018/FLYSOUND – Ice Fury-e9b8fa/IC0318 KETTLEBELL SMASH DEBRIS 02.wav,1746004,bf4f5909169bfc566ac26be8f58960cf4d043740b08da1c88ecd1c04fc0303ac,all variations retained from a selected game-fit pack,
2018,Sonniss.com - GDC 2018 - Game Audio Bundle Part 3of8.zip,Fox Audio Post-Production - Countryside – Nature & Field,Sonniss.com - GDC 2018 - Game Audio Bundle Part 3of8/Fox Audio Post-Production - Countryside – Nature & Field/Amb_Countryside_Day_Flying_Insects_Birds_LP.wav,"creatures_wildlife,world_ambience",Creatures,Assets/ThirdParty/Sonniss/Selected/Creatures/2018/Fox Audio Post-Production - Coun-e683fe/Amb_Countryside_Day_Flying_Insects_Birds_LP.wav,70427970,6312b92219ef013382610ac9ee4280358fc29e9a0ed79aa4ecb19c17ef3bb6b1,all variations retained from a selected game-fit pack,
2018,Sonniss.com - GDC 2018 - Game Audio Bundle Part 3of8.zip,Fox Audio Post-Production - Countryside – Nature & Field,Sonniss.com - GDC 2018 - Game Audio Bundle Part 3of8/Fox Audio Post-Production - Countryside – Nature & Field/Amb_Countryside_Day_Rooster_Birds.wav,"creatures_wildlife,world_ambience",Creatures,Assets/ThirdParty/Sonniss/Selected/Creatures/2018/Fox Audio Post-Production - Coun-e683fe/Amb_Countryside_Day_Rooster_Birds.wav,157978146,02228e14aa3f48e11947284b83efbdc368ea4c686f3acbf00e8414eddaaa3aec,all variations retained from a selected game-fit pack,
2018,Sonniss.com - GDC 2018 - Game Audio Bundle Part 3of8.zip,Fox Audio Post-Production - Countryside – Nature & Field,Sonniss.com - GDC 2018 - Game Audio Bundle Part 3of8/Fox Audio Post-Production - Countryside – Nature & Field/Amb_Countryside_Evening_Birds_Cow_Rooster_Tractor_Far_LP01.wav,"creatures_wildlife,world_ambience",Creatures,Assets/ThirdParty/Sonniss/Selected/Creatures/2018/Fox Audio Post-Production - Coun-e683fe/Amb_Countryside_Evening_Birds_Cow_Rooster_Tractor_Far_LP01.wav,70428100,7c0a7c04f7b604bf149ef0290949f0dda3ea64dc9abdabbb329630fab909153d,all variations retained from a selected game-fit pack,
2018,Sonniss.com - GDC 2018 - Game Audio Bundle Part 3of8.zip,Fox Audio Post-Production - Countryside – Nature & Field,Sonniss.com - GDC 2018 - Game Audio Bundle Part 3of8/Fox Audio Post-Production - Countryside – Nature & Field/Amb_Countryside_Night_Birds_Cow_Cricket.wav,"creatures_wildlife,world_ambience",Creatures,Assets/ThirdParty/Sonniss/Selected/Creatures/2018/Fox Audio Post-Production - Coun-e683fe/Amb_Countryside_Night_Birds_Cow_Cricket.wav,152255862,6038cbe426d05264b765beac3ef3cef176810916ce42266522c0aefe889fa608,all variations retained from a selected game-fit pack,
2018,Sonniss.com - GDC 2018 - Game Audio Bundle Part 3of8.zip,Fox Audio Post-Production - Electromagnetic – Field & Emissions,Sonniss.com - GDC 2018 - Game Audio Bundle Part 3of8/Fox Audio Post-Production - Electromagnetic – Field & Emissions/EMF_Asus_Laptop.wav,"creatures_wildlife,world_ambience",World,Assets/ThirdParty/Sonniss/Selected/World/2018/Fox Audio Post-Production - Elec-080eb5/EMF_Asus_Laptop.wav,39186622,7ce17f2db85ef0c533044c22938eba2ea3f0e54b9fe30cc52f80c9c692de7638,all variations retained from a selected game-fit pack,
2018,Sonniss.com - GDC 2018 - Game Audio Bundle Part 3of8.zip,Fox Audio Post-Production - Electromagnetic – Field & Emissions,Sonniss.com - GDC 2018 - Game Audio Bundle Part 3of8/Fox Audio Post-Production - Electromagnetic – Field & Emissions/EMF_Dishwasher.wav,"creatures_wildlife,world_ambience",World,Assets/ThirdParty/Sonniss/Selected/World/2018/Fox Audio Post-Production - Elec-080eb5/EMF_Dishwasher.wav,47253230,c6fa76fa0df3dcf15baf4aa8018cadd3051d606e5a15648ab226ec4e57b50cca,all variations retained from a selected game-fit pack,
2018,Sonniss.com - GDC 2018 - Game Audio Bundle Part 3of8.zip,Fox Audio Post-Production - Electromagnetic – Field & Emissions,Sonniss.com - GDC 2018 - Game Audio Bundle Part 3of8/Fox Audio Post-Production - Electromagnetic – Field & Emissions/EMF_Nose_Trimmer_01.wav,"creatures_wildlife,world_ambience",World,Assets/ThirdParty/Sonniss/Selected/World/2018/Fox Audio Post-Production - Elec-080eb5/EMF_Nose_Trimmer_01.wav,9406636,d2ba1a9c3de42d2f23a5681fac57d04b084301b5c5a9b1ce42887f2ad3c2f8f6,all variations retained from a selected game-fit pack,
2018,Sonniss.com - GDC 2018 - Game Audio Bundle Part 3of8.zip,Fox Audio Post-Production - Electromagnetic – Field & Emissions,Sonniss.com - GDC 2018 - Game Audio Bundle Part 3of8/Fox Audio Post-Production - Electromagnetic – Field & Emissions/EMF_Toaster.wav,"creatures_wildlife,world_ambience",World,Assets/ThirdParty/Sonniss/Selected/World/2018/Fox Audio Post-Production - Elec-080eb5/EMF_Toaster.wav,35295716,5acf198c8e03967f35a96058960bec61e69f6d28a35b7cb5869e200f7c7b114d,all variations retained from a selected game-fit pack,
2018,Sonniss.com - GDC 2018 - Game Audio Bundle Part 3of8.zip,G4F SFX - SFX09 - Metal,Sonniss.com - GDC 2018 - Game Audio Bundle Part 3of8/G4F SFX - SFX09 - Metal/G4F SFX09 - METAL - Metal Tube Rolling on Metal Bars - U87.wav,survival_crafting,SurvivalCrafting,Assets/ThirdParty/Sonniss/Selected/SurvivalCrafting/2018/G4F SFX - SFX09 - Metal-5b5b15/G4F SFX09 - METAL - Metal Tube Rolling on Metal Bars - U87.wav,25224166,93bf894861223d95500532a351744a955a57fba336d9e1548b0162a97dc591d5,all variations retained from a selected game-fit pack,
2018,Sonniss.com - GDC 2018 - Game Audio Bundle Part 3of8.zip,G4F SFX - SFX09 - Metal,Sonniss.com - GDC 2018 - Game Audio Bundle Part 3of8/G4F SFX - SFX09 - Metal/G4F SFX09 - METAL - Mixer Type 2 in Metal Vent - Short - Contact.wav,survival_crafting,SurvivalCrafting,Assets/ThirdParty/Sonniss/Selected/SurvivalCrafting/2018/G4F SFX - SFX09 - Metal-5b5b15/G4F SFX09 - METAL - Mixer Type 2 in Metal Vent - Short - Contact.wav,4881314,dcc80d57d26a54c0f2944b522c422e089c9b5132ced1baac0fde9bf32f5d0bfa,all variations retained from a selected game-fit pack,
2018,Sonniss.com - GDC 2018 - Game Audio Bundle Part 3of8.zip,G4F SFX - SFX09 - Metal,Sonniss.com - GDC 2018 - Game Audio Bundle Part 3of8/G4F SFX - SFX09 - Metal/G4F SFX09 Design - METAL - Earthquake 01.wav,survival_crafting,SurvivalCrafting,Assets/ThirdParty/Sonniss/Selected/SurvivalCrafting/2018/G4F SFX - SFX09 - Metal-5b5b15/G4F SFX09 Design - METAL - Earthquake 01.wav,31862252,85fab45b70c0b777d6219147d3be27dc55b1708b1359f11d958352125f16f657,all variations retained from a selected game-fit pack,
2018,Sonniss.com - GDC 2018 - Game Audio Bundle Part 3of8.zip,Gamemaster Audio - Animal Sounds,Sonniss.com - GDC 2018 - Game Audio Bundle Part 3of8/Gamemaster Audio - Animal Sounds/bear_pain_hurt_groan_01.wav,creatures_wildlife,Creatures,Assets/ThirdParty/Sonniss/Selected/Creatures/2018/Gamemaster Audio - Animal Sounds-ab6273/bear_pain_hurt_groan_01.wav,627236,4c25b0c22bd62171ec5b0aa2692f826aaea5f0583dc2c9ee1a4a0231137070bf,all variations retained from a selected game-fit pack,
2018,Sonniss.com - GDC 2018 - Game Audio Bundle Part 3of8.zip,Gamemaster Audio - Animal Sounds,Sonniss.com - GDC 2018 - Game Audio Bundle Part 3of8/Gamemaster Audio - Animal Sounds/bird_crow_call_caw_squawk_close_01.wav,creatures_wildlife,Creatures,Assets/ThirdParty/Sonniss/Selected/Creatures/2018/Gamemaster Audio - Animal Sounds-ab6273/bird_crow_call_caw_squawk_close_01.wav,1353644,bdb2cfa393b56983cd094939ecfe2f13c80fb605b4f7a1c15e924b1dffbeea0d,all variations retained from a selected game-fit pack,
2018,Sonniss.com - GDC 2018 - Game Audio Bundle Part 3of8.zip,Gamemaster Audio - Animal Sounds,Sonniss.com - GDC 2018 - Game Audio Bundle Part 3of8/Gamemaster Audio - Animal Sounds/goat_call_03.wav,creatures_wildlife,Creatures,Assets/ThirdParty/Sonniss/Selected/Creatures/2018/Gamemaster Audio - Animal Sounds-ab6273/goat_call_03.wav,321734,a59a30cd8628d4525c72acf086189d4c8145f2a1ea9dddcd0eb7f8e984e25ccd,all variations retained from a selected game-fit pack,
2018,Sonniss.com - GDC 2018 - Game Audio Bundle Part 3of8.zip,Gamemaster Audio - Animal Sounds,Sonniss.com - GDC 2018 - Game Audio Bundle Part 3of8/Gamemaster Audio - Animal Sounds/snake_hiss_03.wav,creatures_wildlife,Creatures,Assets/ThirdParty/Sonniss/Selected/Creatures/2018/Gamemaster Audio - Animal Sounds-ab6273/snake_hiss_03.wav,929942,c33cf3f943e5ae6c206fe8d99b9a140a08d17b0a3fdf419cbbcd13e8e976505c,all variations retained from a selected game-fit pack,
2018,Sonniss.com - GDC 2018 - Game Audio Bundle Part 3of8.zip,Gamemaster Audio - Footstep and Foley Sounds,Sonniss.com - GDC 2018 - Game Audio Bundle Part 3of8/Gamemaster Audio - Footstep and Foley Sounds/foley_soldier_gear_equipment_metal_cloth_heavy_movement_light_08.wav,"survival_crafting,movement_foley,ui_feedback",UI,Assets/ThirdParty/Sonniss/Selected/UI/2018/Gamemaster Audio - Footstep and-3be663/foley_soldier_gear_equipment_metal_cloth_heavy_movement_light_08.wav,620714,fcea0d3bb242ab3e9ff240b8adfbdff9678cb86a58795af1765c014d16c87d0d,all variations retained from a selected game-fit pack,
2018,Sonniss.com - GDC 2018 - Game Audio Bundle Part 3of8.zip,Gamemaster Audio - Footstep and Foley Sounds,Sonniss.com - GDC 2018 - Game Audio Bundle Part 3of8/Gamemaster Audio - Footstep and Foley Sounds/foley_sports_bag_grab_pickup_catch_04.wav,"survival_crafting,movement_foley",Movement,Assets/ThirdParty/Sonniss/Selected/Movement/2018/Gamemaster Audio - Footstep and-3be663/foley_sports_bag_grab_pickup_catch_04.wav,182456,11a5fc2e25e2f0b1cef7c1b179cfcf8169fbbbcb344fe10155f194d78030cea5,all variations retained from a selected game-fit pack,
2018,Sonniss.com - GDC 2018 - Game Audio Bundle Part 3of8.zip,Gamemaster Audio - Footstep and Foley Sounds,Sonniss.com - GDC 2018 - Game Audio Bundle Part 3of8/Gamemaster Audio - Footstep and Foley Sounds/footstep_ice_crunchy_run_01.wav,"world_ambience,movement_foley",Movement,Assets/ThirdParty/Sonniss/Selected/Movement/2018/Gamemaster Audio - Footstep and-3be663/footstep_ice_crunchy_run_01.wav,191108,ced30390cd648e6b52040a4da7792ef00685b8888c48fdabb954ed2b68128bbc,all variations retained from a selected game-fit pack,
2018,Sonniss.com - GDC 2018 - Game Audio Bundle Part 3of8.zip,Gamemaster Audio - Footstep and Foley Sounds,Sonniss.com - GDC 2018 - Game Audio Bundle Part 3of8/Gamemaster Audio - Footstep and Foley Sounds/footstep_ice_crunchy_run_02.wav,"world_ambience,movement_foley",Movement,Assets/ThirdParty/Sonniss/Selected/Movement/2018/Gamemaster Audio - Footstep and-3be663/footstep_ice_crunchy_run_02.wav,242912,65760567538df3676bdf4de90436a9423e9b873879e5d42ae2f0200438f715f6,all variations retained from a selected game-fit pack,
2018,Sonniss.com - GDC 2018 - Game Audio Bundle Part 3of8.zip,Gamemaster Audio - Magic and Spell Sounds,Sonniss.com - GDC 2018 - Game Audio Bundle Part 3of8/Gamemaster Audio - Magic and Spell Sounds/casting_charge_matter_grow_04.wav,magic_supernatural,Magic,Assets/ThirdParty/Sonniss/Selected/Magic/2018/Gamemaster Audio - Magic and Spe-6e7e4e/casting_charge_matter_grow_04.wav,673570,27c0faf91f7c4909e3b4db6fddde295d4fe504c95d87449db36329babb3af0f4,all variations retained from a selected game-fit pack,
2018,Sonniss.com - GDC 2018 - Game Audio Bundle Part 3of8.zip,Gamemaster Audio - Magic and Spell Sounds,Sonniss.com - GDC 2018 - Game Audio Bundle Part 3of8/Gamemaster Audio - Magic and Spell Sounds/dark_portal_wind_effect_04.wav,"magic_supernatural,world_ambience",Magic,Assets/ThirdParty/Sonniss/Selected/Magic/2018/Gamemaster Audio - Magic and Spe-6e7e4e/dark_portal_wind_effect_04.wav,4163874,ad7dd2181d0d292dd05e511e2f76e532dce8cff60fcb12097f879a378173e299,all variations retained from a selected game-fit pack,
2018,Sonniss.com - GDC 2018 - Game Audio Bundle Part 3of8.zip,Gamemaster Audio - Magic and Spell Sounds,Sonniss.com - GDC 2018 - Game Audio Bundle Part 3of8/Gamemaster Audio - Magic and Spell Sounds/electric_surge_blast_04.wav,magic_supernatural,Magic,Assets/ThirdParty/Sonniss/Selected/Magic/2018/Gamemaster Audio - Magic and Spe-6e7e4e/electric_surge_blast_04.wav,1106662,c8cb6d5c07cad87277bfdf577b8f95e47916f2fff932dc48ad771c3b7640e474,all variations retained from a selected game-fit pack,
2018,Sonniss.com - GDC 2018 - Game Audio Bundle Part 3of8.zip,Gamemaster Audio - Magic and Spell Sounds,Sonniss.com - GDC 2018 - Game Audio Bundle Part 3of8/Gamemaster Audio - Magic and Spell Sounds/water_blast_projectile_spell_03.wav,"combat,magic_supernatural,world_ambience",Magic,Assets/ThirdParty/Sonniss/Selected/Magic/2018/Gamemaster Audio - Magic and Spe-6e7e4e/water_blast_projectile_spell_03.wav,704794,2dda489c3fd77bdc067eefeecfa418e88fdca0ba7f18c8a4915223f357625d23,all variations retained from a selected game-fit pack,
2018,Sonniss.com - GDC 2018 - Game Audio Bundle Part 3of8.zip,Gibson and Ansell - Got Wood,Sonniss.com - GDC 2018 - Game Audio Bundle Part 3of8/Gibson and Ansell - Got Wood/BeechPlank_3x27x100cm_EndDropped30cmOntoMDF_SureSM57_Close.wav,survival_crafting,SurvivalCrafting,Assets/ThirdParty/Sonniss/Selected/SurvivalCrafting/2018/Gibson and Ansell - Got Wood-e744a0/BeechPlank_3x27x100cm_EndDropped30cmOntoMDF_SureSM57_Close.wav,6951863,b82ad81168657792cd576c91e633c8dc578bf4432d17aebdab9ecc4e42caad9c,all variations retained from a selected game-fit pack,
2018,Sonniss.com - GDC 2018 - Game Audio Bundle Part 3of8.zip,Gibson and Ansell - Got Wood,Sonniss.com - GDC 2018 - Game Audio Bundle Part 3of8/Gibson and Ansell - Got Wood/HardwoodOffcut_2x4x36cm_EdgeSlideMovementOnPlywood_AKGC1000_Medium.wav,"survival_crafting,movement_foley",Movement,Assets/ThirdParty/Sonniss/Selected/Movement/2018/Gibson and Ansell - Got Wood-e744a0/HardwoodOffcut_2x4x36cm_EdgeSlideMovementOnPlywood_AKGC1000_Medium.wav,6716687,fe8e209132577f3d67ee0e48ab5ea8b0148782f90c4aae5c4ac97bd1672ab966,all variations retained from a selected game-fit pack,
2018,Sonniss.com - GDC 2018 - Game Audio Bundle Part 3of8.zip,Gibson and Ansell - Got Wood,Sonniss.com - GDC 2018 - Game Audio Bundle Part 3of8/Gibson and Ansell - Got Wood/PineBlock_8x22x100cm_FaceDropped100cmOntoMDF_BeyerdynamicTG137c_Medium.wav,survival_crafting,SurvivalCrafting,Assets/ThirdParty/Sonniss/Selected/SurvivalCrafting/2018/Gibson and Ansell - Got Wood-e744a0/PineBlock_8x22x100cm_FaceDropped100cmOntoMDF_BeyerdynamicTG137c_Medium.wav,17092487,79889c99f0446f31a4c059ea1bad7c6ab8d425e270527e7b44f34505e363f664,all variations retained from a selected game-fit pack,
2018,Sonniss.com - GDC 2018 - Game Audio Bundle Part 3of8.zip,Gibson and Ansell - Got Wood,Sonniss.com - GDC 2018 - Game Audio Bundle Part 3of8/Gibson and Ansell - Got Wood/PlywoodOffcut_2x33x35cm_RandomlyDropped100cmOntoMDF_Se2200A_Medium.wav,survival_crafting,SurvivalCrafting,Assets/ThirdParty/Sonniss/Selected/SurvivalCrafting/2018/Gibson and Ansell - Got Wood-e744a0/PlywoodOffcut_2x33x35cm_RandomlyDropped100cmOntoMDF_Se2200A_Medium.wav,6868316,42bf1aa2c51b77e69fd6f97054fc6eda4e488c27cbefea761f0260d8836e9b05,all variations retained from a selected game-fit pack,
2018,Sonniss.com - GDC 2018 - Game Audio Bundle Part 3of8.zip,Glitchedtones - Impact,Sonniss.com - GDC 2018 - Game Audio Bundle Part 3of8/Glitchedtones - Impact/Impact - Abstract 05.wav,combat,Combat,Assets/ThirdParty/Sonniss/Selected/Combat/2018/Glitchedtones - Impact-ab1427/Impact - Abstract 05.wav,1153054,7f19cfb59f0aca45c9f0a15a3a3033103a20ab7467dbf6e97e1f0119e20c9e96,all variations retained from a selected game-fit pack,
2018,Sonniss.com - GDC 2018 - Game Audio Bundle Part 3of8.zip,Glitchedtones - Impact,Sonniss.com - GDC 2018 - Game Audio Bundle Part 3of8/Glitchedtones - Impact/Impact - Dark Bass 05.wav,combat,Combat,Assets/ThirdParty/Sonniss/Selected/Combat/2018/Glitchedtones - Impact-ab1427/Impact - Dark Bass 05.wav,629422,5df02ca183c9bde367ea430708ca33d908e3d60aeb4db7a0c1ec89137f0ed280,all variations retained from a selected game-fit pack,
2018,Sonniss.com - GDC 2018 - Game Audio Bundle Part 3of8.zip,Glitchedtones - Impact,Sonniss.com - GDC 2018 - Game Audio Bundle Part 3of8/Glitchedtones - Impact/Impact - Large Space 02.wav,combat,Combat,Assets/ThirdParty/Sonniss/Selected/Combat/2018/Glitchedtones - Impact-ab1427/Impact - Large Space 02.wav,655690,c3db5e33f45ec9a04e59855c0f4be420dd5a2f471313b495b23b7f156eec8782,all variations retained from a selected game-fit pack,
2018,Sonniss.com - GDC 2018 - Game Audio Bundle Part 3of8.zip,Glitchedtones - Impact,Sonniss.com - GDC 2018 - Game Audio Bundle Part 3of8/Glitchedtones - Impact/Impact - Tech Debris 12.wav,"combat,survival_crafting",Combat,Assets/ThirdParty/Sonniss/Selected/Combat/2018/Glitchedtones - Impact-ab1427/Impact - Tech Debris 12.wav,1310326,2e1060b3a46dcd46f137e7b4ceb8e6103b56b7722bd7edb02feb53721bd39f15,all variations retained from a selected game-fit pack,
2018,Sonniss.com - GDC 2018 - Game Audio Bundle Part 3of8.zip,Gregor Quendel - Designed Ice,Sonniss.com - GDC 2018 - Game Audio Bundle Part 3of8/Gregor Quendel - Designed Ice/Designed Ice - EVO23 - Melodic cracking texture 2.wav,world_ambience,World,Assets/ThirdParty/Sonniss/Selected/World/2018/Gregor Quendel - Designed Ice-f77410/Designed Ice - EVO23 - Melodic cracking texture 2.wav,3267776,cbb2ff123d157307dafad55056a7909111e7e33d026e24b77d8438057901a294,all variations retained from a selected game-fit pack,
2018,Sonniss.com - GDC 2018 - Game Audio Bundle Part 3of8.zip,Gregor Quendel - Designed Ice,Sonniss.com - GDC 2018 - Game Audio Bundle Part 3of8/Gregor Quendel - Designed Ice/Designed Ice - HIT26 - Rhythmic crack impact 6.wav,"combat,world_ambience",Combat,Assets/ThirdParty/Sonniss/Selected/Combat/2018/Gregor Quendel - Designed Ice-f77410/Designed Ice - HIT26 - Rhythmic crack impact 6.wav,1067830,54603102cd3e905afa9264d3384abd680499997f43e50fdf2c69026a72646dd8,all variations retained from a selected game-fit pack,
2018,Sonniss.com - GDC 2018 - Game Audio Bundle Part 3of8.zip,Gregor Quendel - Designed Ice,"Sonniss.com - GDC 2018 - Game Audio Bundle Part 3of8/Gregor Quendel - Designed Ice/Designed Ice - HIT27 - Texture, flap filtered movement.wav","combat,world_ambience,movement_foley",Combat,"Assets/ThirdParty/Sonniss/Selected/Combat/2018/Gregor Quendel - Designed Ice-f77410/Designed Ice - HIT27 - Texture, flap filtered movement.wav",862450,c4926ddcb8536fdfca26f3c9cfab209845d4357fbf4b05f01c518fe71b3499e6,all variations retained from a selected game-fit pack,
2018,Sonniss.com - GDC 2018 - Game Audio Bundle Part 3of8.zip,Gregor Quendel - Designed Ice,Sonniss.com - GDC 2018 - Game Audio Bundle Part 3of8/Gregor Quendel - Designed Ice/Designed Ice - RAW07.wav,world_ambience,World,Assets/ThirdParty/Sonniss/Selected/World/2018/Gregor Quendel - Designed Ice-f77410/Designed Ice - RAW07.wav,811036,d092fec20bcd31298706b800712e2e2b686ebf97399336aa83f452d7dcb06a11,all variations retained from a selected game-fit pack,
2018,Sonniss.com - GDC 2018 - Game Audio Bundle Part 4of8.zip,Ivo Vicic - Bora wind - European local wind,Sonniss.com - GDC 2018 - Game Audio Bundle Part 4of8/Ivo Vicic - Bora wind - European local wind/03 Wind_grass_ strong_hurricane blast 3.wav,"survival_crafting,world_ambience",World,Assets/ThirdParty/Sonniss/Selected/World/2018/Ivo Vicic - Bora wind - European-e06a9d/03 Wind_grass_ strong_hurricane blast 3.wav,46176972,8ca1048fa7844629cab43a6b4691a44eed610df5753fc2e83c61b0638e9eed1c,all variations retained from a selected game-fit pack,
2018,Sonniss.com - GDC 2018 - Game Audio Bundle Part 4of8.zip,Ivo Vicic - Bora wind - European local wind,Sonniss.com - GDC 2018 - Game Audio Bundle Part 4of8/Ivo Vicic - Bora wind - European local wind/14 Wind_dead leaves_whoosh_forest_birds.wav,"combat,creatures_wildlife,survival_crafting,world_ambience",Creatures,Assets/ThirdParty/Sonniss/Selected/Creatures/2018/Ivo Vicic - Bora wind - European-e06a9d/14 Wind_dead leaves_whoosh_forest_birds.wav,127672062,eb466c7752d2be4cc9dabcbe281576a428fb89c87b0001c9e79cadf362ad4f6a,all variations retained from a selected game-fit pack,
2018,Sonniss.com - GDC 2018 - Game Audio Bundle Part 4of8.zip,Ivo Vicic - Bora wind - European local wind,Sonniss.com - GDC 2018 - Game Audio Bundle Part 4of8/Ivo Vicic - Bora wind - European local wind/31 Wind_squeaking_tree_leaves_branches_bird.wav,"creatures_wildlife,survival_crafting,world_ambience",Creatures,Assets/ThirdParty/Sonniss/Selected/Creatures/2018/Ivo Vicic - Bora wind - European-e06a9d/31 Wind_squeaking_tree_leaves_branches_bird.wav,126910674,5b838a119ad8d34f48fbb82e60305fbbc375bf0e835679f9cd7c4a304659d587,all variations retained from a selected game-fit pack,
2018,Sonniss.com - GDC 2018 - Game Audio Bundle Part 4of8.zip,Ivo Vicic - Bora wind - European local wind,Sonniss.com - GDC 2018 - Game Audio Bundle Part 4of8/Ivo Vicic - Bora wind - European local wind/38 Wind_hurricane_wires_whistle.wav,"survival_crafting,world_ambience",World,Assets/ThirdParty/Sonniss/Selected/World/2018/Ivo Vicic - Bora wind - European-e06a9d/38 Wind_hurricane_wires_whistle.wav,124854168,99fc0081503e16db9deb3c635724b340e48b9221b279a70da3c27ecff7e0e0b2,all variations retained from a selected game-fit pack,
2018,Sonniss.com - GDC 2018 - Game Audio Bundle Part 4of8.zip,Ivo Vicic - Sirocco Sea Storm - Mediterranean sea,Sonniss.com - GDC 2018 - Game Audio Bundle Part 4of8/Ivo Vicic - Sirocco Sea Storm - Mediterranean sea/06 Mid waves_stone_beach_near field 1_ AKG.wav,"survival_crafting,world_ambience",SurvivalCrafting,Assets/ThirdParty/Sonniss/Selected/SurvivalCrafting/2018/Ivo Vicic - Sirocco Sea Storm --eef9d5/06 Mid waves_stone_beach_near field 1_ AKG.wav,108468276,d1bc9b8efe5756fe79f8c573066c19b67bc7c9906ef6532d8e649e35c911f077,all variations retained from a selected game-fit pack,
2018,Sonniss.com - GDC 2018 - Game Audio Bundle Part 4of8.zip,Ivo Vicic - Sirocco Sea Storm - Mediterranean sea,Sonniss.com - GDC 2018 - Game Audio Bundle Part 4of8/Ivo Vicic - Sirocco Sea Storm - Mediterranean sea/17 Heavy waves_on rocks_near field_rain 3.wav,"survival_crafting,world_ambience",SurvivalCrafting,Assets/ThirdParty/Sonniss/Selected/SurvivalCrafting/2018/Ivo Vicic - Sirocco Sea Storm --eef9d5/17 Heavy waves_on rocks_near field_rain 3.wav,52113282,21ba21c3d5274de9a67f3f55939922e25a43a4c878b7ca3facd43c6990493916,all variations retained from a selected game-fit pack,
2018,Sonniss.com - GDC 2018 - Game Audio Bundle Part 4of8.zip,Ivo Vicic - Sirocco Sea Storm - Mediterranean sea,Sonniss.com - GDC 2018 - Game Audio Bundle Part 4of8/Ivo Vicic - Sirocco Sea Storm - Mediterranean sea/29 Tunnel_near field_splush 2.wav,world_ambience,World,Assets/ThirdParty/Sonniss/Selected/World/2018/Ivo Vicic - Sirocco Sea Storm --eef9d5/29 Tunnel_near field_splush 2.wav,54880362,b305b71ea43728344ef0102bca1e8d8154918332775a9b2c990ed4c1ec4074fa,all variations retained from a selected game-fit pack,
2018,Sonniss.com - GDC 2018 - Game Audio Bundle Part 4of8.zip,Ivo Vicic - Sirocco Sea Storm - Mediterranean sea,Sonniss.com - GDC 2018 - Game Audio Bundle Part 4of8/Ivo Vicic - Sirocco Sea Storm - Mediterranean sea/43 Inside boat_rain 2.wav,world_ambience,World,Assets/ThirdParty/Sonniss/Selected/World/2018/Ivo Vicic - Sirocco Sea Storm --eef9d5/43 Inside boat_rain 2.wav,33067764,395a17cd365a1f065999964ddabb398ce9f36256ca8ebf8e1d9f63a256a34364,all variations retained from a selected game-fit pack,
2018,Sonniss.com - GDC 2018 - Game Audio Bundle Part 4of8.zip,Ivo Vicic - Underwater textures,Sonniss.com - GDC 2018 - Game Audio Bundle Part 4of8/Ivo Vicic - Underwater textures/14.wav,world_ambience,World,Assets/ThirdParty/Sonniss/Selected/World/2018/Ivo Vicic - Underwater textures-08b60f/14.wav,41054208,d257b31036c46043d0af335c819c242fc193a72293906cf89e775aa2fb2ed05a,all variations retained from a selected game-fit pack,
2018,Sonniss.com - GDC 2018 - Game Audio Bundle Part 4of8.zip,Ivo Vicic - Underwater textures,Sonniss.com - GDC 2018 - Game Audio Bundle Part 4of8/Ivo Vicic - Underwater textures/53.wav,world_ambience,World,Assets/ThirdParty/Sonniss/Selected/World/2018/Ivo Vicic - Underwater textures-08b60f/53.wav,41247696,cd6adb1a671adc4c916c3a971fa1a977a82cd020a965cd6b3e5dfd59e41c7466,all variations retained from a selected game-fit pack,
2018,Sonniss.com - GDC 2018 - Game Audio Bundle Part 4of8.zip,Ivo Vicic - Underwater textures,Sonniss.com - GDC 2018 - Game Audio Bundle Part 4of8/Ivo Vicic - Underwater textures/81.wav,world_ambience,World,Assets/ThirdParty/Sonniss/Selected/World/2018/Ivo Vicic - Underwater textures-08b60f/81.wav,110295408,13d88cc24265fefc295e1231c4bb87c9ff4720b72aca66ded796cb88eff73fcf,all variations retained from a selected game-fit pack,
2018,Sonniss.com - GDC 2018 - Game Audio Bundle Part 4of8.zip,Ivo Vicic - Underwater textures,Sonniss.com - GDC 2018 - Game Audio Bundle Part 4of8/Ivo Vicic - Underwater textures/91.wav,world_ambience,World,Assets/ThirdParty/Sonniss/Selected/World/2018/Ivo Vicic - Underwater textures-08b60f/91.wav,36876288,27be1dafc547f0211b3a1b47aa0e7a895f1c5b7deaaa78b04eb8978298d65a2f,all variations retained from a selected game-fit pack,
2018,Sonniss.com - GDC 2018 - Game Audio Bundle Part 4of8.zip,Lukas Tvrdon - 6Monsters,Sonniss.com - GDC 2018 - Game Audio Bundle Part 4of8/Lukas Tvrdon - 6Monsters/6Monsters_Behemoth_Talk_04.wav,creatures_wildlife,Creatures,Assets/ThirdParty/Sonniss/Selected/Creatures/2018/Lukas Tvrdon - 6Monsters-b04542/6Monsters_Behemoth_Talk_04.wav,704714,facec8cd1ebc21606081cf12980a31c29da945c93cf1ddd2e1923f3457c2d259,all variations retained from a selected game-fit pack,
2018,Sonniss.com - GDC 2018 - Game Audio Bundle Part 4of8.zip,Lukas Tvrdon - 6Monsters,Sonniss.com - GDC 2018 - Game Audio Bundle Part 4of8/Lukas Tvrdon - 6Monsters/6Monsters_BlackBoss_Scream_04.wav,creatures_wildlife,Creatures,Assets/ThirdParty/Sonniss/Selected/Creatures/2018/Lukas Tvrdon - 6Monsters-b04542/6Monsters_BlackBoss_Scream_04.wav,638434,a4e49ef17308a124b519b12eb397470412f0070f1037801b589fe86c5c982716,all variations retained from a selected game-fit pack,
2018,Sonniss.com - GDC 2018 - Game Audio Bundle Part 4of8.zip,Lukas Tvrdon - 6Monsters,Sonniss.com - GDC 2018 - Game Audio Bundle Part 4of8/Lukas Tvrdon - 6Monsters/6Monsters_DeadBaby_Talk_01.wav,creatures_wildlife,Creatures,Assets/ThirdParty/Sonniss/Selected/Creatures/2018/Lukas Tvrdon - 6Monsters-b04542/6Monsters_DeadBaby_Talk_01.wav,1345206,ea50ac77064ca0af86cd59e1795bb2508acb88495374cf904a06afc2227d963f,all variations retained from a selected game-fit pack,
2018,Sonniss.com - GDC 2018 - Game Audio Bundle Part 4of8.zip,Lukas Tvrdon - 6Monsters,Sonniss.com - GDC 2018 - Game Audio Bundle Part 4of8/Lukas Tvrdon - 6Monsters/6Monsters_TwinHead_Death_03.wav,"creatures_wildlife,survival_crafting",Creatures,Assets/ThirdParty/Sonniss/Selected/Creatures/2018/Lukas Tvrdon - 6Monsters-b04542/6Monsters_TwinHead_Death_03.wav,641422,a08434bf53093e329b2e2d390391f031d12eaa1a08c1db29f135fc49191a2c41,all variations retained from a selected game-fit pack,
2018,Sonniss.com - GDC 2018 - Game Audio Bundle Part 4of8.zip,Olivier Girardot - Monsters,Sonniss.com - GDC 2018 - Game Audio Bundle Part 4of8/Olivier Girardot - Monsters/Dragon Tail 1.wav,creatures_wildlife,Creatures,Assets/ThirdParty/Sonniss/Selected/Creatures/2018/Olivier Girardot - Monsters-0750ed/Dragon Tail 1.wav,1256618,bff1e076dea0c298bade63ec0be7324b6761fc7ce0b0fe1d324751371e199267,all variations retained from a selected game-fit pack,
2018,Sonniss.com - GDC 2018 - Game Audio Bundle Part 4of8.zip,Olivier Girardot - Monsters,Sonniss.com - GDC 2018 - Game Audio Bundle Part 4of8/Olivier Girardot - Monsters/Monster Bite 3.wav,creatures_wildlife,Creatures,Assets/ThirdParty/Sonniss/Selected/Creatures/2018/Olivier Girardot - Monsters-0750ed/Monster Bite 3.wav,416476,7193d1d8f9e4d76e383f1b80570244a74101b46c5da04efa27b620843c8c6e78,all variations retained from a selected game-fit pack,
2018,Sonniss.com - GDC 2018 - Game Audio Bundle Part 4of8.zip,Olivier Girardot - Monsters,Sonniss.com - GDC 2018 - Game Audio Bundle Part 4of8/Olivier Girardot - Monsters/Monster Growls 4.wav,creatures_wildlife,Creatures,Assets/ThirdParty/Sonniss/Selected/Creatures/2018/Olivier Girardot - Monsters-0750ed/Monster Growls 4.wav,4260986,94e47f779de1e11ce1252c4aaaf1491de5d927f8ca164d3ffc8741f116d5cff7,all variations retained from a selected game-fit pack,
2018,Sonniss.com - GDC 2018 - Game Audio Bundle Part 4of8.zip,Olivier Girardot - Monsters,Sonniss.com - GDC 2018 - Game Audio Bundle Part 4of8/Olivier Girardot - Monsters/Monster Tail Hit on Chainmail.wav,"combat,creatures_wildlife",Creatures,Assets/ThirdParty/Sonniss/Selected/Creatures/2018/Olivier Girardot - Monsters-0750ed/Monster Tail Hit on Chainmail.wav,746336,448a4067cc8e3fc780e4ddf25036575ae549d19106f4cfc726aaf5fc5599fd6e,all variations retained from a selected game-fit pack,
2018,Sonniss.com - GDC 2018 - Game Audio Bundle Part 4of8.zip,"Omar Alvarado - Household, kitchen and hotel sounds","Sonniss.com - GDC 2018 - Game Audio Bundle Part 4of8/Omar Alvarado - Household, kitchen and hotel sounds/Electric power surge protector turned on with beep and loud relay clicks, pause, relay click with buzz2.wav",survival_crafting,SurvivalCrafting,"Assets/ThirdParty/Sonniss/Selected/SurvivalCrafting/2018/Omar Alvarado - Household, kitch-05cfde/Electric power surge protector turned on with beep and loud relay clicks, pause, relay click with buzz2.wav",1972488,a5ddedf7e9e996420c8fdee429a932bbff5b0cbcc91ce877e50f3fbe402d697f,all variations retained from a selected game-fit pack,
2018,Sonniss.com - GDC 2018 - Game Audio Bundle Part 4of8.zip,"Omar Alvarado - Household, kitchen and hotel sounds","Sonniss.com - GDC 2018 - Game Audio Bundle Part 4of8/Omar Alvarado - Household, kitchen and hotel sounds/kitchen, cooking general perspective.wav",survival_crafting,SurvivalCrafting,"Assets/ThirdParty/Sonniss/Selected/SurvivalCrafting/2018/Omar Alvarado - Household, kitch-05cfde/kitchen, cooking general perspective.wav",35370682,9e4aa1673c5863b5bc4c866a4dcfbbb1ea7a481bbde1b85556205fde6e5ee2ad,all variations retained from a selected game-fit pack,
2018,Sonniss.com - GDC 2018 - Game Audio Bundle Part 4of8.zip,"Omar Alvarado - Household, kitchen and hotel sounds","Sonniss.com - GDC 2018 - Game Audio Bundle Part 4of8/Omar Alvarado - Household, kitchen and hotel sounds/sink, running, maximum stream of water, shut off.wav","survival_crafting,world_ambience,movement_foley",Movement,"Assets/ThirdParty/Sonniss/Selected/Movement/2018/Omar Alvarado - Household, kitch-05cfde/sink, running, maximum stream of water, shut off.wav",3363188,711458a55cf341a72fb8d15b9fe6ed010e33d00460f485fc5fa61106cb2c3637,all variations retained from a selected game-fit pack,
2018,Sonniss.com - GDC 2018 - Game Audio Bundle Part 4of8.zip,"Omar Alvarado - Household, kitchen and hotel sounds","Sonniss.com - GDC 2018 - Game Audio Bundle Part 4of8/Omar Alvarado - Household, kitchen and hotel sounds/washing hands inside a bathroom mostly empty soap pump sink on then off.wav",survival_crafting,SurvivalCrafting,"Assets/ThirdParty/Sonniss/Selected/SurvivalCrafting/2018/Omar Alvarado - Household, kitch-05cfde/washing hands inside a bathroom mostly empty soap pump sink on then off.wav",3573368,71691a2aadaedba9af05ac310bf015ba9035f21cd5c82d398abf3a96ccd13695,all variations retained from a selected game-fit pack,
2018,Sonniss.com - GDC 2018 - Game Audio Bundle Part 5of8.zip,soniKSound - Data Streams,Sonniss.com - GDC 2018 - Game Audio Bundle Part 5of8/soniKSound - Data Streams/KS-DST - Alert 1 - Loop A.wav,,World,Assets/ThirdParty/Sonniss/Selected/World/2018/soniKSound - Data Streams-fa70bb/KS-DST - Alert 1 - Loop A.wav,4585282,fc932a9af639e85491452e1a23cd022b666b133c5046b7b39c6fef209530b2d2,all variations retained from a selected game-fit pack,
2018,Sonniss.com - GDC 2018 - Game Audio Bundle Part 5of8.zip,soniKSound - Data Streams,Sonniss.com - GDC 2018 - Game Audio Bundle Part 5of8/soniKSound - Data Streams/KS-DST - Data Stream Confirm 01.wav,,World,Assets/ThirdParty/Sonniss/Selected/World/2018/soniKSound - Data Streams-fa70bb/KS-DST - Data Stream Confirm 01.wav,908330,8feeaf1fa4d946b7e73f0edbf78fc3780b7da5ac35ba55a900995609348a4f34,all variations retained from a selected game-fit pack,
2018,Sonniss.com - GDC 2018 - Game Audio Bundle Part 5of8.zip,soniKSound - Data Streams,Sonniss.com - GDC 2018 - Game Audio Bundle Part 5of8/soniKSound - Data Streams/KS-DST - System 3 - Shutdown C.wav,,World,Assets/ThirdParty/Sonniss/Selected/World/2018/soniKSound - Data Streams-fa70bb/KS-DST - System 3 - Shutdown C.wav,1724396,f85436b80bcadfb62185a8bfb10d5359c9a561b495acbe99b7e2ac5dcc71401b,all variations retained from a selected game-fit pack,
2018,Sonniss.com - GDC 2018 - Game Audio Bundle Part 5of8.zip,SoundMorph - Monster Within,Sonniss.com - GDC 2018 - Game Audio Bundle Part 5of8/SoundMorph - Monster Within/Monster Within - Bearer - Vocal_TakeDamage03.wav,creatures_wildlife,Creatures,Assets/ThirdParty/Sonniss/Selected/Creatures/2018/SoundMorph - Monster Within-0c0068/Monster Within - Bearer - Vocal_TakeDamage03.wav,1421078,e713540b4da70fa5f8dd5a6ae72d360f42a6b036162ecb36354ddda5b7aac0e8,all variations retained from a selected game-fit pack,
2018,Sonniss.com - GDC 2018 - Game Audio Bundle Part 5of8.zip,SoundMorph - Monster Within,Sonniss.com - GDC 2018 - Game Audio Bundle Part 5of8/SoundMorph - Monster Within/Monster Within - Hunter - Fley_Attack02.wav,creatures_wildlife,Creatures,Assets/ThirdParty/Sonniss/Selected/Creatures/2018/SoundMorph - Monster Within-0c0068/Monster Within - Hunter - Fley_Attack02.wav,917344,67e151f278a876386f10dee64a2995ebf80411979080f9bdaa20831b1aba63b3,all variations retained from a selected game-fit pack,
2018,Sonniss.com - GDC 2018 - Game Audio Bundle Part 5of8.zip,SoundMorph - Monster Within,Sonniss.com - GDC 2018 - Game Audio Bundle Part 5of8/SoundMorph - Monster Within/Monster Within - Large Beast - Taunt2Stun03.wav,creatures_wildlife,Creatures,Assets/ThirdParty/Sonniss/Selected/Creatures/2018/SoundMorph - Monster Within-0c0068/Monster Within - Large Beast - Taunt2Stun03.wav,1659516,bbe0aac37a62a244d597bfa26c14939e4bee1388d0e6c56144fbd815612a50cf,all variations retained from a selected game-fit pack,
2018,Sonniss.com - GDC 2018 - Game Audio Bundle Part 5of8.zip,SoundMorph - Monster Within,Sonniss.com - GDC 2018 - Game Audio Bundle Part 5of8/SoundMorph - Monster Within/Monster Within - Small Creature - Spawn_Up600_02.wav,"creatures_wildlife,survival_crafting",Creatures,Assets/ThirdParty/Sonniss/Selected/Creatures/2018/SoundMorph - Monster Within-0c0068/Monster Within - Small Creature - Spawn_Up600_02.wav,1995466,53bbe84ad5b8e16885b8f4bf1075ef4e1446fc4c13e228d7ab2cbbf9ccd89cf5,all variations retained from a selected game-fit pack,
2018,Sonniss.com - GDC 2018 - Game Audio Bundle Part 5of8.zip,SoundMorph - STEAMPUNK WEAPONS,Sonniss.com - GDC 2018 - Game Audio Bundle Part 5of8/SoundMorph - STEAMPUNK WEAPONS/Steampunk Weapons - Back From The Past - set_2.wav,combat,Combat,Assets/ThirdParty/Sonniss/Selected/Combat/2018/SoundMorph - STEAMPUNK WEAPONS-408c48/Steampunk Weapons - Back From The Past - set_2.wav,1796786,e920bcb15fe4ce4454fb691ee6fbefdc9101ecd93496da7a447c323b0a5cbfad,all variations retained from a selected game-fit pack,
2018,Sonniss.com - GDC 2018 - Game Audio Bundle Part 5of8.zip,SoundMorph - STEAMPUNK WEAPONS,Sonniss.com - GDC 2018 - Game Audio Bundle Part 5of8/SoundMorph - STEAMPUNK WEAPONS/Steampunk Weapons - Firestorm Flamer - set_1.wav,"combat,world_ambience",Combat,Assets/ThirdParty/Sonniss/Selected/Combat/2018/SoundMorph - STEAMPUNK WEAPONS-408c48/Steampunk Weapons - Firestorm Flamer - set_1.wav,1996922,85d9fdbb4a243634bff4e17f4f225ce4e3281d89ccb3d196c8bfde0d3ce0ef67,all variations retained from a selected game-fit pack,
2018,Sonniss.com - GDC 2018 - Game Audio Bundle Part 5of8.zip,SoundMorph - STEAMPUNK WEAPONS,Sonniss.com - GDC 2018 - Game Audio Bundle Part 5of8/SoundMorph - STEAMPUNK WEAPONS/Steampunk Weapons - Rocket Launcher - Shot - 04.wav,"combat,survival_crafting",Combat,Assets/ThirdParty/Sonniss/Selected/Combat/2018/SoundMorph - STEAMPUNK WEAPONS-408c48/Steampunk Weapons - Rocket Launcher - Shot - 04.wav,2080222,e42b12e793884f1ac333705167f7698a2fe9cb2c9d148029aa92ad82b6345371,all variations retained from a selected game-fit pack,
2018,Sonniss.com - GDC 2018 - Game Audio Bundle Part 5of8.zip,SoundMorph - STEAMPUNK WEAPONS,Sonniss.com - GDC 2018 - Game Audio Bundle Part 5of8/SoundMorph - STEAMPUNK WEAPONS/Steampunk Weapons - Shotgun 2 - Shot - 03.wav,combat,Combat,Assets/ThirdParty/Sonniss/Selected/Combat/2018/SoundMorph - STEAMPUNK WEAPONS-408c48/Steampunk Weapons - Shotgun 2 - Shot - 03.wav,2062780,2b2993646cead628dda133c02c0506bab3ccdaaaf877cc8e4c1ebf2e552cd3ed,all variations retained from a selected game-fit pack,
2018,Sonniss.com - GDC 2018 - Game Audio Bundle Part 5of8.zip,Soundrangers - Foley Elements Foliage,Sonniss.com - GDC 2018 - Game Audio Bundle Part 5of8/Soundrangers - Foley Elements Foliage/leaves_pile_pick_up_04.wav,"world_ambience,movement_foley",Movement,Assets/ThirdParty/Sonniss/Selected/Movement/2018/Soundrangers - Foley Elements Fo-b4c5e9/leaves_pile_pick_up_04.wav,1903346,240f542f865160ba802f52623e6817fddf4d1f45c0b95989f6b0b0209153eda2,all variations retained from a selected game-fit pack,
2018,Sonniss.com - GDC 2018 - Game Audio Bundle Part 5of8.zip,Soundrangers - Foley Elements Foliage,Sonniss.com - GDC 2018 - Game Audio Bundle Part 5of8/Soundrangers - Foley Elements Foliage/tree_bark_rotten_rip_03.wav,"creatures_wildlife,survival_crafting,movement_foley",Movement,Assets/ThirdParty/Sonniss/Selected/Movement/2018/Soundrangers - Foley Elements Fo-b4c5e9/tree_bark_rotten_rip_03.wav,851906,4bd0aef3dfa3503414a795e7eb4cbafc84e41cb89f02c3070409312a23a48c69,all variations retained from a selected game-fit pack,
2018,Sonniss.com - GDC 2018 - Game Audio Bundle Part 5of8.zip,Soundrangers - Foley Elements Foliage,Sonniss.com - GDC 2018 - Game Audio Bundle Part 5of8/Soundrangers - Foley Elements Foliage/tree_dead_tree_limb_impact_05.wav,"combat,survival_crafting,movement_foley",Combat,Assets/ThirdParty/Sonniss/Selected/Combat/2018/Soundrangers - Foley Elements Fo-b4c5e9/tree_dead_tree_limb_impact_05.wav,1370322,95f06838973e43912b3652aad8cbb14510c969498ea499de2082e312ff7dbda2,all variations retained from a selected game-fit pack,
2018,Sonniss.com - GDC 2018 - Game Audio Bundle Part 5of8.zip,Soundrangers - Foley Elements Foliage,Sonniss.com - GDC 2018 - Game Audio Bundle Part 5of8/Soundrangers - Foley Elements Foliage/tree_falling_04.wav,"survival_crafting,movement_foley",Movement,Assets/ThirdParty/Sonniss/Selected/Movement/2018/Soundrangers - Foley Elements Fo-b4c5e9/tree_falling_04.wav,11066798,4f8a65cdd874b6bc3afd39272f8b105656494270ab6eab2a216336dedd5ad2d3,all variations retained from a selected game-fit pack,
2018,Sonniss.com - GDC 2018 - Game Audio Bundle Part 5of8.zip,Soundrangers - Foley Elements Ice and Snow,Sonniss.com - GDC 2018 - Game Audio Bundle Part 5of8/Soundrangers - Foley Elements Ice and Snow/footstep_multiple_snow_boot_run_01_var03.wav,"world_ambience,movement_foley",Movement,Assets/ThirdParty/Sonniss/Selected/Movement/2018/Soundrangers - Foley Elements Ic-4104af/footstep_multiple_snow_boot_run_01_var03.wav,9492130,da149e78147a25e0e4b4ee809c7c50c186d9a2df424a089e41959923ee684916,all variations retained from a selected game-fit pack,
2018,Sonniss.com - GDC 2018 - Game Audio Bundle Part 5of8.zip,Soundrangers - Foley Elements Ice and Snow,Sonniss.com - GDC 2018 - Game Audio Bundle Part 5of8/Soundrangers - Foley Elements Ice and Snow/glacier_huge_shift_01.wav,"world_ambience,movement_foley",Movement,Assets/ThirdParty/Sonniss/Selected/Movement/2018/Soundrangers - Foley Elements Ic-4104af/glacier_huge_shift_01.wav,11173278,a85c9c4fa880be3a271f59e4d2d493333206856c39c1ebe237495c4cdac7809f,all variations retained from a selected game-fit pack,
2018,Sonniss.com - GDC 2018 - Game Audio Bundle Part 5of8.zip,Soundrangers - Foley Elements Ice and Snow,Sonniss.com - GDC 2018 - Game Audio Bundle Part 5of8/Soundrangers - Foley Elements Ice and Snow/ice_freeze_crack_04.wav,"world_ambience,movement_foley",Movement,Assets/ThirdParty/Sonniss/Selected/Movement/2018/Soundrangers - Foley Elements Ic-4104af/ice_freeze_crack_04.wav,1373070,f22e7647328342e71eaba9ce08c3c8e429d6c1f06c69ff0a5bb8b844d2f59e95,all variations retained from a selected game-fit pack,
2018,Sonniss.com - GDC 2018 - Game Audio Bundle Part 5of8.zip,Soundrangers - Foley Elements Ice and Snow,Sonniss.com - GDC 2018 - Game Audio Bundle Part 5of8/Soundrangers - Foley Elements Ice and Snow/snowball_impact_hard_13.wav,"combat,world_ambience,movement_foley",Combat,Assets/ThirdParty/Sonniss/Selected/Combat/2018/Soundrangers - Foley Elements Ic-4104af/snowball_impact_hard_13.wav,468438,7d4a99ae3068995c5e83c25b8cce7dc6159a5598207ce136343bd435382e73f4,all variations retained from a selected game-fit pack,
2018,Sonniss.com - GDC 2018 - Game Audio Bundle Part 5of8.zip,"Soundrangers - Foley Elements Rocks, Dirt And Stone","Sonniss.com - GDC 2018 - Game Audio Bundle Part 5of8/Soundrangers - Foley Elements Rocks, Dirt And Stone/boulder_impact_on_stones_14.wav","combat,survival_crafting,movement_foley",Combat,Assets/ThirdParty/Sonniss/Selected/Combat/2018/Soundrangers - Foley Elements Ro-e75b11/boulder_impact_on_stones_14.wav,623630,193834e5c5ccb5c9d349480c91ab34151427bf46d4a890920c5a0bb85a669d94,all variations retained from a selected game-fit pack,
2018,Sonniss.com - GDC 2018 - Game Audio Bundle Part 5of8.zip,"Soundrangers - Foley Elements Rocks, Dirt And Stone","Sonniss.com - GDC 2018 - Game Audio Bundle Part 5of8/Soundrangers - Foley Elements Rocks, Dirt And Stone/brick_impact_debris_02.wav","combat,survival_crafting,movement_foley",Combat,Assets/ThirdParty/Sonniss/Selected/Combat/2018/Soundrangers - Foley Elements Ro-e75b11/brick_impact_debris_02.wav,490588,a5b90e6f659f814d3038d2c867ea0c6da425ce0cc02443b3e80599cc77075f2d,all variations retained from a selected game-fit pack,
2018,Sonniss.com - GDC 2018 - Game Audio Bundle Part 5of8.zip,"Soundrangers - Foley Elements Rocks, Dirt And Stone","Sonniss.com - GDC 2018 - Game Audio Bundle Part 5of8/Soundrangers - Foley Elements Rocks, Dirt And Stone/dirt_collapse_05.wav","survival_crafting,movement_foley",Movement,Assets/ThirdParty/Sonniss/Selected/Movement/2018/Soundrangers - Foley Elements Ro-e75b11/dirt_collapse_05.wav,2289444,f6dfa52e71067a03136695d16ad8bdfa5acf3d7b4d15f511a76ec7f269fd95c9,all variations retained from a selected game-fit pack,
2018,Sonniss.com - GDC 2018 - Game Audio Bundle Part 5of8.zip,"Soundrangers - Foley Elements Rocks, Dirt And Stone","Sonniss.com - GDC 2018 - Game Audio Bundle Part 5of8/Soundrangers - Foley Elements Rocks, Dirt And Stone/rockslide_02.wav","survival_crafting,movement_foley",Movement,Assets/ThirdParty/Sonniss/Selected/Movement/2018/Soundrangers - Foley Elements Ro-e75b11/rockslide_02.wav,3373152,31b1560355a80574c437f12a2fdb4a17c5f7c53233a7e2a3c169e9d380b79b78,all variations retained from a selected game-fit pack,
2018,Sonniss.com - GDC 2018 - Game Audio Bundle Part 5of8.zip,"Soundrangers - Hydrology Streams, Rivers And Lakes","Sonniss.com - GDC 2018 - Game Audio Bundle Part 5of8/Soundrangers - Hydrology Streams, Rivers And Lakes/lake_waves_lapping_gentle_02_60_loop.wav",world_ambience,World,Assets/ThirdParty/Sonniss/Selected/World/2018/Soundrangers - Hydrology Streams-21556b/lake_waves_lapping_gentle_02_60_loop.wav,34853186,d59050075d092c82cc3d2c654d4449d7b1279b8b0c869975551ccdec2fdaac7e,all variations retained from a selected game-fit pack,
2018,Sonniss.com - GDC 2018 - Game Audio Bundle Part 5of8.zip,"Soundrangers - Hydrology Streams, Rivers And Lakes","Sonniss.com - GDC 2018 - Game Audio Bundle Part 5of8/Soundrangers - Hydrology Streams, Rivers And Lakes/mountain_stream_runoff_02_30_loop.wav",world_ambience,World,Assets/ThirdParty/Sonniss/Selected/World/2018/Soundrangers - Hydrology Streams-21556b/mountain_stream_runoff_02_30_loop.wav,17352274,14833cbf9a9d71502de3450083a36bc8583b807f6e55884d609ea108cf8d1937,all variations retained from a selected game-fit pack,
2018,Sonniss.com - GDC 2018 - Game Audio Bundle Part 5of8.zip,"Soundrangers - Hydrology Streams, Rivers And Lakes","Sonniss.com - GDC 2018 - Game Audio Bundle Part 5of8/Soundrangers - Hydrology Streams, Rivers And Lakes/river_alpine_03_60.wav",world_ambience,World,Assets/ThirdParty/Sonniss/Selected/World/2018/Soundrangers - Hydrology Streams-21556b/river_alpine_03_60.wav,34929902,39a3eac16a55ab4ab56794c307f6c13890a5ba246bfc0aa43edad9cc6958c564,all variations retained from a selected game-fit pack,
2018,Sonniss.com - GDC 2018 - Game Audio Bundle Part 5of8.zip,"Soundrangers - Hydrology Streams, Rivers And Lakes","Sonniss.com - GDC 2018 - Game Audio Bundle Part 5of8/Soundrangers - Hydrology Streams, Rivers And Lakes/stream_08_60_loop.wav",world_ambience,World,Assets/ThirdParty/Sonniss/Selected/World/2018/Soundrangers - Hydrology Streams-21556b/stream_08_60_loop.wav,35370874,a4e1d89a9354a6f90e18b77d80b3e8bcebea20732fbe4337f9fcde704b901754,all variations retained from a selected game-fit pack,
2018,Sonniss.com - GDC 2018 - Game Audio Bundle Part 5of8.zip,Soundrangers - Hydrology Underwater,Sonniss.com - GDC 2018 - Game Audio Bundle Part 5of8/Soundrangers - Hydrology Underwater/explosion_underwater_blast_04.wav,world_ambience,World,Assets/ThirdParty/Sonniss/Selected/World/2018/Soundrangers - Hydrology Underwa-2ede18/explosion_underwater_blast_04.wav,2812314,fbe06e51449fd2584f59245d4253cb43612b6f471e722e838ed6fff3f87eaa4c,all variations retained from a selected game-fit pack,
2018,Sonniss.com - GDC 2018 - Game Audio Bundle Part 5of8.zip,Soundrangers - Hydrology Underwater,Sonniss.com - GDC 2018 - Game Audio Bundle Part 5of8/Soundrangers - Hydrology Underwater/torpedo_by_02.wav,world_ambience,World,Assets/ThirdParty/Sonniss/Selected/World/2018/Soundrangers - Hydrology Underwa-2ede18/torpedo_by_02.wav,4843970,bc9d9223e059955f0424197db1a4c5fe56662eab2bd1cc46249676207f8578cb,all variations retained from a selected game-fit pack,
2018,Sonniss.com - GDC 2018 - Game Audio Bundle Part 5of8.zip,Soundrangers - Hydrology Underwater,Sonniss.com - GDC 2018 - Game Audio Bundle Part 5of8/Soundrangers - Hydrology Underwater/underwater_object_movement_quick_deep_15.wav,"world_ambience,movement_foley,ui_feedback",UI,Assets/ThirdParty/Sonniss/Selected/UI/2018/Soundrangers - Hydrology Underwa-2ede18/underwater_object_movement_quick_deep_15.wav,1659080,f7ef3859783d33975d41efa5557fd73c2a22f097722e852350024e4773367435,all variations retained from a selected game-fit pack,
2018,Sonniss.com - GDC 2018 - Game Audio Bundle Part 5of8.zip,Soundrangers - Hydrology Underwater,Sonniss.com - GDC 2018 - Game Audio Bundle Part 5of8/Soundrangers - Hydrology Underwater/underwater_splash_large_06.wav,world_ambience,World,Assets/ThirdParty/Sonniss/Selected/World/2018/Soundrangers - Hydrology Underwa-2ede18/underwater_splash_large_06.wav,2189956,3d9ddbdf18a9a20071d749ab8c3dbf4edf87208737f8f97cc3c818898f79896d,all variations retained from a selected game-fit pack,
2018,Sonniss.com - GDC 2018 - Game Audio Bundle Part 5of8.zip,Soundrangers - Nature Ambience,Sonniss.com - GDC 2018 - Game Audio Bundle Part 5of8/Soundrangers - Nature Ambience/coastal_ambience_01_120_loop.wav,world_ambience,World,Assets/ThirdParty/Sonniss/Selected/World/2018/Soundrangers - Nature Ambience-04dd6f/coastal_ambience_01_120_loop.wav,70027122,495dad849231b1f650aaae6dfa3cf23a026fff65afaa63d8675425b20c699d4e,all variations retained from a selected game-fit pack,
2018,Sonniss.com - GDC 2018 - Game Audio Bundle Part 5of8.zip,Soundrangers - Nature Ambience,Sonniss.com - GDC 2018 - Game Audio Bundle Part 5of8/Soundrangers - Nature Ambience/forest_alpine_crickets_01_60_loop.wav,"creatures_wildlife,world_ambience",Creatures,Assets/ThirdParty/Sonniss/Selected/Creatures/2018/Soundrangers - Nature Ambience-04dd6f/forest_alpine_crickets_01_60_loop.wav,35438442,cbcd91edf309503977204f68180be54ab148d17842a12c354e9ddb3247a79f79,all variations retained from a selected game-fit pack,
2018,Sonniss.com - GDC 2018 - Game Audio Bundle Part 5of8.zip,Soundrangers - Nature Ambience,Sonniss.com - GDC 2018 - Game Audio Bundle Part 5of8/Soundrangers - Nature Ambience/jungle_hawaiian_morning_ambience_04_120_loop.wav,world_ambience,World,Assets/ThirdParty/Sonniss/Selected/World/2018/Soundrangers - Nature Ambience-04dd6f/jungle_hawaiian_morning_ambience_04_120_loop.wav,72248992,7abfa7e50a87e1f58d6685b9a706f29092171bbc1ae37e2fa7290bbc488162f0,all variations retained from a selected game-fit pack,
2018,Sonniss.com - GDC 2018 - Game Audio Bundle Part 5of8.zip,Soundrangers - Nature Ambience,Sonniss.com - GDC 2018 - Game Audio Bundle Part 5of8/Soundrangers - Nature Ambience/swamp_ambience_night_05_120_loop.wav,world_ambience,World,Assets/ThirdParty/Sonniss/Selected/World/2018/Soundrangers - Nature Ambience-04dd6f/swamp_ambience_night_05_120_loop.wav,69403004,aef48ceeb9bc309f15b3fb9adcb7dc7341f6861894337d1d71e2216002aeea1d,all variations retained from a selected game-fit pack,
2018,Sonniss.com - GDC 2018 - Game Audio Bundle Part 5of8.zip,Soundrangers - Whooshes And Transitions,Sonniss.com - GDC 2018 - Game Audio Bundle Part 5of8/Soundrangers - Whooshes And Transitions/morph_whoosh_13.wav,combat,Combat,Assets/ThirdParty/Sonniss/Selected/Combat/2018/Soundrangers - Whooshes And Tran-198227/morph_whoosh_13.wav,1581942,b0155d884f78dbea219c66a5251648216697e1550b2d1853a0ed1c7b486252fb,all variations retained from a selected game-fit pack,
2018,Sonniss.com - GDC 2018 - Game Audio Bundle Part 5of8.zip,Soundrangers - Whooshes And Transitions,Sonniss.com - GDC 2018 - Game Audio Bundle Part 5of8/Soundrangers - Whooshes And Transitions/texture_whoosh_02_fast_02.wav,combat,Combat,Assets/ThirdParty/Sonniss/Selected/Combat/2018/Soundrangers - Whooshes And Tran-198227/texture_whoosh_02_fast_02.wav,562918,1c520254f5674b510ff1dae541d43c2079a7c76ee86f3ae55c075acd061627e4,all variations retained from a selected game-fit pack,
2018,Sonniss.com - GDC 2018 - Game Audio Bundle Part 5of8.zip,Soundrangers - Whooshes And Transitions,Sonniss.com - GDC 2018 - Game Audio Bundle Part 5of8/Soundrangers - Whooshes And Transitions/torch_whoosh_20.wav,combat,Combat,Assets/ThirdParty/Sonniss/Selected/Combat/2018/Soundrangers - Whooshes And Tran-198227/torch_whoosh_20.wav,765892,9fba005f8d9e08727412691c56f871d7c67dd63ed7dafe011451ee70f1a89aac,all variations retained from a selected game-fit pack,
2018,Sonniss.com - GDC 2018 - Game Audio Bundle Part 5of8.zip,Soundrangers - Whooshes And Transitions,Sonniss.com - GDC 2018 - Game Audio Bundle Part 5of8/Soundrangers - Whooshes And Transitions/up_down_03.wav,combat,Combat,Assets/ThirdParty/Sonniss/Selected/Combat/2018/Soundrangers - Whooshes And Tran-198227/up_down_03.wav,496316,0c50fa3f9b203dda856d8fb0035277c2a776c80fb92d24ccbaf27b4ab05b68d4,all variations retained from a selected game-fit pack,
2018,Sonniss.com - GDC 2018 - Game Audio Bundle Part 5of8.zip,Soundrangers - Wind,Sonniss.com - GDC 2018 - Game Audio Bundle Part 5of8/Soundrangers - Wind/wind_blustery_08_loop.wav,world_ambience,World,Assets/ThirdParty/Sonniss/Selected/World/2018/Soundrangers - Wind-d8ead4/wind_blustery_08_loop.wav,12503070,29d11a429ee3da7d7ee3347075015f4a957ede2adfcacc67b6224c0b084a46d7,all variations retained from a selected game-fit pack,
2018,Sonniss.com - GDC 2018 - Game Audio Bundle Part 5of8.zip,Soundrangers - Wind,Sonniss.com - GDC 2018 - Game Audio Bundle Part 5of8/Soundrangers - Wind/wind_desert_01_60_loop.wav,world_ambience,World,Assets/ThirdParty/Sonniss/Selected/World/2018/Soundrangers - Wind-d8ead4/wind_desert_01_60_loop.wav,35114966,f1302790e4ac24fa024b6a45409b165afe3d72e21e6aaa52717e6128505d6674,all variations retained from a selected game-fit pack,
2018,Sonniss.com - GDC 2018 - Game Audio Bundle Part 5of8.zip,Soundrangers - Wind,Sonniss.com - GDC 2018 - Game Audio Bundle Part 5of8/Soundrangers - Wind/wind_harsh_mountain_02_30_loop.wav,world_ambience,World,Assets/ThirdParty/Sonniss/Selected/World/2018/Soundrangers - Wind-d8ead4/wind_harsh_mountain_02_30_loop.wav,18393918,df2c0f7af4e6158f93b31fb1d9eb432c043d4d7a223ca9be95c786fff647afdb,all variations retained from a selected game-fit pack,
2018,Sonniss.com - GDC 2018 - Game Audio Bundle Part 5of8.zip,Soundrangers - Wind,Sonniss.com - GDC 2018 - Game Audio Bundle Part 5of8/Soundrangers - Wind/wind_tornado_with_destruction_01.wav,world_ambience,World,Assets/ThirdParty/Sonniss/Selected/World/2018/Soundrangers - Wind-d8ead4/wind_tornado_with_destruction_01.wav,17287632,b98800a6dbedd766003ae9ba9c7c8958e7204e4bd9c5e2b5ced3805e06ded123,all variations retained from a selected game-fit pack,
2018,Sonniss.com - GDC 2018 - Game Audio Bundle Part 6of8.zip,Sounds Visual - Footsteps on Leaves,Sonniss.com - GDC 2018 - Game Audio Bundle Part 6of8/Sounds Visual - Footsteps on Leaves/FX3280 Walking Faster Leaves Foley Foosteps.wav,"world_ambience,movement_foley",Movement,Assets/ThirdParty/Sonniss/Selected/Movement/2018/Sounds Visual - Footsteps on Lea-7d2e0c/FX3280 Walking Faster Leaves Foley Foosteps.wav,11654746,9a6195aaf7c45def8c0c94ab453c83a802e7d179f43e3af29eab73aa27e09ea3,all variations retained from a selected game-fit pack,
2018,Sonniss.com - GDC 2018 - Game Audio Bundle Part 6of8.zip,Sounds Visual - Footsteps on Leaves,Sonniss.com - GDC 2018 - Game Audio Bundle Part 6of8/Sounds Visual - Footsteps on Leaves/FX3282 Running Leaves Foley Foosteps.wav,"world_ambience,movement_foley",Movement,Assets/ThirdParty/Sonniss/Selected/Movement/2018/Sounds Visual - Footsteps on Lea-7d2e0c/FX3282 Running Leaves Foley Foosteps.wav,12239794,732084131323c38845c8017b71138434ee99482b54b875603b119c0b529184fe,all variations retained from a selected game-fit pack,
2018,Sonniss.com - GDC 2018 - Game Audio Bundle Part 6of8.zip,Sounds Visual - Footsteps on Leaves,Sonniss.com - GDC 2018 - Game Audio Bundle Part 6of8/Sounds Visual - Footsteps on Leaves/FX3300 Slow Shuffling 2 Leaves Foley Footsteps.wav,"world_ambience,movement_foley",Movement,Assets/ThirdParty/Sonniss/Selected/Movement/2018/Sounds Visual - Footsteps on Lea-7d2e0c/FX3300 Slow Shuffling 2 Leaves Foley Footsteps.wav,2900260,c6302357edc42651f62d357a0b1bafc564acabafa33047bed5faac32d056d59f,all variations retained from a selected game-fit pack,
2018,Sonniss.com - GDC 2018 - Game Audio Bundle Part 6of8.zip,Sounds Visual - Footsteps on Leaves,Sonniss.com - GDC 2018 - Game Audio Bundle Part 6of8/Sounds Visual - Footsteps on Leaves/FX3309 Falling Leaf onto ground 1.wav,"world_ambience,movement_foley",Movement,Assets/ThirdParty/Sonniss/Selected/Movement/2018/Sounds Visual - Footsteps on Lea-7d2e0c/FX3309 Falling Leaf onto ground 1.wav,445582,7898e665c96ca056aaa7a60124003ae8f74906b72185010b0bc13d67d844c457,all variations retained from a selected game-fit pack,
2018,Sonniss.com - GDC 2018 - Game Audio Bundle Part 6of8.zip,The Chris Alan - Hand-to-Hand Combat - Body Hits & Vocal Excursions,Sonniss.com - GDC 2018 - Game Audio Bundle Part 6of8/The Chris Alan - Hand-to-Hand Combat - Body Hits & Vocal Excursions/Hand-to-Hand Combat - Body Hits - Body Slam Floor 08.wav,combat,Combat,Assets/ThirdParty/Sonniss/Selected/Combat/2018/The Chris Alan - Hand-to-Hand Co-8f0564/Hand-to-Hand Combat - Body Hits - Body Slam Floor 08.wav,258126,1c4105509c289b95130c90113029e5ea708e2c182cc28aaeb38e786a42506fa3,all variations retained from a selected game-fit pack,
2018,Sonniss.com - GDC 2018 - Game Audio Bundle Part 6of8.zip,The Chris Alan - Hand-to-Hand Combat - Body Hits & Vocal Excursions,Sonniss.com - GDC 2018 - Game Audio Bundle Part 6of8/The Chris Alan - Hand-to-Hand Combat - Body Hits & Vocal Excursions/Hand-to-Hand Combat - Body Hits - Deep Punch 02.wav,combat,Combat,Assets/ThirdParty/Sonniss/Selected/Combat/2018/The Chris Alan - Hand-to-Hand Co-8f0564/Hand-to-Hand Combat - Body Hits - Deep Punch 02.wav,120504,2265fdc25df1d5fef88d8ef17bb880853aa70aa0c8001febf1dc636d41217b64,all variations retained from a selected game-fit pack,
2018,Sonniss.com - GDC 2018 - Game Audio Bundle Part 6of8.zip,The Chris Alan - Hand-to-Hand Combat - Body Hits & Vocal Excursions,Sonniss.com - GDC 2018 - Game Audio Bundle Part 6of8/The Chris Alan - Hand-to-Hand Combat - Body Hits & Vocal Excursions/Hand-to-Hand Combat - Body Hits - Face Slap Hard 04.wav,combat,Combat,Assets/ThirdParty/Sonniss/Selected/Combat/2018/The Chris Alan - Hand-to-Hand Co-8f0564/Hand-to-Hand Combat - Body Hits - Face Slap Hard 04.wav,43616,dc069fc55273e73603d8ae20225755dc554fc68dd735763de626d0d369dbe3b0,all variations retained from a selected game-fit pack,
2018,Sonniss.com - GDC 2018 - Game Audio Bundle Part 6of8.zip,The Chris Alan - Hand-to-Hand Combat - Body Hits & Vocal Excursions,Sonniss.com - GDC 2018 - Game Audio Bundle Part 6of8/The Chris Alan - Hand-to-Hand Combat - Body Hits & Vocal Excursions/Hand-to-Hand Combat - Vocal Excursion - Male - Powering Up 14.wav,combat,Combat,Assets/ThirdParty/Sonniss/Selected/Combat/2018/The Chris Alan - Hand-to-Hand Co-8f0564/Hand-to-Hand Combat - Vocal Excursion - Male - Powering Up 14.wav,614480,5b8ece8f2b1ce155066f60033f1a510c905c68f888cc2eed6e73c3c2ab236838,all variations retained from a selected game-fit pack,
2018,Sonniss.com - GDC 2018 - Game Audio Bundle Part 6of8.zip,The Sound Keeper - New Zealand North Island Ambience,Sonniss.com - GDC 2018 - Game Audio Bundle Part 6of8/The Sound Keeper - New Zealand North Island Ambience/New-Zealand-Great-Barrier-Island-forest-02.wav,"survival_crafting,world_ambience",World,Assets/ThirdParty/Sonniss/Selected/World/2018/The Sound Keeper - New Zealand N-e6b3eb/New-Zealand-Great-Barrier-Island-forest-02.wav,49261156,711571d8c40dd5c369b3f3e6bc42a79fb8f798c316d7ff9328952842d18eae64,all variations retained from a selected game-fit pack,
2018,Sonniss.com - GDC 2018 - Game Audio Bundle Part 6of8.zip,The Sound Keeper - New Zealand North Island Ambience,Sonniss.com - GDC 2018 - Game Audio Bundle Part 6of8/The Sound Keeper - New Zealand North Island Ambience/New-Zealand-Manawatu-gorge-stream-02.wav,world_ambience,World,Assets/ThirdParty/Sonniss/Selected/World/2018/The Sound Keeper - New Zealand N-e6b3eb/New-Zealand-Manawatu-gorge-stream-02.wav,44845264,07f4da89ac00744cbf5720b0c43bd3a76f4aafab96895960897e45b96d391eaf,all variations retained from a selected game-fit pack,
2018,Sonniss.com - GDC 2018 - Game Audio Bundle Part 6of8.zip,The Sound Keeper - New Zealand North Island Ambience,Sonniss.com - GDC 2018 - Game Audio Bundle Part 6of8/The Sound Keeper - New Zealand North Island Ambience/New-Zealand-Waitomo-birds-rain.wav,"creatures_wildlife,world_ambience",Creatures,Assets/ThirdParty/Sonniss/Selected/Creatures/2018/The Sound Keeper - New Zealand N-e6b3eb/New-Zealand-Waitomo-birds-rain.wav,90575142,6c70a4496055e0c37bcfa221674f17bbe429bf5aa3ffc5b8e141c61e858688b1,all variations retained from a selected game-fit pack,
2018,Sonniss.com - GDC 2018 - Game Audio Bundle Part 6of8.zip,The Sound Keeper - Small Fire,Sonniss.com - GDC 2018 - Game Audio Bundle Part 6of8/The Sound Keeper - Small Fire/sm-fire-cotton-02-8040.wav,,SurvivalCrafting,Assets/ThirdParty/Sonniss/Selected/SurvivalCrafting/2018/The Sound Keeper - Small Fire-07b166/sm-fire-cotton-02-8040.wav,18270960,1bf74c3b6ce0bca8b641c91865f96a671f19ab5f44d652e4761e407bbdcb51e1,all variations retained from a selected game-fit pack,
2018,Sonniss.com - GDC 2018 - Game Audio Bundle Part 6of8.zip,The Sound Keeper - Small Fire,Sonniss.com - GDC 2018 - Game Audio Bundle Part 6of8/The Sound Keeper - Small Fire/sm-fire-firewood-small-03-DPAmono.wav,survival_crafting,SurvivalCrafting,Assets/ThirdParty/Sonniss/Selected/SurvivalCrafting/2018/The Sound Keeper - Small Fire-07b166/sm-fire-firewood-small-03-DPAmono.wav,5197740,f1ddfc6088b6bb0fa997f9961bddad202e5fffd0eb3708c77c39272711759010,all variations retained from a selected game-fit pack,
2018,Sonniss.com - GDC 2018 - Game Audio Bundle Part 6of8.zip,The Sound Pack Tree - Footstep Loops,Sonniss.com - GDC 2018 - Game Audio Bundle Part 6of8/The Sound Pack Tree - Footstep Loops/1707 - Footsteps - Flip-Flops - 140 fpm - Loop.wav,"survival_crafting,movement_foley",Movement,Assets/ThirdParty/Sonniss/Selected/Movement/2018/The Sound Pack Tree - Footstep L-7cfba2/1707 - Footsteps - Flip-Flops - 140 fpm - Loop.wav,8669542,b8e19d836bd85241c7b43e3486e47144268fed7e2f17acba2286d0739fff8cd6,all variations retained from a selected game-fit pack,
2018,Sonniss.com - GDC 2018 - Game Audio Bundle Part 6of8.zip,The Sound Pack Tree - Footstep Loops,Sonniss.com - GDC 2018 - Game Audio Bundle Part 6of8/The Sound Pack Tree - Footstep Loops/1845 - Footsteps - Metal Stairs - Up - 110 fpm - Loop.wav,"survival_crafting,movement_foley",Movement,Assets/ThirdParty/Sonniss/Selected/Movement/2018/The Sound Pack Tree - Footstep L-7cfba2/1845 - Footsteps - Metal Stairs - Up - 110 fpm - Loop.wav,8669544,15fb9112eb1f88f270a24d6f763715e769120198a943d098b3823b9315126685,all variations retained from a selected game-fit pack,
2018,Sonniss.com - GDC 2018 - Game Audio Bundle Part 6of8.zip,The Sound Pack Tree - Footstep Loops,Sonniss.com - GDC 2018 - Game Audio Bundle Part 6of8/The Sound Pack Tree - Footstep Loops/1879 - Footsteps - Wooden Stairs - Down - 80 fpm - Loop.wav,"survival_crafting,movement_foley",Movement,Assets/ThirdParty/Sonniss/Selected/Movement/2018/The Sound Pack Tree - Footstep L-7cfba2/1879 - Footsteps - Wooden Stairs - Down - 80 fpm - Loop.wav,8669538,279009384c98db7609b44cc1bc179e2c753d5297c57a9aefc5bbf7be1b380191,all variations retained from a selected game-fit pack,
2018,Sonniss.com - GDC 2018 - Game Audio Bundle Part 6of8.zip,TheWorkRoom Audio Post - Cloths & Sponges Foley,Sonniss.com - GDC 2018 - Game Audio Bundle Part 6of8/TheWorkRoom Audio Post - Cloths & Sponges Foley/Cloth 29.wav,"survival_crafting,movement_foley",Movement,Assets/ThirdParty/Sonniss/Selected/Movement/2018/TheWorkRoom Audio Post - Cloths-39075a/Cloth 29.wav,2409454,0533c4dd00654459bbcad399c48b0180d38eb6272ae28f86794051d72d7102b3,all variations retained from a selected game-fit pack,
2018,Sonniss.com - GDC 2018 - Game Audio Bundle Part 6of8.zip,TheWorkRoom Audio Post - Cloths & Sponges Foley,Sonniss.com - GDC 2018 - Game Audio Bundle Part 6of8/TheWorkRoom Audio Post - Cloths & Sponges Foley/Cloth 61.wav,"survival_crafting,movement_foley",Movement,Assets/ThirdParty/Sonniss/Selected/Movement/2018/TheWorkRoom Audio Post - Cloths-39075a/Cloth 61.wav,2845114,ea6d75f9670cf56827c1fe947f38ed02151719486cfe56848a6b494f07a55803,all variations retained from a selected game-fit pack,
2018,Sonniss.com - GDC 2018 - Game Audio Bundle Part 6of8.zip,TheWorkRoom Audio Post - Cloths & Sponges Foley,Sonniss.com - GDC 2018 - Game Audio Bundle Part 6of8/TheWorkRoom Audio Post - Cloths & Sponges Foley/Sponge 05.wav,"survival_crafting,movement_foley",Movement,Assets/ThirdParty/Sonniss/Selected/Movement/2018/TheWorkRoom Audio Post - Cloths-39075a/Sponge 05.wav,3039630,e33854012c12464ee3db574d80dd9b9ad11ff7769759f6d279cb91464b8e7a97,all variations retained from a selected game-fit pack,
2018,Sonniss.com - GDC 2018 - Game Audio Bundle Part 6of8.zip,TheWorkRoom Audio Post - Cloths & Sponges Foley,Sonniss.com - GDC 2018 - Game Audio Bundle Part 6of8/TheWorkRoom Audio Post - Cloths & Sponges Foley/Sponge 26.wav,"survival_crafting,movement_foley",Movement,Assets/ThirdParty/Sonniss/Selected/Movement/2018/TheWorkRoom Audio Post - Cloths-39075a/Sponge 26.wav,3007150,2424e973a267e73de09e2bde8abbf61a3ce6da73a42aee0041ebc371d7c52cf5,all variations retained from a selected game-fit pack,
2018,Sonniss.com - GDC 2018 - Game Audio Bundle Part 6of8.zip,Tonschliff - SOUTH AFRICAN CRICKETS,Sonniss.com - GDC 2018 - Game Audio Bundle Part 6of8/Tonschliff - SOUTH AFRICAN CRICKETS/BG_SouthAfrica_Kruger_Olifants_1030am_small_pond_a.wav,"creatures_wildlife,world_ambience",Creatures,Assets/ThirdParty/Sonniss/Selected/Creatures/2018/Tonschliff - SOUTH AFRICAN CRICK-c6a5bb/BG_SouthAfrica_Kruger_Olifants_1030am_small_pond_a.wav,48351944,58965de85afdcf219b408d5d91d6c586f314c467ffafdc6b3bf27fd17e2983d6,all variations retained from a selected game-fit pack,
2018,Sonniss.com - GDC 2018 - Game Audio Bundle Part 6of8.zip,Tonschliff - SOUTH AFRICAN CRICKETS,Sonniss.com - GDC 2018 - Game Audio Bundle Part 6of8/Tonschliff - SOUTH AFRICAN CRICKETS/BG_SouthAfrica_Wetland_Park_Kosi_Forest_Lodge_Night.wav,"creatures_wildlife,world_ambience",Creatures,Assets/ThirdParty/Sonniss/Selected/Creatures/2018/Tonschliff - SOUTH AFRICAN CRICK-c6a5bb/BG_SouthAfrica_Wetland_Park_Kosi_Forest_Lodge_Night.wav,84774734,f49fc69038b7936ecdf8914bc8236694c3fe4bb014d34f0773558e91a08ce9b4,all variations retained from a selected game-fit pack,
2018,Sonniss.com - GDC 2018 - Game Audio Bundle Part 6of8.zip,Tonschliff - SOUTH AFRICAN CRICKETS,Sonniss.com - GDC 2018 - Game Audio Bundle Part 6of8/Tonschliff - SOUTH AFRICAN CRICKETS/BG_Swaziland_Mkhaya_Jungle_2pm_c.wav,"creatures_wildlife,world_ambience",Creatures,Assets/ThirdParty/Sonniss/Selected/Creatures/2018/Tonschliff - SOUTH AFRICAN CRICK-c6a5bb/BG_Swaziland_Mkhaya_Jungle_2pm_c.wav,46480712,209bf4ea76af8ba2ee0eb214ad89ba3c62804c9a165f7712d52c0bf3899a752d,all variations retained from a selected game-fit pack,
2018,Sonniss.com - GDC 2018 - Game Audio Bundle Part 6of8.zip,Tonschliff - SOUTH AFRICAN CRICKETS,Sonniss.com - GDC 2018 - Game Audio Bundle Part 6of8/Tonschliff - SOUTH AFRICAN CRICKETS/BG_Swaziland_Mkhaya_Jungle_Night_Rain_a.wav,"creatures_wildlife,world_ambience",Creatures,Assets/ThirdParty/Sonniss/Selected/Creatures/2018/Tonschliff - SOUTH AFRICAN CRICK-c6a5bb/BG_Swaziland_Mkhaya_Jungle_Night_Rain_a.wav,76036482,cce28108c967c539d416cf14d05cd96cc5222547bd77ddcdb4a7daac7e20292f,all variations retained from a selected game-fit pack,
2018,Sonniss.com - GDC 2018 - Game Audio Bundle Part 6of8.zip,UberDuo – The Kitchen Audio Play Set,"Sonniss.com - GDC 2018 - Game Audio Bundle Part 6of8/UberDuo – The Kitchen Audio Play Set/Door,Cupboard,Large,Open.wav","creatures_wildlife,survival_crafting",SurvivalCrafting,"Assets/ThirdParty/Sonniss/Selected/SurvivalCrafting/2018/UberDuo – The Kitchen Audio Play-b86f40/Door,Cupboard,Large,Open.wav",710176,7e03fd6491c11eaa6b37d8745dc622ce0122b14d10a07321740e0124cf2f4225,all variations retained from a selected game-fit pack,
2018,Sonniss.com - GDC 2018 - Game Audio Bundle Part 6of8.zip,UberDuo – The Kitchen Audio Play Set,"Sonniss.com - GDC 2018 - Game Audio Bundle Part 6of8/UberDuo – The Kitchen Audio Play Set/Salt Grinder, Turn.Wav",survival_crafting,SurvivalCrafting,"Assets/ThirdParty/Sonniss/Selected/SurvivalCrafting/2018/UberDuo – The Kitchen Audio Play-b86f40/Salt Grinder, Turn.Wav",3657386,7d1bd24ae32b9fe9021fb41a8423a13cf4e01372d217ecb830c9ea3c525e22da,all variations retained from a selected game-fit pack,
2018,Sonniss.com - GDC 2018 - Game Audio Bundle Part 6of8.zip,UberDuo – The Kitchen Audio Play Set,"Sonniss.com - GDC 2018 - Game Audio Bundle Part 6of8/UberDuo – The Kitchen Audio Play Set/Toast, Butter, Spread,  Knife.Wav",survival_crafting,SurvivalCrafting,"Assets/ThirdParty/Sonniss/Selected/SurvivalCrafting/2018/UberDuo – The Kitchen Audio Play-b86f40/Toast, Butter, Spread, Knife.Wav",2033350,2bf581672feafb68bc7b905acc2ed586eed694b92a502d051b045a1bbc5d0207,all variations retained from a selected game-fit pack,
2019,Sonniss.com - GDC 2019 - Game Audio Bundle Part 1of8.zip,Borys Peter - Rural zone,Sonniss.com - GDC 2019 - Game Audio Bundle Part 1of8/Borys Peter - Rural zone/countryside bird morning chorus Quadro.wav,"creatures_wildlife,world_ambience",Creatures,Assets/ThirdParty/Sonniss/Selected/Creatures/2019/Borys Peter - Rural zone-32f998/countryside bird morning chorus Quadro.wav,69803278,70eeb14d426a2eeae299cf732ba9e4a17ed296cc82294eb379518e32fd3d1c23,all variations retained from a selected game-fit pack,
2019,Sonniss.com - GDC 2019 - Game Audio Bundle Part 1of8.zip,Borys Peter - Rural zone,Sonniss.com - GDC 2019 - Game Audio Bundle Part 1of8/Borys Peter - Rural zone/countryside quiet forest bird gull call.wav,"creatures_wildlife,world_ambience,ui_feedback",UI,Assets/ThirdParty/Sonniss/Selected/UI/2019/Borys Peter - Rural zone-32f998/countryside quiet forest bird gull call.wav,74469396,5eea1ebbe6017800bfd6abac4e3e4af718298511cc682a87fd246d2fa68e5f7a,all variations retained from a selected game-fit pack,
2019,Sonniss.com - GDC 2019 - Game Audio Bundle Part 1of8.zip,Borys Peter - Blowing winds,Sonniss.com - GDC 2019 - Game Audio Bundle Part 1of8/Borys Peter - Blowing winds/wind blowing mike v1.wav,world_ambience,World,Assets/ThirdParty/Sonniss/Selected/World/2019/Borys Peter - Blowing winds-7888a1/wind blowing mike v1.wav,11829842,09b484b01a43ac6f783305919f47babeeaa1608886ace7f000820266609930ca,all variations retained from a selected game-fit pack,
2019,Sonniss.com - GDC 2019 - Game Audio Bundle Part 1of8.zip,Borys Peter - Blowing winds,Sonniss.com - GDC 2019 - Game Audio Bundle Part 1of8/Borys Peter - Blowing winds/wind winter open space v2.wav,world_ambience,World,Assets/ThirdParty/Sonniss/Selected/World/2019/Borys Peter - Blowing winds-7888a1/wind winter open space v2.wav,47328086,fdc0545108102362bd6492bbcf6750b50e92f2747e02ce4e4291bb0928fb181b,all variations retained from a selected game-fit pack,
2019,Sonniss.com - GDC 2019 - Game Audio Bundle Part 1of8.zip,Borg Sound - Bag Foley,Sonniss.com - GDC 2019 - Game Audio Bundle Part 1of8/Borg Sound - Bag Foley/Bag Foley_Canvas bag_Cotton_Grab.wav,"survival_crafting,movement_foley",Movement,Assets/ThirdParty/Sonniss/Selected/Movement/2019/Borg Sound - Bag Foley-cfa22a/Bag Foley_Canvas bag_Cotton_Grab.wav,3806000,474829209ba0e98d76ac9262af977a5d698c893578f306818e5e11cec1f4c133,all variations retained from a selected game-fit pack,
2019,Sonniss.com - GDC 2019 - Game Audio Bundle Part 1of8.zip,Borg Sound - Bag Foley,"Sonniss.com - GDC 2019 - Game Audio Bundle Part 1of8/Borg Sound - Bag Foley/Bag Foley_Backpack small,Ikea_Polyester_Prescence.wav","survival_crafting,movement_foley",Movement,"Assets/ThirdParty/Sonniss/Selected/Movement/2019/Borg Sound - Bag Foley-cfa22a/Bag Foley_Backpack small,Ikea_Polyester_Prescence.wav",10463532,fabbb59398835a6b93998e7e26e5b4fba5e1b16d2dfa1795113d96aa071bb5b3,all variations retained from a selected game-fit pack,
2019,Sonniss.com - GDC 2019 - Game Audio Bundle Part 1of8.zip,Borg Sound - Bag Foley,Sonniss.com - GDC 2019 - Game Audio Bundle Part 1of8/Borg Sound - Bag Foley/Bag Foley_Wallet_Leather_Grab.wav,"survival_crafting,movement_foley",Movement,Assets/ThirdParty/Sonniss/Selected/Movement/2019/Borg Sound - Bag Foley-cfa22a/Bag Foley_Wallet_Leather_Grab.wav,2041064,04ae0bfb1e166025e27c139e58dc0945be6fc396f9c51db9edd24c89c2137061,all variations retained from a selected game-fit pack,
2019,Sonniss.com - GDC 2019 - Game Audio Bundle Part 1of8.zip,Borg Sound - Bag Foley,"Sonniss.com - GDC 2019 - Game Audio Bundle Part 1of8/Borg Sound - Bag Foley/Bag Foley_Duffel Sport bag_Polyester, Fake leather_Drop, Place.wav","survival_crafting,movement_foley",Movement,"Assets/ThirdParty/Sonniss/Selected/Movement/2019/Borg Sound - Bag Foley-cfa22a/Bag Foley_Duffel Sport bag_Polyester, Fake leather_Drop, Place.wav",6154644,62c4124b9a42182c0f6a3ca278e6d3d0bb604cb607dd9e670bd4d48571c2ebb6,all variations retained from a selected game-fit pack,
2019,Sonniss.com - GDC 2019 - Game Audio Bundle Part 1of8.zip,BlueZone - Wood Sound Effects,Sonniss.com - GDC 2019 - Game Audio Bundle Part 1of8/BlueZone - Wood Sound Effects/Bluezone_BC0254_wood_creaking_tree_005.wav,survival_crafting,SurvivalCrafting,Assets/ThirdParty/Sonniss/Selected/SurvivalCrafting/2019/BlueZone - Wood Sound Effects-8517a8/Bluezone_BC0254_wood_creaking_tree_005.wav,1911520,ba14d88dfab42ce2c3fd143dabb40c74dae98974f978ddfc385ca6f90a4875df,all variations retained from a selected game-fit pack,
2019,Sonniss.com - GDC 2019 - Game Audio Bundle Part 1of8.zip,BlueZone - Wood Sound Effects,Sonniss.com - GDC 2019 - Game Audio Bundle Part 1of8/BlueZone - Wood Sound Effects/Bluezone_BC0254_wood_crushing_branches_001_001.wav,survival_crafting,SurvivalCrafting,Assets/ThirdParty/Sonniss/Selected/SurvivalCrafting/2019/BlueZone - Wood Sound Effects-8517a8/Bluezone_BC0254_wood_crushing_branches_001_001.wav,474208,a789fe63451006329685bbed71f8ab32a4b6fc203f70175289190afe7cc2847a,all variations retained from a selected game-fit pack,
2019,Sonniss.com - GDC 2019 - Game Audio Bundle Part 1of8.zip,BlueZone - Wood Sound Effects,Sonniss.com - GDC 2019 - Game Audio Bundle Part 1of8/BlueZone - Wood Sound Effects/Bluezone_BC0254_wood_falling_log_002_006.wav,survival_crafting,SurvivalCrafting,Assets/ThirdParty/Sonniss/Selected/SurvivalCrafting/2019/BlueZone - Wood Sound Effects-8517a8/Bluezone_BC0254_wood_falling_log_002_006.wav,198376,312d5dc970855296bcb671836fe0e020b3b0989a84f8cab6586e58375b613927,all variations retained from a selected game-fit pack,
2019,Sonniss.com - GDC 2019 - Game Audio Bundle Part 1of8.zip,BlueZone - Wood Sound Effects,Sonniss.com - GDC 2019 - Game Audio Bundle Part 1of8/BlueZone - Wood Sound Effects/Bluezone_BC0254_wood_handling_003.wav,survival_crafting,SurvivalCrafting,Assets/ThirdParty/Sonniss/Selected/SurvivalCrafting/2019/BlueZone - Wood Sound Effects-8517a8/Bluezone_BC0254_wood_handling_003.wav,1217908,74548dbef7c81796aa80234d4d3692d51676aee1ea54627e2c52e9c8fc2c3323,all variations retained from a selected game-fit pack,
2019,Sonniss.com - GDC 2019 - Game Audio Bundle Part 1of8.zip,BlueZone - Lake Wave Sound Effects,Sonniss.com - GDC 2019 - Game Audio Bundle Part 1of8/BlueZone - Lake Wave Sound Effects/Bluezone_BC0252_isolated_lake_wave_01_01.wav,world_ambience,World,Assets/ThirdParty/Sonniss/Selected/World/2019/BlueZone - Lake Wave Sound Effec-181c4f/Bluezone_BC0252_isolated_lake_wave_01_01.wav,2736232,4267b7e2c94cf1cb32483b85dd8153162e01b4ebcea3f93118b1b10ea5ff1445,all variations retained from a selected game-fit pack,
2019,Sonniss.com - GDC 2019 - Game Audio Bundle Part 1of8.zip,BlueZone - Lake Wave Sound Effects,Sonniss.com - GDC 2019 - Game Audio Bundle Part 1of8/BlueZone - Lake Wave Sound Effects/Bluezone_BC0252_isolated_lake_wave_02_04.wav,world_ambience,World,Assets/ThirdParty/Sonniss/Selected/World/2019/BlueZone - Lake Wave Sound Effec-181c4f/Bluezone_BC0252_isolated_lake_wave_02_04.wav,1974184,5f55d9042a52982559c6caae1e05c59cb7aa72db1b42837ce3e6fa25e0154a6d,all variations retained from a selected game-fit pack,
2019,Sonniss.com - GDC 2019 - Game Audio Bundle Part 1of8.zip,BlueZone - Lake Wave Sound Effects,Sonniss.com - GDC 2019 - Game Audio Bundle Part 1of8/BlueZone - Lake Wave Sound Effects/Bluezone_BC0252_isolated_lake_wave_short_06.wav,world_ambience,World,Assets/ThirdParty/Sonniss/Selected/World/2019/BlueZone - Lake Wave Sound Effec-181c4f/Bluezone_BC0252_isolated_lake_wave_short_06.wav,2152432,4e52d96ca27edbd0a77268c4fb047832555c94f61f45b0bc4eefeb637a2b5277,all variations retained from a selected game-fit pack,
2019,Sonniss.com - GDC 2019 - Game Audio Bundle Part 1of8.zip,BlueZone - Lake Wave Sound Effects,Sonniss.com - GDC 2019 - Game Audio Bundle Part 1of8/BlueZone - Lake Wave Sound Effects/Bluezone_BC0252_lake_wave_ambience_04.wav,world_ambience,World,Assets/ThirdParty/Sonniss/Selected/World/2019/BlueZone - Lake Wave Sound Effec-181c4f/Bluezone_BC0252_lake_wave_ambience_04.wav,31723316,fd421978fb0cf7810a2daa0bfd5785813885d6a38d8703710528ebc866fc1567,all variations retained from a selected game-fit pack,
2019,Sonniss.com - GDC 2019 - Game Audio Bundle Part 1of8.zip,BlueZone - Heavy Metal Impact Sound Effects,Sonniss.com - GDC 2019 - Game Audio Bundle Part 1of8/BlueZone - Heavy Metal Impact Sound Effects/Bluezone_BC0251_heavy_metal_impact_large_tank_01_03.wav,"combat,survival_crafting",Combat,Assets/ThirdParty/Sonniss/Selected/Combat/2019/BlueZone - Heavy Metal Impact So-7b146d/Bluezone_BC0251_heavy_metal_impact_large_tank_01_03.wav,2880028,f3c5af86f15bb9795826eba330aee319854d60923492598da981fb4112898ee2,all variations retained from a selected game-fit pack,
2019,Sonniss.com - GDC 2019 - Game Audio Bundle Part 1of8.zip,BlueZone - Heavy Metal Impact Sound Effects,Sonniss.com - GDC 2019 - Game Audio Bundle Part 1of8/BlueZone - Heavy Metal Impact Sound Effects/Bluezone_BC0251_heavy_metal_impact_steel_barrel_01.wav,"combat,survival_crafting",Combat,Assets/ThirdParty/Sonniss/Selected/Combat/2019/BlueZone - Heavy Metal Impact So-7b146d/Bluezone_BC0251_heavy_metal_impact_steel_barrel_01.wav,1440082,a48e73f97caffe686d65aede0efdb8c8c51f6e1defd2e3d14b4b804e16d2892d,all variations retained from a selected game-fit pack,
2019,Sonniss.com - GDC 2019 - Game Audio Bundle Part 1of8.zip,BlueZone - Heavy Metal Impact Sound Effects,Sonniss.com - GDC 2019 - Game Audio Bundle Part 1of8/BlueZone - Heavy Metal Impact Sound Effects/Bluezone_BC0251_heavy_metal_impact_metal_plate_medium.wav,"combat,survival_crafting",Combat,Assets/ThirdParty/Sonniss/Selected/Combat/2019/BlueZone - Heavy Metal Impact So-7b146d/Bluezone_BC0251_heavy_metal_impact_metal_plate_medium.wav,1512232,801312157aa8ea620690be3163490d7eddd840aaacf9baef2bbd589bad8b3c48,all variations retained from a selected game-fit pack,
2019,Sonniss.com - GDC 2019 - Game Audio Bundle Part 1of8.zip,Baxter Audio - IMPACT,Sonniss.com - GDC 2019 - Game Audio Bundle Part 1of8/Baxter Audio - IMPACT/03 Hit Big Drum.wav,combat,Combat,Assets/ThirdParty/Sonniss/Selected/Combat/2019/Baxter Audio - IMPACT-e357d1/03 Hit Big Drum.wav,2115842,3b090796e3d579d9d80ec7a143a4201002d32ae9be847524f9224e79ae10fa46,all variations retained from a selected game-fit pack,
2019,Sonniss.com - GDC 2019 - Game Audio Bundle Part 1of8.zip,Baxter Audio - IMPACT,Sonniss.com - GDC 2019 - Game Audio Bundle Part 1of8/Baxter Audio - IMPACT/10 Hit Deep Thud.wav,"combat,ui_feedback",Combat,Assets/ThirdParty/Sonniss/Selected/Combat/2019/Baxter Audio - IMPACT-e357d1/10 Hit Deep Thud.wav,2385116,5eefb98e5ac19d76ccb7c7fb89eff6564bf334627568a651118a75c21b2adf29,all variations retained from a selected game-fit pack,
2019,Sonniss.com - GDC 2019 - Game Audio Bundle Part 1of8.zip,Bart Kamski - Dogs - game ready,Sonniss.com - GDC 2019 - Game Audio Bundle Part 1of8/Bart Kamski - Dogs - game ready/Dogs_big_close_barking.wav,creatures_wildlife,Creatures,Assets/ThirdParty/Sonniss/Selected/Creatures/2019/Bart Kamski - Dogs - game ready-9498ae/Dogs_big_close_barking.wav,22528770,2566c438b7a7ecb1c2490043ff426833e22c8a12367ca59d46ab102dcc316a09,all variations retained from a selected game-fit pack,
2019,Sonniss.com - GDC 2019 - Game Audio Bundle Part 1of8.zip,Bart Kamski - Dogs - game ready,Sonniss.com - GDC 2019 - Game Audio Bundle Part 1of8/Bart Kamski - Dogs - game ready/Dog_big_close_barking_growling.wav,creatures_wildlife,Creatures,Assets/ThirdParty/Sonniss/Selected/Creatures/2019/Bart Kamski - Dogs - game ready-9498ae/Dog_big_close_barking_growling.wav,12672120,f0deba6aaa980eb51face403e7bfe6de1432edc2ab57b64b094e568d072ec1fd,all variations retained from a selected game-fit pack,
2019,Sonniss.com - GDC 2019 - Game Audio Bundle Part 1of8.zip,Bart Kamski - Dogs - game ready,Sonniss.com - GDC 2019 - Game Audio Bundle Part 1of8/Bart Kamski - Dogs - game ready/Dog_big_close_barking_3-011.wav,creatures_wildlife,Creatures,Assets/ThirdParty/Sonniss/Selected/Creatures/2019/Bart Kamski - Dogs - game ready-9498ae/Dog_big_close_barking_3-011.wav,123848,568b3d3f31f36500ea9d1bed90e20520e647c1a091a0d558f3bd6b8f8382a095,all variations retained from a selected game-fit pack,
2019,Sonniss.com - GDC 2019 - Game Audio Bundle Part 1of8.zip,Bart Kamski - Dogs - game ready,Sonniss.com - GDC 2019 - Game Audio Bundle Part 1of8/Bart Kamski - Dogs - game ready/Dog_small_far_barking_echo-017.wav,creatures_wildlife,Creatures,Assets/ThirdParty/Sonniss/Selected/Creatures/2019/Bart Kamski - Dogs - game ready-9498ae/Dog_small_far_barking_echo-017.wav,116278,1f5afb98de6ead2354e42b23fbf54cbed0f10eaada8202ffe24a51a092ec7e9f,all variations retained from a selected game-fit pack,
2019,Sonniss.com - GDC 2019 - Game Audio Bundle Part 1of8.zip,AudioDesire - Voice Pack One - Emma,Sonniss.com - GDC 2019 - Game Audio Bundle Part 1of8/AudioDesire - Voice Pack One - Emma/VO_001_Female_Choking_Strangled_03.wav,world_ambience,World,Assets/ThirdParty/Sonniss/Selected/World/2019/AudioDesire - Voice Pack One - E-00575a/VO_001_Female_Choking_Strangled_03.wav,2102832,06e1bc4ab019e27a6e718983c90a87ed59f9047d41714615d165a751d0578e29,all variations retained from a selected game-fit pack,
2019,Sonniss.com - GDC 2019 - Game Audio Bundle Part 1of8.zip,AudioDesire - Voice Pack One - Emma,Sonniss.com - GDC 2019 - Game Audio Bundle Part 1of8/AudioDesire - Voice Pack One - Emma/VO_001_Female_Laugh_03.wav,world_ambience,World,Assets/ThirdParty/Sonniss/Selected/World/2019/AudioDesire - Voice Pack One - E-00575a/VO_001_Female_Laugh_03.wav,1068374,bc5dd02806ea0478dd2e0a2a76e5b0756e58bd3905bb9bdf905964858eca7428,all variations retained from a selected game-fit pack,
2019,Sonniss.com - GDC 2019 - Game Audio Bundle Part 1of8.zip,AudioDesire - Voice Pack One - Emma,Sonniss.com - GDC 2019 - Game Audio Bundle Part 1of8/AudioDesire - Voice Pack One - Emma/VO_001_Female_Pain_20.wav,world_ambience,World,Assets/ThirdParty/Sonniss/Selected/World/2019/AudioDesire - Voice Pack One - E-00575a/VO_001_Female_Pain_20.wav,749524,4862bf631e33bf33ec81a5ed24be22abede34fa40285f96d3c3c321411c33d59,all variations retained from a selected game-fit pack,
2019,Sonniss.com - GDC 2019 - Game Audio Bundle Part 1of8.zip,AudioDesire - Voice Pack One - Emma,Sonniss.com - GDC 2019 - Game Audio Bundle Part 1of8/AudioDesire - Voice Pack One - Emma/VO_001_Female_Scream_High_03.wav,world_ambience,World,Assets/ThirdParty/Sonniss/Selected/World/2019/AudioDesire - Voice Pack One - E-00575a/VO_001_Female_Scream_High_03.wav,1582740,9eb2bc16f862b9f31405e8b1cd7bf3a5da7eb24730630aa53657900ed27668ff,all variations retained from a selected game-fit pack,
2019,Sonniss.com - GDC 2019 - Game Audio Bundle Part 1of8.zip,Articulated Sounds - Magic Elements vol.1,"Sonniss.com - GDC 2019 - Game Audio Bundle Part 1of8/Articulated Sounds - Magic Elements vol.1/MAGIC AIR Large Whoosh, Swirl, Wind Gust, Foliage 01.wav","combat,magic_supernatural,world_ambience",Magic,"Assets/ThirdParty/Sonniss/Selected/Magic/2019/Articulated Sounds - Magic Eleme-36109f/MAGIC AIR Large Whoosh, Swirl, Wind Gust, Foliage 01.wav",1917612,b043bd250f27486880fbfa65435cc75b1f201dfccbb0b2ddb4e85c451038e64f,all variations retained from a selected game-fit pack,
2019,Sonniss.com - GDC 2019 - Game Audio Bundle Part 1of8.zip,Articulated Sounds - Magic Elements vol.1,"Sonniss.com - GDC 2019 - Game Audio Bundle Part 1of8/Articulated Sounds - Magic Elements vol.1/MAGIC GENERIC Haunted Old Grimoire, Open, Flip Through, Close 01.wav",magic_supernatural,Magic,"Assets/ThirdParty/Sonniss/Selected/Magic/2019/Articulated Sounds - Magic Eleme-36109f/MAGIC GENERIC Haunted Old Grimoire, Open, Flip Through, Close 01.wav",3399336,f8eb76079359d8d6a45d584e15d5e1a0eaa277b8239123dc771acfd7b9e10279,all variations retained from a selected game-fit pack,
2019,Sonniss.com - GDC 2019 - Game Audio Bundle Part 1of8.zip,Articulated Sounds - Magic Elements vol.1,"Sonniss.com - GDC 2019 - Game Audio Bundle Part 1of8/Articulated Sounds - Magic Elements vol.1/MAGIC ICE Whoosh, Ice Bloc, Debris 01.wav","combat,magic_supernatural,survival_crafting,world_ambience",Magic,"Assets/ThirdParty/Sonniss/Selected/Magic/2019/Articulated Sounds - Magic Eleme-36109f/MAGIC ICE Whoosh, Ice Bloc, Debris 01.wav",1955796,2eb4176c9b7cd7e4eac702ee97312dba9ce3e3fb54b34362b9e3a4eb9fa21ece,all variations retained from a selected game-fit pack,
2019,Sonniss.com - GDC 2019 - Game Audio Bundle Part 1of8.zip,Articulated Sounds - Magic Elements vol.1,"Sonniss.com - GDC 2019 - Game Audio Bundle Part 1of8/Articulated Sounds - Magic Elements vol.1/GROUND IMPACT Large, Falling Rocks, Various 04.wav","combat,magic_supernatural,survival_crafting",Magic,"Assets/ThirdParty/Sonniss/Selected/Magic/2019/Articulated Sounds - Magic Eleme-36109f/GROUND IMPACT Large, Falling Rocks, Various 04.wav",3656682,2f578e6a54f50842117c96a66bac0cafb5a3d7e30cd1e73b88f073441e313f1b,all variations retained from a selected game-fit pack,
2019,Sonniss.com - GDC 2019 - Game Audio Bundle Part 1of8.zip,Articulated Sounds - Ghosts Return,"Sonniss.com - GDC 2019 - Game Audio Bundle Part 1of8/Articulated Sounds - Ghosts Return/ATMO EERIE Cave, Water Drips, Emptyness, Howling Interior Wind, Oppressive, LOOP.wav","magic_supernatural,creatures_wildlife,world_ambience",Creatures,"Assets/ThirdParty/Sonniss/Selected/Creatures/2019/Articulated Sounds - Ghosts Retu-006837/ATMO EERIE Cave, Water Drips, Emptyness, Howling Interior Wind, Oppressive, LOOP.wav",48970856,f2038732033b1b528951cb15effdff7a598c0e767ce1edf8c48dee634809ca26,all variations retained from a selected game-fit pack,
2019,Sonniss.com - GDC 2019 - Game Audio Bundle Part 1of8.zip,Articulated Sounds - Ghosts Return,"Sonniss.com - GDC 2019 - Game Audio Bundle Part 1of8/Articulated Sounds - Ghosts Return/DOOR KNOCK Bathroom A, Wood, Heavy, Fist, Medium 01, From INSIDE.wav","magic_supernatural,survival_crafting",Creatures,"Assets/ThirdParty/Sonniss/Selected/Creatures/2019/Articulated Sounds - Ghosts Retu-006837/DOOR KNOCK Bathroom A, Wood, Heavy, Fist, Medium 01, From INSIDE.wav",2111968,76e820a559bc009929349ae9d90c44db050c8628486f1b0d500ca24727985642,all variations retained from a selected game-fit pack,
2019,Sonniss.com - GDC 2019 - Game Audio Bundle Part 1of8.zip,Articulated Sounds - Ghosts Return,"Sonniss.com - GDC 2019 - Game Audio Bundle Part 1of8/Articulated Sounds - Ghosts Return/CREATURE GHOST Male, Whisper, Breathe, Language, Short, DRY 01.wav","magic_supernatural,creatures_wildlife,survival_crafting",Creatures,"Assets/ThirdParty/Sonniss/Selected/Creatures/2019/Articulated Sounds - Ghosts Retu-006837/CREATURE GHOST Male, Whisper, Breathe, Language, Short, DRY 01.wav",1168606,28f40616ccc6eb85ae5bcc96826607f92a557ad0914b0d383159dff52a50beb8,all variations retained from a selected game-fit pack,
2019,Sonniss.com - GDC 2019 - Game Audio Bundle Part 1of8.zip,Articulated Sounds - Ghosts Return,"Sonniss.com - GDC 2019 - Game Audio Bundle Part 1of8/Articulated Sounds - Ghosts Return/METAL CHAIN Old Barn, Manipulation, Clinking 04.wav","magic_supernatural,survival_crafting",Creatures,"Assets/ThirdParty/Sonniss/Selected/Creatures/2019/Articulated Sounds - Ghosts Retu-006837/METAL CHAIN Old Barn, Manipulation, Clinking 04.wav",1195962,a72002a8e4a1b01f33343c131448d6b6688dd891d37815a22b6672561b491f7b,all variations retained from a selected game-fit pack,
2019,Sonniss.com - GDC 2019 - Game Audio Bundle Part 1of8.zip,Articulated Sounds - Fight Vocalizations,"Sonniss.com - GDC 2019 - Game Audio Bundle Part 1of8/Articulated Sounds - Fight Vocalizations/EMOTE Ashley, Woman, Anger Fight Grunt Big 02.wav",combat,Combat,"Assets/ThirdParty/Sonniss/Selected/Combat/2019/Articulated Sounds - Fight Vocal-f11b13/EMOTE Ashley, Woman, Anger Fight Grunt Big 02.wav",570280,b5d5647842463e0ab96d0587ca7b95f91725ae8eefc122b83e316e07f02092c2,all variations retained from a selected game-fit pack,
2019,Sonniss.com - GDC 2019 - Game Audio Bundle Part 1of8.zip,Articulated Sounds - Fight Vocalizations,"Sonniss.com - GDC 2019 - Game Audio Bundle Part 1of8/Articulated Sounds - Fight Vocalizations/EMOTE David, Man, Anger Fight Grunt Special Power 03.wav",combat,Combat,"Assets/ThirdParty/Sonniss/Selected/Combat/2019/Articulated Sounds - Fight Vocal-f11b13/EMOTE David, Man, Anger Fight Grunt Special Power 03.wav",1048534,3135aac75f3050bc542109e09671dce418967aef546b1825db00a4d67697fbdc,all variations retained from a selected game-fit pack,
2019,Sonniss.com - GDC 2019 - Game Audio Bundle Part 1of8.zip,Articulated Sounds - Fight Vocalizations,"Sonniss.com - GDC 2019 - Game Audio Bundle Part 1of8/Articulated Sounds - Fight Vocalizations/EMOTE Joshua, Man, Pain Hurt Grunt Big 03.wav",combat,Combat,"Assets/ThirdParty/Sonniss/Selected/Combat/2019/Articulated Sounds - Fight Vocal-f11b13/EMOTE Joshua, Man, Pain Hurt Grunt Big 03.wav",498008,c1011c885c2cb0f6e930e2cd45b7db6205125adac65ecd05560d62ce44b6e728,all variations retained from a selected game-fit pack,
2019,Sonniss.com - GDC 2019 - Game Audio Bundle Part 1of8.zip,Articulated Sounds - Fight Vocalizations,"Sonniss.com - GDC 2019 - Game Audio Bundle Part 1of8/Articulated Sounds - Fight Vocalizations/EMOTE Lily, Child, Anger Fight Ninja 01.wav",combat,Combat,"Assets/ThirdParty/Sonniss/Selected/Combat/2019/Articulated Sounds - Fight Vocal-f11b13/EMOTE Lily, Child, Anger Fight Ninja 01.wav",1238456,2c0f7d676716ce2548a6ae0d45804148f2443c3dc2fc0ea99a6d722690ab597a,all variations retained from a selected game-fit pack,
2019,Sonniss.com - GDC 2019 - Game Audio Bundle Part 1of8.zip,Airborne Sound - Tools,"Sonniss.com - GDC 2019 - Game Audio Bundle Part 1of8/Airborne Sound - Tools/Air Compressor,Omega,5 hp,20 Gallon,Twin Cylinder,Air Release,x2.wav",survival_crafting,SurvivalCrafting,"Assets/ThirdParty/Sonniss/Selected/SurvivalCrafting/2019/Airborne Sound - Tools-82d4ce/Air Compressor,Omega,5 hp,20 Gallon,Twin Cylinder,Air Release,x2.wav",3590228,d657b279df322775cea37835437a40aac0c3512a4448a36a8aea2471a345e892,all variations retained from a selected game-fit pack,
2019,Sonniss.com - GDC 2019 - Game Audio Bundle Part 1of8.zip,Airborne Sound - Tools,"Sonniss.com - GDC 2019 - Game Audio Bundle Part 1of8/Airborne Sound - Tools/Saw,Circular,Porter-Cable,315,7 1 4 inch blade,16 tooth,On,Cut,Plywood,Off.wav","combat,survival_crafting",Combat,"Assets/ThirdParty/Sonniss/Selected/Combat/2019/Airborne Sound - Tools-82d4ce/Saw,Circular,Porter-Cable,315,7 1 4 inch blade,16 tooth,On,Cut,Plywood,Off.wav",12480506,e2beacb9bbdb29cc7909862c09dca5ebfd282b38c09c395963ef376ae6e35466,all variations retained from a selected game-fit pack,
2019,Sonniss.com - GDC 2019 - Game Audio Bundle Part 1of8.zip,Airborne Sound - Tools,"Sonniss.com - GDC 2019 - Game Audio Bundle Part 1of8/Airborne Sound - Tools/Work,Hammer,Wall,Concrete Block,Sledgehammers,Pair,Hit,Debris,Patient - very faint background construction.wav","combat,survival_crafting",Combat,"Assets/ThirdParty/Sonniss/Selected/Combat/2019/Airborne Sound - Tools-82d4ce/Work,Hammer,Wall,Concrete Block,Sledgehammers,Pair,Hit,Debris,Patient - very faint background construction.wav",51899954,366042111b17c2ad6ace7f663ba0479cacc191e486aba65cdc4d289a5f300956,all variations retained from a selected game-fit pack,
2019,Sonniss.com - GDC 2019 - Game Audio Bundle Part 1of8.zip,Airborne Sound - Organic Whooshes,"Sonniss.com - GDC 2019 - Game Audio Bundle Part 1of8/Airborne Sound - Organic Whooshes/Whoosh,Organic,Fabric,Glove,Airy,Breathy,Punchy.wav","combat,survival_crafting,movement_foley",Combat,"Assets/ThirdParty/Sonniss/Selected/Combat/2019/Airborne Sound - Organic Whooshe-d3c60b/Whoosh,Organic,Fabric,Glove,Airy,Breathy,Punchy.wav",542600,61aa3116d5fe8cedf9103fe7ca7921141032ea868145f0bc67c5618b8077be49,all variations retained from a selected game-fit pack,
2019,Sonniss.com - GDC 2019 - Game Audio Bundle Part 1of8.zip,Airborne Sound - Organic Whooshes,"Sonniss.com - GDC 2019 - Game Audio Bundle Part 1of8/Airborne Sound - Organic Whooshes/Whoosh,Organic,Fabric,Strap,Zip,High,Stagger,Pushy.wav","combat,movement_foley",Combat,"Assets/ThirdParty/Sonniss/Selected/Combat/2019/Airborne Sound - Organic Whooshe-d3c60b/Whoosh,Organic,Fabric,Strap,Zip,High,Stagger,Pushy.wav",748698,71e9704b02c7c63cce5e1c9337266bbf2618a46b873e4194b92b12208b6fac60,all variations retained from a selected game-fit pack,
2019,Sonniss.com - GDC 2019 - Game Audio Bundle Part 1of8.zip,Airborne Sound - Organic Whooshes,"Sonniss.com - GDC 2019 - Game Audio Bundle Part 1of8/Airborne Sound - Organic Whooshes/Whoosh,Organic,Styrofoam,Plank,Airy,Smooth,Texture,1.wav",combat,Combat,"Assets/ThirdParty/Sonniss/Selected/Combat/2019/Airborne Sound - Organic Whooshe-d3c60b/Whoosh,Organic,Styrofoam,Plank,Airy,Smooth,Texture,1.wav",789990,01fe79ded819839c86b99e34b222ae62db39cdd76f7a562d0b52f6ea15021dc1,all variations retained from a selected game-fit pack,
2019,Sonniss.com - GDC 2019 - Game Audio Bundle Part 1of8.zip,Airborne Sound - Elements Metal,"Sonniss.com - GDC 2019 - Game Audio Bundle Part 1of8/Airborne Sound - Elements Metal/Metal,Rebar,Drop,Concrete,Low Height,3,Medium Distant.wav",survival_crafting,SurvivalCrafting,"Assets/ThirdParty/Sonniss/Selected/SurvivalCrafting/2019/Airborne Sound - Elements Metal-43207c/Metal,Rebar,Drop,Concrete,Low Height,3,Medium Distant.wav",1011204,e61c32212e8ee0879ad2708491d8ab0c2bd202efddedebb6dc2bf07399230d22,all variations retained from a selected game-fit pack,
2019,Sonniss.com - GDC 2019 - Game Audio Bundle Part 1of8.zip,Airborne Sound - Elements Metal,"Sonniss.com - GDC 2019 - Game Audio Bundle Part 1of8/Airborne Sound - Elements Metal/Metal,Crash,Concrete,Sheet Metal,20 Gauge,Slow,Complex.wav",survival_crafting,SurvivalCrafting,"Assets/ThirdParty/Sonniss/Selected/SurvivalCrafting/2019/Airborne Sound - Elements Metal-43207c/Metal,Crash,Concrete,Sheet Metal,20 Gauge,Slow,Complex.wav",1058280,4663543525283416fdb494ed2f129edc5ee1c379f342a3f611b1947edd41778c,all variations retained from a selected game-fit pack,
2019,Sonniss.com - GDC 2019 - Game Audio Bundle Part 1of8.zip,Airborne Sound - Elements Metal,"Sonniss.com - GDC 2019 - Game Audio Bundle Part 1of8/Airborne Sound - Elements Metal/Metal,Hits,Pipe,Mixed,Fast,Irregular.wav","combat,survival_crafting",Combat,"Assets/ThirdParty/Sonniss/Selected/Combat/2019/Airborne Sound - Elements Metal-43207c/Metal,Hits,Pipe,Mixed,Fast,Irregular.wav",671518,83b4ed0d443d948295362ed0b0cddfd333fa4568c53d3a78e956b9717b496fc8,all variations retained from a selected game-fit pack,
2019,Sonniss.com - GDC 2019 - Game Audio Bundle Part 1of8.zip,Airborne Sound - Eclectic Whooshes 3,"Sonniss.com - GDC 2019 - Game Audio Bundle Part 1of8/Airborne Sound - Eclectic Whooshes 3/Whoosh,Sound Design,Watery,Strong,Fast,Abrupt.wav","combat,world_ambience",Combat,"Assets/ThirdParty/Sonniss/Selected/Combat/2019/Airborne Sound - Eclectic Whoosh-2fe9f8/Whoosh,Sound Design,Watery,Strong,Fast,Abrupt.wav",1615430,7158c719523fb03412b28b7e52323aa7c3727434b2086e03909076baae9bbd4b,all variations retained from a selected game-fit pack,
2019,Sonniss.com - GDC 2019 - Game Audio Bundle Part 1of8.zip,Airborne Sound - Eclectic Whooshes 2,"Sonniss.com - GDC 2019 - Game Audio Bundle Part 1of8/Airborne Sound - Eclectic Whooshes 2/Whoosh,Sound Design,Airy,Hollow,Thick,Waver,Medium.wav","combat,world_ambience",Combat,"Assets/ThirdParty/Sonniss/Selected/Combat/2019/Airborne Sound - Eclectic Whoosh-aa6aeb/Whoosh,Sound Design,Airy,Hollow,Thick,Waver,Medium.wav",4591674,927e98d0dd83911f77ab5b59d5cf4c616ea5de8cd517dff4eae25315a02e31dd,all variations retained from a selected game-fit pack,
2019,Sonniss.com - GDC 2019 - Game Audio Bundle Part 1of8.zip,Airborne Sound - Eclectic Whooshes 2,"Sonniss.com - GDC 2019 - Game Audio Bundle Part 1of8/Airborne Sound - Eclectic Whooshes 2/Whoosh,Sound Design,Chatter,Buzz,Tight,High,Fast,Decelerate.wav",combat,Combat,"Assets/ThirdParty/Sonniss/Selected/Combat/2019/Airborne Sound - Eclectic Whoosh-aa6aeb/Whoosh,Sound Design,Chatter,Buzz,Tight,High,Fast,Decelerate.wav",1583664,cd612102bafb3b135d8757e3f31949b61da4e609721f8532b9bd4656201c2c9f,all variations retained from a selected game-fit pack,
2019,Sonniss.com - GDC 2019 - Game Audio Bundle Part 1of8.zip,Airborne Sound - Eclectic Whooshes 2,"Sonniss.com - GDC 2019 - Game Audio Bundle Part 1of8/Airborne Sound - Eclectic Whooshes 2/Whoosh,Sound Design,Swirl,Airy,Diffuse,Medium Slow,2.wav",combat,Combat,"Assets/ThirdParty/Sonniss/Selected/Combat/2019/Airborne Sound - Eclectic Whoosh-aa6aeb/Whoosh,Sound Design,Swirl,Airy,Diffuse,Medium Slow,2.wav",6770730,3353d956cac82a97e3e0fde5e8abaa8d230db49eadcac8cde1881e69283ab9c1,all variations retained from a selected game-fit pack,
2019,Sonniss.com - GDC 2019 - Game Audio Bundle Part 1of8.zip,Airborne Sound - Airy Whooshes,"Sonniss.com - GDC 2019 - Game Audio Bundle Part 1of8/Airborne Sound - Airy Whooshes/Whoosh,Sound Design,Airy,Full,Forceful,Soft.wav",combat,Combat,"Assets/ThirdParty/Sonniss/Selected/Combat/2019/Airborne Sound - Airy Whooshes-266784/Whoosh,Sound Design,Airy,Full,Forceful,Soft.wav",707980,76c9d89c7eef29dac0189500380acc69e55260b543c6629b81795e5a81e5743e,all variations retained from a selected game-fit pack,
2019,Sonniss.com - GDC 2019 - Game Audio Bundle Part 1of8.zip,Airborne Sound - Airy Whooshes,"Sonniss.com - GDC 2019 - Game Audio Bundle Part 1of8/Airborne Sound - Airy Whooshes/Whoosh,Sound Design,Airy,Full,Soft,Shudder,Very Slow,Aftershock.wav","combat,ui_feedback",Combat,"Assets/ThirdParty/Sonniss/Selected/Combat/2019/Airborne Sound - Airy Whooshes-266784/Whoosh,Sound Design,Airy,Full,Soft,Shudder,Very Slow,Aftershock.wav",3023162,46b8eeeaa33c1926103c56b088dc30f776f5cb0bb3fca75b8bcfb322d7b4484a,all variations retained from a selected game-fit pack,
2019,Sonniss.com - GDC 2019 - Game Audio Bundle Part 1of8.zip,Airborne Sound - Airy Whooshes,"Sonniss.com - GDC 2019 - Game Audio Bundle Part 1of8/Airborne Sound - Airy Whooshes/Whoosh,Sound Design,Airy,Full,Soft,Buffet,Medium.wav",combat,Combat,"Assets/ThirdParty/Sonniss/Selected/Combat/2019/Airborne Sound - Airy Whooshes-266784/Whoosh,Sound Design,Airy,Full,Soft,Buffet,Medium.wav",2000684,48f0cda1bda39d06e458c3e954851281e407b27ff523bb12731d9612574094b5,all variations retained from a selected game-fit pack,
2019,Sonniss.com - GDC 2019 - Game Audio Bundle Part 1of8.zip,3maze - Kitchenware,Sonniss.com - GDC 2019 - Game Audio Bundle Part 1of8/3maze - Kitchenware/juice_machine_running_base_001.wav,"survival_crafting,world_ambience,movement_foley,ui_feedback",UI,Assets/ThirdParty/Sonniss/Selected/UI/2019/3maze - Kitchenware-f719eb/juice_machine_running_base_001.wav,20089234,9a28e69f739b6e9be5b81c8d3f7e81ec6af074caff988b43eb271ff76484e15e,all variations retained from a selected game-fit pack,
2019,Sonniss.com - GDC 2019 - Game Audio Bundle Part 1of8.zip,3maze - Kitchenware,Sonniss.com - GDC 2019 - Game Audio Bundle Part 1of8/3maze - Kitchenware/small_grill_001.wav,survival_crafting,SurvivalCrafting,Assets/ThirdParty/Sonniss/Selected/SurvivalCrafting/2019/3maze - Kitchenware-f719eb/small_grill_001.wav,11807562,66c5603ae3501d367a59d25c7b71f3daadff15adf321b8a24a2b84e9d6fcd17b,all variations retained from a selected game-fit pack,
2019,Sonniss.com - GDC 2019 - Game Audio Bundle Part 1of8.zip,3maze - Kitchenware,Sonniss.com - GDC 2019 - Game Audio Bundle Part 1of8/3maze - Kitchenware/draft_guinness_can_open_001.wav,"survival_crafting,ui_feedback",UI,Assets/ThirdParty/Sonniss/Selected/UI/2019/3maze - Kitchenware-f719eb/draft_guinness_can_open_001.wav,563842,449d595c44b057505fad7ab46cb4d789ab6c16088a91bfa5bd78b789f734f392,all variations retained from a selected game-fit pack,
2019,Sonniss.com - GDC 2019 - Game Audio Bundle Part 1of8.zip,3maze - Kitchenware,Sonniss.com - GDC 2019 - Game Audio Bundle Part 1of8/3maze - Kitchenware/drinks_glasses_touching_003.wav,survival_crafting,SurvivalCrafting,Assets/ThirdParty/Sonniss/Selected/SurvivalCrafting/2019/3maze - Kitchenware-f719eb/drinks_glasses_touching_003.wav,410990,f1ac8ef8886268d4e22c9fc69aeed0a9ab9b3b9e93b9b7173ea8911a012bb99d,all variations retained from a selected game-fit pack,
2019,Sonniss.com - GDC 2019 - Game Audio Bundle Part 1of8.zip,3maze - IMPACTUS,Sonniss.com - GDC 2019 - Game Audio Bundle Part 1of8/3maze - IMPACTUS/shatter_ice_001.wav,"combat,world_ambience",Combat,Assets/ThirdParty/Sonniss/Selected/Combat/2019/3maze - IMPACTUS-6a21c8/shatter_ice_001.wav,793612,b1fd0427e9ea26d5a1f90aa9e358590f3d10e16e3b2dcde96f6f0157e3a862c1,all variations retained from a selected game-fit pack,
2019,Sonniss.com - GDC 2019 - Game Audio Bundle Part 1of8.zip,3maze - IMPACTUS,Sonniss.com - GDC 2019 - Game Audio Bundle Part 1of8/3maze - IMPACTUS/mixed_impact_013.wav,combat,Combat,Assets/ThirdParty/Sonniss/Selected/Combat/2019/3maze - IMPACTUS-6a21c8/mixed_impact_013.wav,1554306,9b40f5ea8476a8922144a72e9f2c1f0a7a380c60359ff3878a676fef898f3a4b,all variations retained from a selected game-fit pack,
2019,Sonniss.com - GDC 2019 - Game Audio Bundle Part 1of8.zip,3maze - IMPACTUS,Sonniss.com - GDC 2019 - Game Audio Bundle Part 1of8/3maze - IMPACTUS/key_hit_single_bulbul_011.wav,"combat,survival_crafting",Combat,Assets/ThirdParty/Sonniss/Selected/Combat/2019/3maze - IMPACTUS-6a21c8/key_hit_single_bulbul_011.wav,1489562,b247b1b4510f3edc014bbb8a1cf08df6f38a9e98919914d0ae3a784d4cfef566,all variations retained from a selected game-fit pack,
2019,Sonniss.com - GDC 2019 - Game Audio Bundle Part 1of8.zip,3maze - IMPACTUS,Sonniss.com - GDC 2019 - Game Audio Bundle Part 1of8/3maze - IMPACTUS/digi_hit_008.wav,combat,Combat,Assets/ThirdParty/Sonniss/Selected/Combat/2019/3maze - IMPACTUS-6a21c8/digi_hit_008.wav,1164494,7dec69d5e05a5d1d32771d62e398184559c28c01efb35d647bf32e9baa58fe46,all variations retained from a selected game-fit pack,
2019,Sonniss.com - GDC 2019 - Game Audio Bundle Part 1of8.zip,3maze - FINAL IMPACT,Sonniss.com - GDC 2019 - Game Audio Bundle Part 1of8/3maze - FINAL IMPACT/toon_hit_022.wav,combat,Combat,Assets/ThirdParty/Sonniss/Selected/Combat/2019/3maze - FINAL IMPACT-b8b866/toon_hit_022.wav,798362,ee014e6852f8f56563c0e93d1bc2c5ec22304fa69f07ec9bd31c4ef00a337b16,all variations retained from a selected game-fit pack,
2019,Sonniss.com - GDC 2019 - Game Audio Bundle Part 1of8.zip,3maze - FINAL IMPACT,Sonniss.com - GDC 2019 - Game Audio Bundle Part 1of8/3maze - FINAL IMPACT/glass_bottle_smash_005.wav,combat,Combat,Assets/ThirdParty/Sonniss/Selected/Combat/2019/3maze - FINAL IMPACT-b8b866/glass_bottle_smash_005.wav,1554270,cdef1aa1aa78e9201386c0269ec43dd7119cf36b6a01068ec364feb9fc48403a,all variations retained from a selected game-fit pack,
2019,Sonniss.com - GDC 2019 - Game Audio Bundle Part 1of8.zip,3maze - FINAL IMPACT,Sonniss.com - GDC 2019 - Game Audio Bundle Part 1of8/3maze - FINAL IMPACT/layered_material_hit_035.wav,"combat,survival_crafting",Combat,Assets/ThirdParty/Sonniss/Selected/Combat/2019/3maze - FINAL IMPACT-b8b866/layered_material_hit_035.wav,746676,39193201b1716a0f4062b4e9c5ddfe387e2400ee2f6f38455ecb46fdb00f0ec9,all variations retained from a selected game-fit pack,
2019,Sonniss.com - GDC 2019 - Game Audio Bundle Part 1of8.zip,3maze - FINAL IMPACT,Sonniss.com - GDC 2019 - Game Audio Bundle Part 1of8/3maze - FINAL IMPACT/metal_hit_004.wav,"combat,survival_crafting",Combat,Assets/ThirdParty/Sonniss/Selected/Combat/2019/3maze - FINAL IMPACT-b8b866/metal_hit_004.wav,766826,0ee89743903aab3028956032e58515dcf97ae4bc5b35b458de52c27009b8a7e5,all variations retained from a selected game-fit pack,
2019,Sonniss.com - GDC 2019 - Game Audio Bundle Part 2of8.zip,Olivier Girardot - Natural Disasters,Sonniss.com - GDC 2019 - Game Audio Bundle Part 2of8/Olivier Girardot - Natural Disasters/Rocks Falling from the Sky.wav,survival_crafting,SurvivalCrafting,Assets/ThirdParty/Sonniss/Selected/SurvivalCrafting/2019/Olivier Girardot - Natural Disas-9910d8/Rocks Falling from the Sky.wav,2974212,aa7dcec8b30e4eb72ae23e05ba6ab2b3e28b5f612796a4ea60f0999fac4f5f99,all variations retained from a selected game-fit pack,
2019,Sonniss.com - GDC 2019 - Game Audio Bundle Part 2of8.zip,Olivier Girardot - Natural Disasters,Sonniss.com - GDC 2019 - Game Audio Bundle Part 2of8/Olivier Girardot - Natural Disasters/Desert Soundscape - Wind - Loop.wav,world_ambience,World,Assets/ThirdParty/Sonniss/Selected/World/2019/Olivier Girardot - Natural Disas-9910d8/Desert Soundscape - Wind - Loop.wav,41502536,14730f3d322b4fe2cc6ce6bfc7a40a81525739f7892ebb7716a6ac6bf454c8dc,all variations retained from a selected game-fit pack,
2019,Sonniss.com - GDC 2019 - Game Audio Bundle Part 2of8.zip,L.A. Sounds - Game & UI Interface 001,Sonniss.com - GDC 2019 - Game Audio Bundle Part 2of8/L.A. Sounds - Game & UI Interface 001/Scatter Plops 04.wav,ui_feedback,UI,Assets/ThirdParty/Sonniss/Selected/UI/2019/L.A. Sounds - Game & UI Interfac-1484cc/Scatter Plops 04.wav,446750,5da79b5dcd9043871a44e232ce069cc3c4396b61b5752bef7e1d1de15f95b871,all variations retained from a selected game-fit pack,
2019,Sonniss.com - GDC 2019 - Game Audio Bundle Part 2of8.zip,L.A. Sounds - Game & UI Interface 001,Sonniss.com - GDC 2019 - Game Audio Bundle Part 2of8/L.A. Sounds - Game & UI Interface 001/Triple Click 01.wav,ui_feedback,UI,Assets/ThirdParty/Sonniss/Selected/UI/2019/L.A. Sounds - Game & UI Interfac-1484cc/Triple Click 01.wav,386792,20ed889a7b76219e05a615465977c84b60fa2c25162d751eb3f14ac1e226ba13,all variations retained from a selected game-fit pack,
2019,Sonniss.com - GDC 2019 - Game Audio Bundle Part 2of8.zip,L.A. Sounds - Game & UI Interface 001,Sonniss.com - GDC 2019 - Game Audio Bundle Part 2of8/L.A. Sounds - Game & UI Interface 001/Hovers 03.wav,ui_feedback,UI,Assets/ThirdParty/Sonniss/Selected/UI/2019/L.A. Sounds - Game & UI Interfac-1484cc/Hovers 03.wav,546246,16a13b39b4d08ca21651cd399288810f7d2c75eca4ccb2493b520ad40425bc97,all variations retained from a selected game-fit pack,
2019,Sonniss.com - GDC 2019 - Game Audio Bundle Part 2of8.zip,ktwAudio - Unheard Sounds Electromagnetic Fields,Sonniss.com - GDC 2019 - Game Audio Bundle Part 2of8/ktwAudio - Unheard Sounds Electromagnetic Fields/20_Guitar_Pedal_Marshall_EH1_Echohead_Mod_Filter_Setting.wav,"world_ambience,ui_feedback",UI,Assets/ThirdParty/Sonniss/Selected/UI/2019/ktwAudio - Unheard Sounds Electr-aaa52d/20_Guitar_Pedal_Marshall_EH1_Echohead_Mod_Filter_Setting.wav,120031730,90eb2a19b65b0099e47562b1087f3bd40141d598a256b0e775b727ba0b141275,all variations retained from a selected game-fit pack,
2019,Sonniss.com - GDC 2019 - Game Audio Bundle Part 2of8.zip,ktwAudio - Unheard Sounds Electromagnetic Fields,Sonniss.com - GDC 2019 - Game Audio Bundle Part 2of8/ktwAudio - Unheard Sounds Electromagnetic Fields/81_Wireless_Landline_Telephone.wav,world_ambience,World,Assets/ThirdParty/Sonniss/Selected/World/2019/ktwAudio - Unheard Sounds Electr-aaa52d/81_Wireless_Landline_Telephone.wav,6193028,c2e704bf5c51965a53d12409f9871feb591c0f46665451e9760d9a5ba710d46f,all variations retained from a selected game-fit pack,
2019,Sonniss.com - GDC 2019 - Game Audio Bundle Part 2of8.zip,ktwAudio - Unheard Sounds Electromagnetic Fields,Sonniss.com - GDC 2019 - Game Audio Bundle Part 2of8/ktwAudio - Unheard Sounds Electromagnetic Fields/77_Mobile_Phone_Locked_Screen_On.wav,"survival_crafting,world_ambience",SurvivalCrafting,Assets/ThirdParty/Sonniss/Selected/SurvivalCrafting/2019/ktwAudio - Unheard Sounds Electr-aaa52d/77_Mobile_Phone_Locked_Screen_On.wav,4752994,94bf4104dda2c4242949190a0a34d61d4f91f8c946e1aae0318b27ee70405f00,all variations retained from a selected game-fit pack,
2019,Sonniss.com - GDC 2019 - Game Audio Bundle Part 2of8.zip,ktwAudio - Unheard Sounds Electromagnetic Fields,Sonniss.com - GDC 2019 - Game Audio Bundle Part 2of8/ktwAudio - Unheard Sounds Electromagnetic Fields/21_Ford_Focus_In_Motion_Windscreen_Wipers.wav,world_ambience,World,Assets/ThirdParty/Sonniss/Selected/World/2019/ktwAudio - Unheard Sounds Electr-aaa52d/21_Ford_Focus_In_Motion_Windscreen_Wipers.wav,7174734,cdc77bd78ebdb674e7552c4c4bdc31efa8d08a9cab703123fa8f5d7000f7afbf,all variations retained from a selected game-fit pack,
2019,Sonniss.com - GDC 2019 - Game Audio Bundle Part 2of8.zip,Ivo Vicic - Structure borne sound - metal resonances and textures,Sonniss.com - GDC 2019 - Game Audio Bundle Part 2of8/Ivo Vicic - Structure borne sound - metal resonances and textures/03 Overhead power line in wind.wav,"survival_crafting,world_ambience",SurvivalCrafting,Assets/ThirdParty/Sonniss/Selected/SurvivalCrafting/2019/Ivo Vicic - Structure borne soun-26b98f/03 Overhead power line in wind.wav,109968804,89d9abd5de654b474c61cb2a438d99783b79d16704847c070d9649173b68c942,all variations retained from a selected game-fit pack,
2019,Sonniss.com - GDC 2019 - Game Audio Bundle Part 2of8.zip,Ivo Vicic - Structure borne sound - metal resonances and textures,Sonniss.com - GDC 2019 - Game Audio Bundle Part 2of8/Ivo Vicic - Structure borne sound - metal resonances and textures/11 Overhead power line in wind.wav,"survival_crafting,world_ambience",SurvivalCrafting,Assets/ThirdParty/Sonniss/Selected/SurvivalCrafting/2019/Ivo Vicic - Structure borne soun-26b98f/11 Overhead power line in wind.wav,153738158,8e0e39a129a09c5f17ae770600a577c705d12abb2568efda0781d55baa506dff,all variations retained from a selected game-fit pack,
2019,Sonniss.com - GDC 2019 - Game Audio Bundle Part 2of8.zip,Ivo Vicic - Structure borne sound - metal resonances and textures,Sonniss.com - GDC 2019 - Game Audio Bundle Part 2of8/Ivo Vicic - Structure borne sound - metal resonances and textures/08 Overhead power line in wind.wav,"survival_crafting,world_ambience",SurvivalCrafting,Assets/ThirdParty/Sonniss/Selected/SurvivalCrafting/2019/Ivo Vicic - Structure borne soun-26b98f/08 Overhead power line in wind.wav,49914878,674e0ffc58ab988a9cec8b8e4e345cf31afcc7c59b71c6a899ff28f988b28e6f,all variations retained from a selected game-fit pack,
2019,Sonniss.com - GDC 2019 - Game Audio Bundle Part 2of8.zip,Ivo Vicic - Natural ambiences vol.1,Sonniss.com - GDC 2019 - Game Audio Bundle Part 2of8/Ivo Vicic - Natural ambiences vol.1/05 Crickets_owls_summer night.WAV,"creatures_wildlife,world_ambience",Creatures,Assets/ThirdParty/Sonniss/Selected/Creatures/2019/Ivo Vicic - Natural ambiences vo-e1757c/05 Crickets_owls_summer night.WAV,86391032,e1d0973d2fdf764938e9fb5c48010de717bcaa6cdc8b3ca3c128be811fe13a4d,all variations retained from a selected game-fit pack,
2019,Sonniss.com - GDC 2019 - Game Audio Bundle Part 2of8.zip,Ivo Vicic - Natural ambiences vol.1,Sonniss.com - GDC 2019 - Game Audio Bundle Part 2of8/Ivo Vicic - Natural ambiences vol.1/43 Little owl_river_night_distant.WAV,"creatures_wildlife,world_ambience",World,Assets/ThirdParty/Sonniss/Selected/World/2019/Ivo Vicic - Natural ambiences vo-e1757c/43 Little owl_river_night_distant.WAV,43408192,614e6d1bb5c10a269825d5614a8b7ff455b9e61cbc7666c77e273fd698836038,all variations retained from a selected game-fit pack,
2019,Sonniss.com - GDC 2019 - Game Audio Bundle Part 2of8.zip,Ivo Vicic - Natural ambiences vol.1,Sonniss.com - GDC 2019 - Game Audio Bundle Part 2of8/Ivo Vicic - Natural ambiences vol.1/38 Wind in grass_Velebit mountain.WAV,world_ambience,World,Assets/ThirdParty/Sonniss/Selected/World/2019/Ivo Vicic - Natural ambiences vo-e1757c/38 Wind in grass_Velebit mountain.WAV,87503990,b6c915638f7b9506adf96f2a8507a796a15a7eaf36533bf3c71a8f129d9565eb,all variations retained from a selected game-fit pack,
2019,Sonniss.com - GDC 2019 - Game Audio Bundle Part 2of8.zip,Ivo Vicic - Calm sea,Sonniss.com - GDC 2019 - Game Audio Bundle Part 2of8/Ivo Vicic - Calm sea/08 Small beach_gentle waves_echo 1.wav,world_ambience,World,Assets/ThirdParty/Sonniss/Selected/World/2019/Ivo Vicic - Calm sea-ce81ec/08 Small beach_gentle waves_echo 1.wav,173370994,253d241644d192b696b5c9398fc4f4116d3f89ff28ffbeb7a438d3e1a491a4f8,all variations retained from a selected game-fit pack,
2019,Sonniss.com - GDC 2019 - Game Audio Bundle Part 2of8.zip,Ivo Vicic - Calm sea,Sonniss.com - GDC 2019 - Game Audio Bundle Part 2of8/Ivo Vicic - Calm sea/48 Small cave _waves 3.wav,world_ambience,World,Assets/ThirdParty/Sonniss/Selected/World/2019/Ivo Vicic - Calm sea-ce81ec/48 Small cave _waves 3.wav,72898920,97b05d48127d9646b174623e7227225e2261ef036524f4a42e206f460205a800,all variations retained from a selected game-fit pack,
2019,Sonniss.com - GDC 2019 - Game Audio Bundle Part 2of8.zip,Ivo Vicic - Calm sea,Sonniss.com - GDC 2019 - Game Audio Bundle Part 2of8/Ivo Vicic - Calm sea/01 Small beach_rolling stones 1.wav,"survival_crafting,world_ambience",SurvivalCrafting,Assets/ThirdParty/Sonniss/Selected/SurvivalCrafting/2019/Ivo Vicic - Calm sea-ce81ec/01 Small beach_rolling stones 1.wav,55295286,5c6e8d6617f053e78486d44000dae4faa2e30781c7074b89972dcd8fc5d3190c,all variations retained from a selected game-fit pack,
2019,Sonniss.com - GDC 2019 - Game Audio Bundle Part 2of8.zip,Ivo Vicic - Calm sea,Sonniss.com - GDC 2019 - Game Audio Bundle Part 2of8/Ivo Vicic - Calm sea/59 Beach_wave_near 6.wav,world_ambience,World,Assets/ThirdParty/Sonniss/Selected/World/2019/Ivo Vicic - Calm sea-ce81ec/59 Beach_wave_near 6.wav,86275884,8582723c446f45f46fe42dceda7505836b6718b2b831771f04a38573769c55d4,all variations retained from a selected game-fit pack,
2019,Sonniss.com - GDC 2019 - Game Audio Bundle Part 2of8.zip,InspectorJ - Wooden Fence Destruction,Sonniss.com - GDC 2019 - Game Audio Bundle Part 2of8/InspectorJ - Wooden Fence Destruction/Destruction_Wooden_2.wav,survival_crafting,SurvivalCrafting,Assets/ThirdParty/Sonniss/Selected/SurvivalCrafting/2019/InspectorJ - Wooden Fence Destru-009dea/Destruction_Wooden_2.wav,440192,2b68b6e3c5e5b6cf4f39f706e8d8babc866f3205a042f33d843d891eee004030,all variations retained from a selected game-fit pack,
2019,Sonniss.com - GDC 2019 - Game Audio Bundle Part 2of8.zip,InspectorJ - Wooden Fence Destruction,Sonniss.com - GDC 2019 - Game Audio Bundle Part 2of8/InspectorJ - Wooden Fence Destruction/Dropping_WoodPanel_Multi_6.wav,survival_crafting,SurvivalCrafting,Assets/ThirdParty/Sonniss/Selected/SurvivalCrafting/2019/InspectorJ - Wooden Fence Destru-009dea/Dropping_WoodPanel_Multi_6.wav,359444,91dd94cb68059b3836d750354bf91e588b5b25d4596f68a42e7bf7ab9373d4bf,all variations retained from a selected game-fit pack,
2019,Sonniss.com - GDC 2019 - Game Audio Bundle Part 2of8.zip,InspectorJ - Wooden Fence Destruction,Sonniss.com - GDC 2019 - Game Audio Bundle Part 2of8/InspectorJ - Wooden Fence Destruction/Dropping_WoodPile_79.wav,survival_crafting,SurvivalCrafting,Assets/ThirdParty/Sonniss/Selected/SurvivalCrafting/2019/InspectorJ - Wooden Fence Destru-009dea/Dropping_WoodPile_79.wav,312364,2c3bd81eaeefe0f8ddf027ec8a89d95bd38171f6ad3a4e383efe1fca8f84ce05,all variations retained from a selected game-fit pack,
2019,Sonniss.com - GDC 2019 - Game Audio Bundle Part 2of8.zip,InspectorJ - Wooden Fence Destruction,Sonniss.com - GDC 2019 - Game Audio Bundle Part 2of8/InspectorJ - Wooden Fence Destruction/WoodenFence_Thud_Multi_1.wav,"survival_crafting,ui_feedback",SurvivalCrafting,Assets/ThirdParty/Sonniss/Selected/SurvivalCrafting/2019/InspectorJ - Wooden Fence Destru-009dea/WoodenFence_Thud_Multi_1.wav,919746,2f4c24b270b1d05af03ed862dc94a4d0ed353921539d923185e699cca757a4f7,all variations retained from a selected game-fit pack,
2019,Sonniss.com - GDC 2019 - Game Audio Bundle Part 2of8.zip,InspectorJ - Hidden Voices- Flexatone,Sonniss.com - GDC 2019 - Game Audio Bundle Part 2of8/InspectorJ - Hidden Voices- Flexatone/Flexatone_Quiver_09.wav,"world_ambience,ui_feedback",UI,Assets/ThirdParty/Sonniss/Selected/UI/2019/InspectorJ - Hidden Voices- Flex-11fc2d/Flexatone_Quiver_09.wav,2411160,f9ba1995306124123912e602742c30fafef96bc91becf397c38cd90a544c574e,all variations retained from a selected game-fit pack,
2019,Sonniss.com - GDC 2019 - Game Audio Bundle Part 2of8.zip,InspectorJ - Hidden Voices- Flexatone,Sonniss.com - GDC 2019 - Game Audio Bundle Part 2of8/InspectorJ - Hidden Voices- Flexatone/Flexatone_VoiceA_Laugh_Long_08.wav,world_ambience,World,Assets/ThirdParty/Sonniss/Selected/World/2019/InspectorJ - Hidden Voices- Flex-11fc2d/Flexatone_VoiceA_Laugh_Long_08.wav,1356474,44cff91fff8c9fe4830122692c9bd2a5152772c96a6a9d4a7b2d1ec685a436f2,all variations retained from a selected game-fit pack,
2019,Sonniss.com - GDC 2019 - Game Audio Bundle Part 2of8.zip,InspectorJ - Hidden Voices- Flexatone,Sonniss.com - GDC 2019 - Game Audio Bundle Part 2of8/InspectorJ - Hidden Voices- Flexatone/Flexatone_VoiceA_Really_16.wav,world_ambience,World,Assets/ThirdParty/Sonniss/Selected/World/2019/InspectorJ - Hidden Voices- Flex-11fc2d/Flexatone_VoiceA_Really_16.wav,451196,7d0fd6ac45c3090faf299b80f4144d939de3d5f0ec4bf59e6c93eafcdfa809e0,all variations retained from a selected game-fit pack,
2019,Sonniss.com - GDC 2019 - Game Audio Bundle Part 2of8.zip,InspectorJ - Hidden Voices- Flexatone,Sonniss.com - GDC 2019 - Game Audio Bundle Part 2of8/InspectorJ - Hidden Voices- Flexatone/Flexatone_VoiceD_Talk_20.wav,world_ambience,World,Assets/ThirdParty/Sonniss/Selected/World/2019/InspectorJ - Hidden Voices- Flex-11fc2d/Flexatone_VoiceD_Talk_20.wav,754488,4ba88d3d26dfc2c4bf6e2eb39eca1c09f277e8c6312d62e26e779e8ae5aaa456,all variations retained from a selected game-fit pack,
2019,Sonniss.com - GDC 2019 - Game Audio Bundle Part 2of8.zip,InspectorJ - Hidden Voices- Bodyboard,Sonniss.com - GDC 2019 - Game Audio Bundle Part 2of8/InspectorJ - Hidden Voices- Bodyboard/BB_CreatureVoiceC_Dry_088.wav,"creatures_wildlife,survival_crafting,world_ambience",Creatures,Assets/ThirdParty/Sonniss/Selected/Creatures/2019/InspectorJ - Hidden Voices- Body-cc782e/BB_CreatureVoiceC_Dry_088.wav,748954,b3e2dc68ca812c369de5237db39238929a9e1794a58e0083a9dfa5fda11443ef,all variations retained from a selected game-fit pack,
2019,Sonniss.com - GDC 2019 - Game Audio Bundle Part 2of8.zip,InspectorJ - Hidden Voices- Bodyboard,Sonniss.com - GDC 2019 - Game Audio Bundle Part 2of8/InspectorJ - Hidden Voices- Bodyboard/BB_CreatureVoiceG_Dry_281.wav,"creatures_wildlife,survival_crafting,world_ambience",Creatures,Assets/ThirdParty/Sonniss/Selected/Creatures/2019/InspectorJ - Hidden Voices- Body-cc782e/BB_CreatureVoiceG_Dry_281.wav,635598,fa7adcee4a300d8305631ef13627d86906c97e295e096a9f518e49bbb88ec9fb,all variations retained from a selected game-fit pack,
2019,Sonniss.com - GDC 2019 - Game Audio Bundle Part 2of8.zip,InspectorJ - Hidden Voices- Bodyboard,Sonniss.com - GDC 2019 - Game Audio Bundle Part 2of8/InspectorJ - Hidden Voices- Bodyboard/BB_Laugh_22.wav,"creatures_wildlife,world_ambience",World,Assets/ThirdParty/Sonniss/Selected/World/2019/InspectorJ - Hidden Voices- Body-cc782e/BB_Laugh_22.wav,953198,04537e53c46b8047fecf82c5c8a3d43c45100584017e30be2aa2455c6c0d9e8a,all variations retained from a selected game-fit pack,
2019,Sonniss.com - GDC 2019 - Game Audio Bundle Part 2of8.zip,InspectorJ - Hidden Voices- Bodyboard,Sonniss.com - GDC 2019 - Game Audio Bundle Part 2of8/InspectorJ - Hidden Voices- Bodyboard/BB_Scrape_19.wav,"creatures_wildlife,world_ambience",World,Assets/ThirdParty/Sonniss/Selected/World/2019/InspectorJ - Hidden Voices- Body-cc782e/BB_Scrape_19.wav,439954,9201d027d75a74a9e800792d9ea81b3a562cb8635f77f9a2a0614c7fa5dd4164,all variations retained from a selected game-fit pack,
2019,Sonniss.com - GDC 2019 - Game Audio Bundle Part 2of8.zip,InspectorJ - Ambience - Banaue Rice Terraces,Sonniss.com - GDC 2019 - Game Audio Bundle Part 2of8/InspectorJ - Ambience - Banaue Rice Terraces/Amb_BRT_Morning_B04_River_LOOP.wav,world_ambience,World,Assets/ThirdParty/Sonniss/Selected/World/2019/InspectorJ - Ambience - Banaue R-66ec1e/Amb_BRT_Morning_B04_River_LOOP.wav,34561136,1183dc2a7a1fdea66ea26f136a448d9b017e0c565329dc975d6c10314a676ebc,all variations retained from a selected game-fit pack,
2019,Sonniss.com - GDC 2019 - Game Audio Bundle Part 2of8.zip,InspectorJ - Ambience - Banaue Rice Terraces,Sonniss.com - GDC 2019 - Game Audio Bundle Part 2of8/InspectorJ - Ambience - Banaue Rice Terraces/Amb_BRT_Batad_A02_Village_LOOP.wav,world_ambience,World,Assets/ThirdParty/Sonniss/Selected/World/2019/InspectorJ - Ambience - Banaue R-66ec1e/Amb_BRT_Batad_A02_Village_LOOP.wav,34561274,06f4e1a8a8b0aa46f3abd956b51968e45e97f28329fbaaabc7e47999e87a74e6,all variations retained from a selected game-fit pack,
2019,Sonniss.com - GDC 2019 - Game Audio Bundle Part 2of8.zip,InspectorJ - Ambience - Banaue Rice Terraces,Sonniss.com - GDC 2019 - Game Audio Bundle Part 2of8/InspectorJ - Ambience - Banaue Rice Terraces/Amb_BRT_Mid-Day_C11_Animals_LOOP.wav,"creatures_wildlife,world_ambience",Creatures,Assets/ThirdParty/Sonniss/Selected/Creatures/2019/InspectorJ - Ambience - Banaue R-66ec1e/Amb_BRT_Mid-Day_C11_Animals_LOOP.wav,34561132,b8e6ee0ea2ba55a4a5eab0b2c5cdd7d2544512dee30e0d9741016cd149809641,all variations retained from a selected game-fit pack,
2019,Sonniss.com - GDC 2019 - Game Audio Bundle Part 2of8.zip,InspectorJ - Ambience - Banaue Rice Terraces,Sonniss.com - GDC 2019 - Game Audio Bundle Part 2of8/InspectorJ - Ambience - Banaue Rice Terraces/Amb_BRT_Night_E01_Clean_LOOP.wav,world_ambience,World,Assets/ThirdParty/Sonniss/Selected/World/2019/InspectorJ - Ambience - Banaue R-66ec1e/Amb_BRT_Night_E01_Clean_LOOP.wav,34561086,eeb69cbf74a14931291af0a74e37f0acd1ff4939a833a02103808aaae06f3c3c,all variations retained from a selected game-fit pack,
2019,Sonniss.com - GDC 2019 - Game Audio Bundle Part 2of8.zip,Impact Soundworks - Super FX 8 and 16-bit Video Game SFX,Sonniss.com - GDC 2019 - Game Audio Bundle Part 2of8/Impact Soundworks - Super FX 8 and 16-bit Video Game SFX/Combat_Triple_Combo_Hit.wav,combat,Combat,Assets/ThirdParty/Sonniss/Selected/Combat/2019/Impact Soundworks - Super FX 8 a-187b26/Combat_Triple_Combo_Hit.wav,249044,f128452becfed075fec2e250931f057dd914ff6b6646686bcb72c36fa6c54a17,all variations retained from a selected game-fit pack,
2019,Sonniss.com - GDC 2019 - Game Audio Bundle Part 2of8.zip,Impact Soundworks - Super FX 8 and 16-bit Video Game SFX,Sonniss.com - GDC 2019 - Game Audio Bundle Part 2of8/Impact Soundworks - Super FX 8 and 16-bit Video Game SFX/Magic_Teleport.wav,"combat,magic_supernatural",Magic,Assets/ThirdParty/Sonniss/Selected/Magic/2019/Impact Soundworks - Super FX 8 a-187b26/Magic_Teleport.wav,422034,23260ee1e3b8266d0679dcf711431403ab8597801de515df65d6fb75aaedce0d,all variations retained from a selected game-fit pack,
2019,Sonniss.com - GDC 2019 - Game Audio Bundle Part 2of8.zip,Impact Soundworks - Super FX 8 and 16-bit Video Game SFX,Sonniss.com - GDC 2019 - Game Audio Bundle Part 2of8/Impact Soundworks - Super FX 8 and 16-bit Video Game SFX/UI_Level_Up.wav,"combat,ui_feedback",UI,Assets/ThirdParty/Sonniss/Selected/UI/2019/Impact Soundworks - Super FX 8 a-187b26/UI_Level_Up.wav,645696,ce52e84cd244af5877ed7e7bafa2c816906d0050ede6a6577203b465b07dc715,all variations retained from a selected game-fit pack,
2019,Sonniss.com - GDC 2019 - Game Audio Bundle Part 2of8.zip,Impact Soundworks - Super FX 8 and 16-bit Video Game SFX,Sonniss.com - GDC 2019 - Game Audio Bundle Part 2of8/Impact Soundworks - Super FX 8 and 16-bit Video Game SFX/Misc_Glass_Crystal_Shatter.wav,combat,Combat,Assets/ThirdParty/Sonniss/Selected/Combat/2019/Impact Soundworks - Super FX 8 a-187b26/Misc_Glass_Crystal_Shatter.wav,359742,b8344ad393e4750bfd746d21e006f470d70417796e3bdeb856181f38c0e04839,all variations retained from a selected game-fit pack,
2019,Sonniss.com - GDC 2019 - Game Audio Bundle Part 2of8.zip,Glitchedtones - Zombie,Sonniss.com - GDC 2019 - Game Audio Bundle Part 2of8/Glitchedtones - Zombie/Zombie Groan Pitched Down (6).wav,creatures_wildlife,Creatures,Assets/ThirdParty/Sonniss/Selected/Creatures/2019/Glitchedtones - Zombie-19dbb5/Zombie Groan Pitched Down (6).wav,381634,b412dd3e08cead9b38620e4ea41fd6bf9d2e09bf059f653f23efbba1e047a544,all variations retained from a selected game-fit pack,
2019,Sonniss.com - GDC 2019 - Game Audio Bundle Part 2of8.zip,Glitchedtones - Zombie,Sonniss.com - GDC 2019 - Game Audio Bundle Part 2of8/Glitchedtones - Zombie/Zombie Subject C Zombie Brat Groan (9).wav,creatures_wildlife,Creatures,Assets/ThirdParty/Sonniss/Selected/Creatures/2019/Glitchedtones - Zombie-19dbb5/Zombie Subject C Zombie Brat Groan (9).wav,491538,5f6a513da7a97f5058ac213740ddafa082ab2dcb0d698662bef1783d861521cb,all variations retained from a selected game-fit pack,
2019,Sonniss.com - GDC 2019 - Game Audio Bundle Part 2of8.zip,Glitchedtones - Zombie,Sonniss.com - GDC 2019 - Game Audio Bundle Part 2of8/Glitchedtones - Zombie/Zombie Subject B Groan (8).wav,creatures_wildlife,Creatures,Assets/ThirdParty/Sonniss/Selected/Creatures/2019/Glitchedtones - Zombie-19dbb5/Zombie Subject B Groan (8).wav,494382,93f17ac0f06edaae2e4d7fd1f5fa01ad5cc8faa7529ac144ef88539dfc8482f4,all variations retained from a selected game-fit pack,
2019,Sonniss.com - GDC 2019 - Game Audio Bundle Part 2of8.zip,Glitchedtones - Zombie,Sonniss.com - GDC 2019 - Game Audio Bundle Part 2of8/Glitchedtones - Zombie/Zombie Subject B Hiss (1).wav,creatures_wildlife,Creatures,Assets/ThirdParty/Sonniss/Selected/Creatures/2019/Glitchedtones - Zombie-19dbb5/Zombie Subject B Hiss (1).wav,468242,14d282072c76428b6cd5c6998b69c9f251ab9f61f8bf125ccc6247d338813305,all variations retained from a selected game-fit pack,
2019,Sonniss.com - GDC 2019 - Game Audio Bundle Part 2of8.zip,Glitchedtones - Electromagnetic Field,Sonniss.com - GDC 2019 - Game Audio Bundle Part 2of8/Glitchedtones - Electromagnetic Field/EMF Android Box 02.wav,world_ambience,World,Assets/ThirdParty/Sonniss/Selected/World/2019/Glitchedtones - Electromagnetic-0eb05b/EMF Android Box 02.wav,21966092,cbbf6ce980dfb203eacfdd94c0bbe49b03c087cc7e41f401dbd80017cb64e34d,all variations retained from a selected game-fit pack,
2019,Sonniss.com - GDC 2019 - Game Audio Bundle Part 2of8.zip,Glitchedtones - Electromagnetic Field,Sonniss.com - GDC 2019 - Game Audio Bundle Part 2of8/Glitchedtones - Electromagnetic Field/EMF Cellphone Loop 01.wav,world_ambience,World,Assets/ThirdParty/Sonniss/Selected/World/2019/Glitchedtones - Electromagnetic-0eb05b/EMF Cellphone Loop 01.wav,873412,2bde22c6ed9cebbc42b13233ef45c6ab2720b46e71702a86936284368e251bc2,all variations retained from a selected game-fit pack,
2019,Sonniss.com - GDC 2019 - Game Audio Bundle Part 2of8.zip,Glitchedtones - Electromagnetic Field,Sonniss.com - GDC 2019 - Game Audio Bundle Part 2of8/Glitchedtones - Electromagnetic Field/EMF Extractor Fan Box 01.wav,world_ambience,World,Assets/ThirdParty/Sonniss/Selected/World/2019/Glitchedtones - Electromagnetic-0eb05b/EMF Extractor Fan Box 01.wav,1428342,6a3adb5260edb288a850bb58438a47e3ac582468efe8f5c45801dd055e49e34c,all variations retained from a selected game-fit pack,
2019,Sonniss.com - GDC 2019 - Game Audio Bundle Part 2of8.zip,Glitchedtones - Electromagnetic Field,Sonniss.com - GDC 2019 - Game Audio Bundle Part 2of8/Glitchedtones - Electromagnetic Field/EMF Monitor Speaker Abuse 01.wav,world_ambience,World,Assets/ThirdParty/Sonniss/Selected/World/2019/Glitchedtones - Electromagnetic-0eb05b/EMF Monitor Speaker Abuse 01.wav,963368,b43a2a9dc22cc6daf3e41a0c3d7b4bae74f74ede2e43405fe7cce55e1bbc7825,all variations retained from a selected game-fit pack,
2019,Sonniss.com - GDC 2019 - Game Audio Bundle Part 2of8.zip,Gage Freeman - Alien Voices,Sonniss.com - GDC 2019 - Game Audio Bundle Part 2of8/Gage Freeman - Alien Voices/Alien Beast Deep - Medium 5.wav,"creatures_wildlife,world_ambience",World,Assets/ThirdParty/Sonniss/Selected/World/2019/Gage Freeman - Alien Voices-fe759c/Alien Beast Deep - Medium 5.wav,2981792,4f2ea080c3f01803d15e7424adecb4d59c4ea83b7830fb561c9f317d52b43eac,all variations retained from a selected game-fit pack,
2019,Sonniss.com - GDC 2019 - Game Audio Bundle Part 2of8.zip,Gage Freeman - Alien Voices,Sonniss.com - GDC 2019 - Game Audio Bundle Part 2of8/Gage Freeman - Alien Voices/Alien Beast Small - Short 7.wav,"creatures_wildlife,world_ambience",World,Assets/ThirdParty/Sonniss/Selected/World/2019/Gage Freeman - Alien Voices-fe759c/Alien Beast Small - Short 7.wav,925544,a8a0607d99b455acca65ed74a44f8d1e7615a299a2610b3481c49fa3862e8dbd,all variations retained from a selected game-fit pack,
2019,Sonniss.com - GDC 2019 - Game Audio Bundle Part 2of8.zip,Federico Soler Fernández - Effective Trailer Whooshes,Sonniss.com - GDC 2019 - Game Audio Bundle Part 2of8/Federico Soler Fernández - Effective Trailer Whooshes/Action B.wav,combat,Combat,Assets/ThirdParty/Sonniss/Selected/Combat/2019/Federico Soler Fernández - Effec-c614d1/Action B.wav,3457144,f2a1b556def3ae4aed588400e4c63e37c19e74d9d1c5a8287e330ab8fe64c075,all variations retained from a selected game-fit pack,
2019,Sonniss.com - GDC 2019 - Game Audio Bundle Part 2of8.zip,Federico Soler Fernández - Effective Trailer Whooshes,Sonniss.com - GDC 2019 - Game Audio Bundle Part 2of8/Federico Soler Fernández - Effective Trailer Whooshes/Justice B.wav,"combat,world_ambience",Combat,Assets/ThirdParty/Sonniss/Selected/Combat/2019/Federico Soler Fernández - Effec-c614d1/Justice B.wav,3457146,4d147d271741923b0aab5cc95bfa11253b4968dc4da7f71132684e22dd2b5d47,all variations retained from a selected game-fit pack,
2019,Sonniss.com - GDC 2019 - Game Audio Bundle Part 2of8.zip,Federico Soler Fernández - Effective Trailer Whooshes,Sonniss.com - GDC 2019 - Game Audio Bundle Part 2of8/Federico Soler Fernández - Effective Trailer Whooshes/Titan D.wav,combat,Combat,Assets/ThirdParty/Sonniss/Selected/Combat/2019/Federico Soler Fernández - Effec-c614d1/Titan D.wav,3457148,20c411cac2cf7b278eb56bf39e824959908520751ca6bc03e8257f17651a5fbb,all variations retained from a selected game-fit pack,
2019,Sonniss.com - GDC 2019 - Game Audio Bundle Part 2of8.zip,Federico Soler Fernández - Effective Trailer Whooshes,Sonniss.com - GDC 2019 - Game Audio Bundle Part 2of8/Federico Soler Fernández - Effective Trailer Whooshes/Warlock D.wav,"combat,survival_crafting",Combat,Assets/ThirdParty/Sonniss/Selected/Combat/2019/Federico Soler Fernández - Effec-c614d1/Warlock D.wav,3457144,b8e07d8c460282bb201d70d714e5836fcfa34e98d26b9437aafcb522c04816c2,all variations retained from a selected game-fit pack,
2019,Sonniss.com - GDC 2019 - Game Audio Bundle Part 2of8.zip,Federico Soler Fernández - Effective Trailer Hits & Impacts,Sonniss.com - GDC 2019 - Game Audio Bundle Part 2of8/Federico Soler Fernández - Effective Trailer Hits & Impacts/Smash B.wav,combat,Combat,Assets/ThirdParty/Sonniss/Selected/Combat/2019/Federico Soler Fernández - Effec-390f8d/Smash B.wav,3313172,a923eb8dbe6e499f2c797dbb094f34f6d6ad4a5009383b9c7cab11d5e349e87f,all variations retained from a selected game-fit pack,
2019,Sonniss.com - GDC 2019 - Game Audio Bundle Part 2of8.zip,Federico Soler Fernández - Effective Trailer Hits & Impacts,Sonniss.com - GDC 2019 - Game Audio Bundle Part 2of8/Federico Soler Fernández - Effective Trailer Hits & Impacts/Angry E.wav,combat,Combat,Assets/ThirdParty/Sonniss/Selected/Combat/2019/Federico Soler Fernández - Effec-390f8d/Angry E.wav,2881172,e53589da79361073ad5368c1c83d6b4865c514083a000986212897256fc1c487,all variations retained from a selected game-fit pack,
2019,Sonniss.com - GDC 2019 - Game Audio Bundle Part 2of8.zip,Federico Soler Fernández - Effective Trailer Hits & Impacts,Sonniss.com - GDC 2019 - Game Audio Bundle Part 2of8/Federico Soler Fernández - Effective Trailer Hits & Impacts/Dramatic E.wav,combat,Combat,Assets/ThirdParty/Sonniss/Selected/Combat/2019/Federico Soler Fernández - Effec-390f8d/Dramatic E.wav,2881172,ec26348f7e03cd73804dc6cfe06e659bd965a9b18af6f7c8493d86d0fedb9f61,all variations retained from a selected game-fit pack,
2019,Sonniss.com - GDC 2019 - Game Audio Bundle Part 2of8.zip,Federico Soler Fernández - Effective Trailer Hits & Impacts,Sonniss.com - GDC 2019 - Game Audio Bundle Part 2of8/Federico Soler Fernández - Effective Trailer Hits & Impacts/Ruin B.wav,"combat,ui_feedback",UI,Assets/ThirdParty/Sonniss/Selected/UI/2019/Federico Soler Fernández - Effec-390f8d/Ruin B.wav,3313172,186f828009bb74aa81cddd9c5ac26551f607f4e5dac54c835fd00f906dc4e1df,all variations retained from a selected game-fit pack,
2019,Sonniss.com - GDC 2019 - Game Audio Bundle Part 2of8.zip,dmt3p - Forest Orchestra,Sonniss.com - GDC 2019 - Game Audio Bundle Part 2of8/dmt3p - Forest Orchestra/Rainy day with distant bird and a lone wolf.wav,"creatures_wildlife,survival_crafting,world_ambience",Creatures,Assets/ThirdParty/Sonniss/Selected/Creatures/2019/dmt3p - Forest Orchestra-3d5ffd/Rainy day with distant bird and a lone wolf.wav,59408792,815f55a8ff470651cb4f2131ccc57ecc1cdbdb10e72bbfacf4aeb9b2efe6091a,all variations retained from a selected game-fit pack,
2019,Sonniss.com - GDC 2019 - Game Audio Bundle Part 2of8.zip,dmt3p - Forest Orchestra,Sonniss.com - GDC 2019 - Game Audio Bundle Part 2of8/dmt3p - Forest Orchestra/Windy storm with trees rustling and bird croaking.wav,"creatures_wildlife,survival_crafting,world_ambience",Creatures,Assets/ThirdParty/Sonniss/Selected/Creatures/2019/dmt3p - Forest Orchestra-3d5ffd/Windy storm with trees rustling and bird croaking.wav,64847324,2dfa387babbd0d996673e47559ebaccc0f6fc2c54cb9d5ab68b665fafdea3384,all variations retained from a selected game-fit pack,
2019,Sonniss.com - GDC 2019 - Game Audio Bundle Part 2of8.zip,Coll Anderson - The Battle Crowd Collection Add on,Sonniss.com - GDC 2019 - Game Audio Bundle Part 2of8/Coll Anderson - The Battle Crowd Collection Add on/ADR Battle In House 02.wav,combat,Combat,Assets/ThirdParty/Sonniss/Selected/Combat/2019/Coll Anderson - The Battle Crowd-db267e/ADR Battle In House 02.wav,3860880,3505b91a50e97dade2696d16d6e21d95710fca8e5af75abcc4081fdbfb771b82,all variations retained from a selected game-fit pack,
2019,Sonniss.com - GDC 2019 - Game Audio Bundle Part 2of8.zip,Coll Anderson - The Battle Crowd Collection Add on,Sonniss.com - GDC 2019 - Game Audio Bundle Part 2of8/Coll Anderson - The Battle Crowd Collection Add on/EFX INT FS House Party Movement Fast 06 C.wav,"combat,movement_foley",Combat,Assets/ThirdParty/Sonniss/Selected/Combat/2019/Coll Anderson - The Battle Crowd-db267e/EFX INT FS House Party Movement Fast 06 C.wav,18683046,8113eb6bbd6115678df8b12b3f178a5b6510fdfa8595d6db64da7673f1e77575,all variations retained from a selected game-fit pack,
2019,Sonniss.com - GDC 2019 - Game Audio Bundle Part 2of8.zip,Coll Anderson - The Battle Crowd Collection Add on,Sonniss.com - GDC 2019 - Game Audio Bundle Part 2of8/Coll Anderson - The Battle Crowd Collection Add on/EFX INT Kicking Wood Door Rattle 01.wav,"combat,survival_crafting",Combat,Assets/ThirdParty/Sonniss/Selected/Combat/2019/Coll Anderson - The Battle Crowd-db267e/EFX INT Kicking Wood Door Rattle 01.wav,22473396,aea769078265ded0405febca6837fdce327d169b35214329862b8284b8e364fd,all variations retained from a selected game-fit pack,
2019,Sonniss.com - GDC 2019 - Game Audio Bundle Part 2of8.zip,Coll Anderson - The Battle Crowd Collection Add on,Sonniss.com - GDC 2019 - Game Audio Bundle Part 2of8/Coll Anderson - The Battle Crowd Collection Add on/EFX SD FS In Debris With Glass On Wood 06 C.wav,"combat,survival_crafting",Combat,Assets/ThirdParty/Sonniss/Selected/Combat/2019/Coll Anderson - The Battle Crowd-db267e/EFX SD FS In Debris With Glass On Wood 06 C.wav,84291114,51cb8a937dea134f40d6baffe75b9af648d8c711c72e2bd5adde52e9558f93ef,all variations retained from a selected game-fit pack,
2019,Sonniss.com - GDC 2019 - Game Audio Bundle Part 2of8.zip,Cfry – Hand Tools,Sonniss.com - GDC 2019 - Game Audio Bundle Part 2of8/Cfry – Hand Tools/wire brush 1.wav,survival_crafting,SurvivalCrafting,Assets/ThirdParty/Sonniss/Selected/SurvivalCrafting/2019/Cfry – Hand Tools-33e04e/wire brush 1.wav,357232,40864b7beeac4d8b3c2d545334f4bcba2dbce126dcb34468e19cc1a5a9679693,all variations retained from a selected game-fit pack,
2019,Sonniss.com - GDC 2019 - Game Audio Bundle Part 2of8.zip,Cfry – Hand Tools,Sonniss.com - GDC 2019 - Game Audio Bundle Part 2of8/Cfry – Hand Tools/socket wrench 5.wav,survival_crafting,SurvivalCrafting,Assets/ThirdParty/Sonniss/Selected/SurvivalCrafting/2019/Cfry – Hand Tools-33e04e/socket wrench 5.wav,471468,b779ebc8e0987cc27b5d687ee98a03ac19656c23cc099ba884f1060a4dfdaf38,all variations retained from a selected game-fit pack,
2019,Sonniss.com - GDC 2019 - Game Audio Bundle Part 2of8.zip,Cfry – Hand Tools,Sonniss.com - GDC 2019 - Game Audio Bundle Part 2of8/Cfry – Hand Tools/toolbox shuffling 3.wav,survival_crafting,SurvivalCrafting,Assets/ThirdParty/Sonniss/Selected/SurvivalCrafting/2019/Cfry – Hand Tools-33e04e/toolbox shuffling 3.wav,733972,72d18e0a4572799f0690b3d37de9af503cb574016a8c2c6ca5cd8c38146807ca,all variations retained from a selected game-fit pack,
2019,Sonniss.com - GDC 2019 - Game Audio Bundle Part 3of8.zip,Pole Position - Barking Dog,Sonniss.com - GDC 2019 - Game Audio Bundle Part 3of8/Pole Position - Barking Dog/Dog_German_Shepherd_t2_Ext_Field_Bark_Many_TImes_Start_and_Stop_DPA4060.wav,"creatures_wildlife,world_ambience",Creatures,Assets/ThirdParty/Sonniss/Selected/Creatures/2019/Pole Position - Barking Dog-56a6ed/Dog_German_Shepherd_t2_Ext_Field_Bark_Many_TImes_Start_and_Stop_DPA4060.wav,8399658,f6e128c8e928de3d259ef03da416324ab9ecfdc95994a0d0568341fd631c48a1,all variations retained from a selected game-fit pack,
2019,Sonniss.com - GDC 2019 - Game Audio Bundle Part 3of8.zip,Pole Position - Barking Dog,Sonniss.com - GDC 2019 - Game Audio Bundle Part 3of8/Pole Position - Barking Dog/Dog_German_Shepherd_t15_Int_Bark_Slow_Distant_RSM191.wav,creatures_wildlife,Creatures,Assets/ThirdParty/Sonniss/Selected/Creatures/2019/Pole Position - Barking Dog-56a6ed/Dog_German_Shepherd_t15_Int_Bark_Slow_Distant_RSM191.wav,21745684,37c14abb463a05c195dd6c9ca94eb0c0c114d15b4314fe49e8646e43e81af0d9,all variations retained from a selected game-fit pack,
2019,Sonniss.com - GDC 2019 - Game Audio Bundle Part 3of8.zip,PMSFX - HAUNTED DOORS,"Sonniss.com - GDC 2019 - Game Audio Bundle Part 3of8/PMSFX - HAUNTED DOORS/PM_HD_Source_39 Door, Close, Long Creak, Creaking.wav","magic_supernatural,survival_crafting",SurvivalCrafting,"Assets/ThirdParty/Sonniss/Selected/SurvivalCrafting/2019/PMSFX - HAUNTED DOORS-56755f/PM_HD_Source_39 Door, Close, Long Creak, Creaking.wav",3783560,d08d90236a5d33bf8ffbda6703d91db537afd6bde0d4eb4ebb293c97a51a2a87,all variations retained from a selected game-fit pack,
2019,Sonniss.com - GDC 2019 - Game Audio Bundle Part 3of8.zip,PMSFX - HAUNTED DOORS,"Sonniss.com - GDC 2019 - Game Audio Bundle Part 3of8/PMSFX - HAUNTED DOORS/PM_HD_Source_99 Door, Knob, Twist, Turn.wav","magic_supernatural,survival_crafting",SurvivalCrafting,"Assets/ThirdParty/Sonniss/Selected/SurvivalCrafting/2019/PMSFX - HAUNTED DOORS-56755f/PM_HD_Source_99 Door, Knob, Twist, Turn.wav",1144774,8346488453c657234da54c757f17eccf52f1a78545e47ad08d13d4177f7b7e9f,all variations retained from a selected game-fit pack,
2019,Sonniss.com - GDC 2019 - Game Audio Bundle Part 3of8.zip,Pachamedias - Bolivia Nature Vol.2,Sonniss.com - GDC 2019 - Game Audio Bundle Part 3of8/Pachamedias - Bolivia Nature Vol.2/Bolivia_Samaipata_Amboro_National_Park_Amb_Ext_01_ST.wav,world_ambience,World,Assets/ThirdParty/Sonniss/Selected/World/2019/Pachamedias - Bolivia Nature Vol-943708/Bolivia_Samaipata_Amboro_National_Park_Amb_Ext_01_ST.wav,151845602,1a179e6ce9bf5623448ba47d2966314b328cf779a18ac3b2fd7fd0f905fce0dc,all variations retained from a selected game-fit pack,
2019,Sonniss.com - GDC 2019 - Game Audio Bundle Part 3of8.zip,Pachamedias - Bolivia Nature Vol.2,Sonniss.com - GDC 2019 - Game Audio Bundle Part 3of8/Pachamedias - Bolivia Nature Vol.2/Bolivia_Samaipata_Forest_Amb_Ext_04_AmbiX.wav,world_ambience,World,Assets/ThirdParty/Sonniss/Selected/World/2019/Pachamedias - Bolivia Nature Vol-943708/Bolivia_Samaipata_Forest_Amb_Ext_04_AmbiX.wav,184422084,0acb26c1f5fcc341c3b7f12228917c15a48a887c2fb3e3919a5dce47b4e26585,all variations retained from a selected game-fit pack,
2019,Sonniss.com - GDC 2019 - Game Audio Bundle Part 3of8.zip,Pachamedias - Bolivia Nature Vol.2,Sonniss.com - GDC 2019 - Game Audio Bundle Part 3of8/Pachamedias - Bolivia Nature Vol.2/Bolivia_Samaipata_River_Amb_Ext_05_ST.wav,world_ambience,World,Assets/ThirdParty/Sonniss/Selected/World/2019/Pachamedias - Bolivia Nature Vol-943708/Bolivia_Samaipata_River_Amb_Ext_05_ST.wav,138965076,1bc82e83f13d4007963f1d8727a587d874555c72023dc7453ca2d704f175bf6f,all variations retained from a selected game-fit pack,
2019,Sonniss.com - GDC 2019 - Game Audio Bundle Part 3of8.zip,Pachamedias - Bolivia Nature Vol.1,Sonniss.com - GDC 2019 - Game Audio Bundle Part 3of8/Pachamedias - Bolivia Nature Vol.1/Bolivia_Amazonia_Cobija_Farm_Amb_Ext_01_AmbiX.wav,world_ambience,World,Assets/ThirdParty/Sonniss/Selected/World/2019/Pachamedias - Bolivia Nature Vol-b8b3f4/Bolivia_Amazonia_Cobija_Farm_Amb_Ext_01_AmbiX.wav,359990498,7a2746c21d388f9f14c28b8c98c4745a5be2e77e980f20b4b1e9ccdc72ade5b0,all variations retained from a selected game-fit pack,
2019,Sonniss.com - GDC 2019 - Game Audio Bundle Part 3of8.zip,Pachamedias - Bolivia Nature Vol.1,Sonniss.com - GDC 2019 - Game Audio Bundle Part 3of8/Pachamedias - Bolivia Nature Vol.1/Bolivia_Sorata_Lagoon_Amb_Ext_03_ST.wav,world_ambience,World,Assets/ThirdParty/Sonniss/Selected/World/2019/Pachamedias - Bolivia Nature Vol-b8b3f4/Bolivia_Sorata_Lagoon_Amb_Ext_03_ST.wav,211634098,5c18e3c5114ea058e2c478bf2c107a0194485577f3bd098f9f9ceb7e634ad0b9,all variations retained from a selected game-fit pack,
2019,Sonniss.com - GDC 2019 - Game Audio Bundle Part 3of8.zip,Pachamedias - Bolivia Nature Vol.1,Sonniss.com - GDC 2019 - Game Audio Bundle Part 3of8/Pachamedias - Bolivia Nature Vol.1/Bolivia_Amazonia_Riberalta_Farm_Amb_Ext_01_AmbiX.wav,world_ambience,World,Assets/ThirdParty/Sonniss/Selected/World/2019/Pachamedias - Bolivia Nature Vol-b8b3f4/Bolivia_Amazonia_Riberalta_Farm_Amb_Ext_01_AmbiX.wav,62608144,e9ac320d851aaa8dc2858893a66eaf3cf5f1086649414712b02ee9ea06bc3d10,all variations retained from a selected game-fit pack,
2019,Sonniss.com - GDC 2019 - Game Audio Bundle Part 3of8.zip,Pachamedias - Bolivia Nature Vol.1,Sonniss.com - GDC 2019 - Game Audio Bundle Part 3of8/Pachamedias - Bolivia Nature Vol.1/Bolivia_Sorata_San_Pedro_Caves_Amb_Int_01_ST.wav,world_ambience,World,Assets/ThirdParty/Sonniss/Selected/World/2019/Pachamedias - Bolivia Nature Vol-b8b3f4/Bolivia_Sorata_San_Pedro_Caves_Amb_Int_01_ST.wav,32571180,6bf2de9511f5385b7dffe3448ab1545e279c4ad089bca7c494adc46f4a0ebedd,all variations retained from a selected game-fit pack,
2019,Sonniss.com - GDC 2019 - Game Audio Bundle Part 3of8.zip,Pachamedias - Bolivia Jungle Vol.1,Sonniss.com - GDC 2019 - Game Audio Bundle Part 3of8/Pachamedias - Bolivia Jungle Vol.1/Bolivia_Amazonia_Cobija_Jungle_Amb_Ext_01_ST.wav,world_ambience,World,Assets/ThirdParty/Sonniss/Selected/World/2019/Pachamedias - Bolivia Jungle Vol-c9c72a/Bolivia_Amazonia_Cobija_Jungle_Amb_Ext_01_ST.wav,49069678,73b803c74bc5db3883f4f3e4167be82d81c5773d8e26b89b70482f315738a22b,all variations retained from a selected game-fit pack,
2019,Sonniss.com - GDC 2019 - Game Audio Bundle Part 3of8.zip,Pachamedias - Bolivia Jungle Vol.1,Sonniss.com - GDC 2019 - Game Audio Bundle Part 3of8/Pachamedias - Bolivia Jungle Vol.1/Bolivia_Coroico_Jungle_Amb_Ext_07_AmbiX.wav,world_ambience,World,Assets/ThirdParty/Sonniss/Selected/World/2019/Pachamedias - Bolivia Jungle Vol-c9c72a/Bolivia_Coroico_Jungle_Amb_Ext_07_AmbiX.wav,212425314,35e0dece12ace1f1d3d772373f785b156b79ea45b4cb059d73a8769fe568204d,all variations retained from a selected game-fit pack,
2019,Sonniss.com - GDC 2019 - Game Audio Bundle Part 3of8.zip,Pachamedias - Bolivia Jungle Vol.1,Sonniss.com - GDC 2019 - Game Audio Bundle Part 3of8/Pachamedias - Bolivia Jungle Vol.1/Bolivia_Coroico_Jungle_Amb_Ext_05_ST.wav,world_ambience,World,Assets/ThirdParty/Sonniss/Selected/World/2019/Pachamedias - Bolivia Jungle Vol-c9c72a/Bolivia_Coroico_Jungle_Amb_Ext_05_ST.wav,57987462,aa9578a9b26552ee95cfe6bbf8984b14381228c25a5b7cbd78a9e95245ec7977,all variations retained from a selected game-fit pack,
2019,Sonniss.com - GDC 2019 - Game Audio Bundle Part 3of8.zip,Pachamedias - Bolivia Jungle Vol.1,Sonniss.com - GDC 2019 - Game Audio Bundle Part 3of8/Pachamedias - Bolivia Jungle Vol.1/Bolivia_Coroico_Jungle_Amb_Ext_02_ST.wav,world_ambience,World,Assets/ThirdParty/Sonniss/Selected/World/2019/Pachamedias - Bolivia Jungle Vol-c9c72a/Bolivia_Coroico_Jungle_Amb_Ext_02_ST.wav,137619504,6477d740bc36d1ba254bd3021fb71f589cb75713613dee16357a58a6acf59de1,all variations retained from a selected game-fit pack,
2019,Sonniss.com - GDC 2019 - Game Audio Bundle Part 4of8.zip,Pole Position - Costa Rica Jungle & Rainforest,"Sonniss.com - GDC 2019 - Game Audio Bundle Part 4of8/Pole Position - Costa Rica Jungle & Rainforest/Rainforest,Costa Rica,Waking Up,Bird Calls,Faint Insect Bed,1,Spaced AB,CMC6.wav","creatures_wildlife,world_ambience",Creatures,"Assets/ThirdParty/Sonniss/Selected/Creatures/2019/Pole Position - Costa Rica Jungl-8d58ff/Rainforest,Costa Rica,Waking Up,Bird Calls,Faint Insect Bed,1,Spaced AB,CMC6.wav",131584684,1d397651bbe1eed2d4727487d58bbcc61cf81a7f896842f2d7dca7300b4a161d,all variations retained from a selected game-fit pack,
2019,Sonniss.com - GDC 2019 - Game Audio Bundle Part 4of8.zip,Pole Position - Costa Rica Jungle & Rainforest,"Sonniss.com - GDC 2019 - Game Audio Bundle Part 4of8/Pole Position - Costa Rica Jungle & Rainforest/Jungle,Costa Rica,Morning,Insect Bed,Distant Bird Calls,Spaced AB,CMC6.wav","creatures_wildlife,world_ambience",Creatures,"Assets/ThirdParty/Sonniss/Selected/Creatures/2019/Pole Position - Costa Rica Jungl-8d58ff/Jungle,Costa Rica,Morning,Insect Bed,Distant Bird Calls,Spaced AB,CMC6.wav",44446076,f376d627af6f8cd2c8e44f9339d2179afd729f8ee484ab03461b14fb75372401,all variations retained from a selected game-fit pack,
2019,Sonniss.com - GDC 2019 - Game Audio Bundle Part 4of8.zip,Pole Position - Costa Rica Jungle & Rainforest,"Sonniss.com - GDC 2019 - Game Audio Bundle Part 4of8/Pole Position - Costa Rica Jungle & Rainforest/Jungle,Costa Rica,06 32 AM,Insect Chatter Swells,River,Holophone.wav","creatures_wildlife,world_ambience",Creatures,"Assets/ThirdParty/Sonniss/Selected/Creatures/2019/Pole Position - Costa Rica Jungl-8d58ff/Jungle,Costa Rica,06 32 AM,Insect Chatter Swells,River,Holophone.wav",68380892,304b06cbf72453e6697c65914b077d8d5a353f2d7dde8f9bfbe80991b7495aaa,all variations retained from a selected game-fit pack,
2019,Sonniss.com - GDC 2019 - Game Audio Bundle Part 5of8.zip,"Sound Spark LLC – Metal Hits, Scrapes and Squeaks","Sonniss.com - GDC 2019 - Game Audio Bundle Part 5of8/Sound Spark LLC – Metal Hits, Scrapes and Squeaks/Metal_Sheets_Sledgehammer_Hit_02.wav","combat,survival_crafting",Combat,"Assets/ThirdParty/Sonniss/Selected/Combat/2019/Sound Spark LLC – Metal Hits, Sc-a087fd/Metal_Sheets_Sledgehammer_Hit_02.wav",485410,9c7e469e2a9282b1a77672c603c03169e1964e8ac832a5ef8548808c65ecf9bf,all variations retained from a selected game-fit pack,
2019,Sonniss.com - GDC 2019 - Game Audio Bundle Part 5of8.zip,"Sound Spark LLC – Metal Hits, Scrapes and Squeaks","Sonniss.com - GDC 2019 - Game Audio Bundle Part 5of8/Sound Spark LLC – Metal Hits, Scrapes and Squeaks/Metal_Dry_Ice_Spoon_14.wav","combat,survival_crafting,world_ambience",Combat,"Assets/ThirdParty/Sonniss/Selected/Combat/2019/Sound Spark LLC – Metal Hits, Sc-a087fd/Metal_Dry_Ice_Spoon_14.wav",5747824,181871d8440c9c13eab3b92ee9038583c4d76b05706b1076e5bedb6965e00ffd,all variations retained from a selected game-fit pack,
2019,Sonniss.com - GDC 2019 - Game Audio Bundle Part 5of8.zip,"Sound Spark LLC – Metal Hits, Scrapes and Squeaks","Sonniss.com - GDC 2019 - Game Audio Bundle Part 5of8/Sound Spark LLC – Metal Hits, Scrapes and Squeaks/Metal_Large_Sheet_Oscillating_19.wav","combat,survival_crafting",Combat,"Assets/ThirdParty/Sonniss/Selected/Combat/2019/Sound Spark LLC – Metal Hits, Sc-a087fd/Metal_Large_Sheet_Oscillating_19.wav",2516278,aa81bc0fd4c37a69c8f407051ed16763a6591ff2cfd68e419296eda938fd63bb,all variations retained from a selected game-fit pack,
2019,Sonniss.com - GDC 2019 - Game Audio Bundle Part 5of8.zip,"Sound Spark LLC – Metal Hits, Scrapes and Squeaks","Sonniss.com - GDC 2019 - Game Audio Bundle Part 5of8/Sound Spark LLC – Metal Hits, Scrapes and Squeaks/Metal_Barrel_Bolt_Lock_Loose_Handling_03.wav","combat,survival_crafting",Combat,"Assets/ThirdParty/Sonniss/Selected/Combat/2019/Sound Spark LLC – Metal Hits, Sc-a087fd/Metal_Barrel_Bolt_Lock_Loose_Handling_03.wav",1112912,f89ecb0ff73d7942d42f0431bf7361cdc198d7ba6b41092f53ac60c753065a32,all variations retained from a selected game-fit pack,
2019,Sonniss.com - GDC 2019 - Game Audio Bundle Part 5of8.zip,"Sound Spark LLC – Magic Spells, Buffs and Attacks","Sonniss.com - GDC 2019 - Game Audio Bundle Part 5of8/Sound Spark LLC – Magic Spells, Buffs and Attacks/Dark_Spell_Life_Tap_03.wav",magic_supernatural,Magic,"Assets/ThirdParty/Sonniss/Selected/Magic/2019/Sound Spark LLC – Magic Spells,-2f51fb/Dark_Spell_Life_Tap_03.wav",1597018,dd1d0dd1c90ef7ee80627b6d8630358d48cf955b82086433cf8ef365a150d5c4,all variations retained from a selected game-fit pack,
2019,Sonniss.com - GDC 2019 - Game Audio Bundle Part 5of8.zip,"Sound Spark LLC – Magic Spells, Buffs and Attacks","Sonniss.com - GDC 2019 - Game Audio Bundle Part 5of8/Sound Spark LLC – Magic Spells, Buffs and Attacks/Ice_Spell_Ice_Spell_Buff_Positive_02.wav","magic_supernatural,world_ambience",Magic,"Assets/ThirdParty/Sonniss/Selected/Magic/2019/Sound Spark LLC – Magic Spells,-2f51fb/Ice_Spell_Ice_Spell_Buff_Positive_02.wav",1094664,67cfc88cca9fc8276c1d3c85153d60299f26ee612c553ee37257bff7cb4dcb5b,all variations retained from a selected game-fit pack,
2019,Sonniss.com - GDC 2019 - Game Audio Bundle Part 5of8.zip,"Sound Spark LLC – Magic Spells, Buffs and Attacks","Sonniss.com - GDC 2019 - Game Audio Bundle Part 5of8/Sound Spark LLC – Magic Spells, Buffs and Attacks/Arcane_Spell_Doppler_Shift_03.wav",magic_supernatural,Magic,"Assets/ThirdParty/Sonniss/Selected/Magic/2019/Sound Spark LLC – Magic Spells,-2f51fb/Arcane_Spell_Doppler_Shift_03.wav",1735050,0789cec073b6aeec9ed77285743f0390261446935a2b83bfe5fd8758a953aae5,all variations retained from a selected game-fit pack,
2019,Sonniss.com - GDC 2019 - Game Audio Bundle Part 5of8.zip,"Sound Spark LLC – Magic Spells, Buffs and Attacks","Sonniss.com - GDC 2019 - Game Audio Bundle Part 5of8/Sound Spark LLC – Magic Spells, Buffs and Attacks/Fire_Spell_Dragon_Trap_03.wav","magic_supernatural,creatures_wildlife",Magic,"Assets/ThirdParty/Sonniss/Selected/Magic/2019/Sound Spark LLC – Magic Spells,-2f51fb/Fire_Spell_Dragon_Trap_03.wav",1875178,668f3b508896f298b409e75e161d9ad2ed75402c9ef7ec4b97673b95fe82c45a,all variations retained from a selected game-fit pack,
2019,Sonniss.com - GDC 2019 - Game Audio Bundle Part 5of8.zip,Sound Spark LLC – Forge Sound Design Toolkit,Sonniss.com - GDC 2019 - Game Audio Bundle Part 5of8/Sound Spark LLC – Forge Sound Design Toolkit/Water_Pouring_02.wav,"survival_crafting,world_ambience",SurvivalCrafting,Assets/ThirdParty/Sonniss/Selected/SurvivalCrafting/2019/Sound Spark LLC – Forge Sound De-ebebb9/Water_Pouring_02.wav,1519242,36850d150863d6487dbf20b899c774c90a4580becb6062d7404fae16dd8d8de4,all variations retained from a selected game-fit pack,
2019,Sonniss.com - GDC 2019 - Game Audio Bundle Part 5of8.zip,Sound Spark LLC – Forge Sound Design Toolkit,Sonniss.com - GDC 2019 - Game Audio Bundle Part 5of8/Sound Spark LLC – Forge Sound Design Toolkit/Heart_Beat_02.wav,survival_crafting,SurvivalCrafting,Assets/ThirdParty/Sonniss/Selected/SurvivalCrafting/2019/Sound Spark LLC – Forge Sound De-ebebb9/Heart_Beat_02.wav,3656024,29e04533335a5293760efc3ff6d9fae31080276db37f773011f2258bcf097c59,all variations retained from a selected game-fit pack,
2019,Sonniss.com - GDC 2019 - Game Audio Bundle Part 5of8.zip,Sound Spark LLC – Forge Sound Design Toolkit,Sonniss.com - GDC 2019 - Game Audio Bundle Part 5of8/Sound Spark LLC – Forge Sound Design Toolkit/Device_Computation_Glitches_03.wav,"survival_crafting,world_ambience",SurvivalCrafting,Assets/ThirdParty/Sonniss/Selected/SurvivalCrafting/2019/Sound Spark LLC – Forge Sound De-ebebb9/Device_Computation_Glitches_03.wav,1410660,8e1a7eb4e981084a31c6d0c80a086d997cdb671e4d7829a105f0845f8537b1ea,all variations retained from a selected game-fit pack,
2019,Sonniss.com - GDC 2019 - Game Audio Bundle Part 5of8.zip,Sound Spark LLC – FOREST AMBIENCE 1 CENTRAL FLORIDA,Sonniss.com - GDC 2019 - Game Audio Bundle Part 5of8/Sound Spark LLC – FOREST AMBIENCE 1 CENTRAL FLORIDA/Flatwoods_Pinecastle_Nature_Forest_Whispering_Pines_02.wav,"survival_crafting,world_ambience",SurvivalCrafting,Assets/ThirdParty/Sonniss/Selected/SurvivalCrafting/2019/Sound Spark LLC – FOREST AMBIENC-6611e1/Flatwoods_Pinecastle_Nature_Forest_Whispering_Pines_02.wav,56521872,6e97e0f699807c12628414a03212e21ec5b8578767201d9b07972da0e2634abf,all variations retained from a selected game-fit pack,
2019,Sonniss.com - GDC 2019 - Game Audio Bundle Part 5of8.zip,Sound Spark LLC – FOREST AMBIENCE 1 CENTRAL FLORIDA,Sonniss.com - GDC 2019 - Game Audio Bundle Part 5of8/Sound Spark LLC – FOREST AMBIENCE 1 CENTRAL FLORIDA/Upland_Hardwoods_Green_Mountain_Nature_Forest_Cicadas_Isolated_02.wav,"survival_crafting,world_ambience",SurvivalCrafting,Assets/ThirdParty/Sonniss/Selected/SurvivalCrafting/2019/Sound Spark LLC – FOREST AMBIENC-6611e1/Upland_Hardwoods_Green_Mountain_Nature_Forest_Cicadas_Isolated_02.wav,31106980,6173aa628864520bdf9d303920abd3644c316b6d64d6c2b46f1bcc3ca13b1301,all variations retained from a selected game-fit pack,
2019,Sonniss.com - GDC 2019 - Game Audio Bundle Part 5of8.zip,Rock The Speakerbox - Sorcery,Sonniss.com - GDC 2019 - Game Audio Bundle Part 5of8/Rock The Speakerbox - Sorcery/SORCERY - CK - EFFECT Reverse Explosion 02.wav,"magic_supernatural,survival_crafting",Magic,Assets/ThirdParty/Sonniss/Selected/Magic/2019/Rock The Speakerbox - Sorcery-d7c8c3/SORCERY - CK - EFFECT Reverse Explosion 02.wav,39177422,5fd0b4261693e69f05b69954504ee47c62393ac3998563eed73f8d43a4fb2e0b,all variations retained from a selected game-fit pack,
2019,Sonniss.com - GDC 2019 - Game Audio Bundle Part 5of8.zip,Rock The Speakerbox - Sorcery,Sonniss.com - GDC 2019 - Game Audio Bundle Part 5of8/Rock The Speakerbox - Sorcery/SORCERY - CK - SIZZLE Water On Pan Medium 02.wav,"magic_supernatural,survival_crafting,world_ambience",Magic,Assets/ThirdParty/Sonniss/Selected/Magic/2019/Rock The Speakerbox - Sorcery-d7c8c3/SORCERY - CK - SIZZLE Water On Pan Medium 02.wav,18798356,f67a5a6f3213041c2cbb4fb35c541a9f803e6d236bc1b9dc1c0bb9d86cec3c6f,all variations retained from a selected game-fit pack,
2019,Sonniss.com - GDC 2019 - Game Audio Bundle Part 5of8.zip,Rock The Speakerbox - Sorcery,Sonniss.com - GDC 2019 - Game Audio Bundle Part 5of8/Rock The Speakerbox - Sorcery/SORCERY - DESIGNED - MAGIC ELECTRIC Cast Large.wav,"magic_supernatural,survival_crafting",Magic,Assets/ThirdParty/Sonniss/Selected/Magic/2019/Rock The Speakerbox - Sorcery-d7c8c3/SORCERY - DESIGNED - MAGIC ELECTRIC Cast Large.wav,14531498,4429811b80c73aa7f8032012537fef80ae3022e2320d812976eaccb226e8c6ab,all variations retained from a selected game-fit pack,
2019,Sonniss.com - GDC 2019 - Game Audio Bundle Part 5of8.zip,Rock The Speakerbox - Sorcery,Sonniss.com - GDC 2019 - Game Audio Bundle Part 5of8/Rock The Speakerbox - Sorcery/SORCERY - DESIGNED - MAGIC BLACK Summon Necromancer.wav,"magic_supernatural,survival_crafting",Magic,Assets/ThirdParty/Sonniss/Selected/Magic/2019/Rock The Speakerbox - Sorcery-d7c8c3/SORCERY - DESIGNED - MAGIC BLACK Summon Necromancer.wav,6691550,701ec141471dd5e67b8dcbd7c1ba62ce157a369d956626b386f9238e8bab0ba8,all variations retained from a selected game-fit pack,
2019,Sonniss.com - GDC 2019 - Game Audio Bundle Part 5of8.zip,Rock The Speakerbox - Melee,Sonniss.com - GDC 2019 - Game Audio Bundle Part 5of8/Rock The Speakerbox - Melee/MELEE - DESIGNED - BASEBALL BAT Aluminum Hit Head.wav,"combat,survival_crafting",Combat,Assets/ThirdParty/Sonniss/Selected/Combat/2019/Rock The Speakerbox - Melee-f96ab3/MELEE - DESIGNED - BASEBALL BAT Aluminum Hit Head.wav,6950508,1c92d651c4c86d83abea6861e9ab7d329a01fccd9fed1217e1cd64c0a3a7ef82,all variations retained from a selected game-fit pack,
2019,Sonniss.com - GDC 2019 - Game Audio Bundle Part 5of8.zip,Rock The Speakerbox - Melee,Sonniss.com - GDC 2019 - Game Audio Bundle Part 5of8/Rock The Speakerbox - Melee/MELEE - DESIGNED - HEADBUTT Crack.wav,"combat,survival_crafting",Combat,Assets/ThirdParty/Sonniss/Selected/Combat/2019/Rock The Speakerbox - Melee-f96ab3/MELEE - DESIGNED - HEADBUTT Crack.wav,4510440,2aba933da572af0f75eae3c2bd554abe77dbd274aec895ba0655d297e30b3c76,all variations retained from a selected game-fit pack,
2019,Sonniss.com - GDC 2019 - Game Audio Bundle Part 5of8.zip,Rock The Speakerbox - Melee,Sonniss.com - GDC 2019 - Game Audio Bundle Part 5of8/Rock The Speakerbox - Melee/MELEE - CK - FLOG Leather Hit Smack 01.wav,"combat,survival_crafting,movement_foley",Combat,Assets/ThirdParty/Sonniss/Selected/Combat/2019/Rock The Speakerbox - Melee-f96ab3/MELEE - CK - FLOG Leather Hit Smack 01.wav,8968402,11f1a081e3dca910d73f9939c2765e44fe0cbf2878eee2d5816f21774643f85f,all variations retained from a selected game-fit pack,
2019,Sonniss.com - GDC 2019 - Game Audio Bundle Part 5of8.zip,Rock The Speakerbox - Melee,Sonniss.com - GDC 2019 - Game Audio Bundle Part 5of8/Rock The Speakerbox - Melee/MELEE - CK - ROPE WHOOSH Fast Light 01.wav,"combat,survival_crafting",Combat,Assets/ThirdParty/Sonniss/Selected/Combat/2019/Rock The Speakerbox - Melee-f96ab3/MELEE - CK - ROPE WHOOSH Fast Light 01.wav,5631030,93600043464a819563491cf03de024921ecf496b4e41c4ad6de145726561c61a,all variations retained from a selected game-fit pack,
2019,Sonniss.com - GDC 2019 - Game Audio Bundle Part 5of8.zip,Rock The Speakerbox - Hero,Sonniss.com - GDC 2019 - Game Audio Bundle Part 5of8/Rock The Speakerbox - Hero/HERO - CK - ARMOR Leather Walk.wav,"combat,survival_crafting,movement_foley",SurvivalCrafting,Assets/ThirdParty/Sonniss/Selected/SurvivalCrafting/2019/Rock The Speakerbox - Hero-1d4188/HERO - CK - ARMOR Leather Walk.wav,6507814,d613561c59e86750eaec4bc25409e207127150ae00905f367a84467cef31b8e4,all variations retained from a selected game-fit pack,
2019,Sonniss.com - GDC 2019 - Game Audio Bundle Part 5of8.zip,Rock The Speakerbox - Hero,Sonniss.com - GDC 2019 - Game Audio Bundle Part 5of8/Rock The Speakerbox - Hero/HERO - CK - CROWD Fight 02.wav,"combat,survival_crafting",Combat,Assets/ThirdParty/Sonniss/Selected/Combat/2019/Rock The Speakerbox - Hero-1d4188/HERO - CK - CROWD Fight 02.wav,30576732,5fa2afeb8f0e08d721f6b0eb5c83284d48b2d6e2f1fe14e90df99232a1501ac9,all variations retained from a selected game-fit pack,
2019,Sonniss.com - GDC 2019 - Game Audio Bundle Part 5of8.zip,Rock The Speakerbox - Hero,Sonniss.com - GDC 2019 - Game Audio Bundle Part 5of8/Rock The Speakerbox - Hero/HERO - DESIGNED - SWORD Unsheathe.wav,"combat,survival_crafting",Combat,Assets/ThirdParty/Sonniss/Selected/Combat/2019/Rock The Speakerbox - Hero-1d4188/HERO - DESIGNED - SWORD Unsheathe.wav,8131220,e3a38ca8f43ee9c8df00a06f8b045807e1898d2bd2c6283554fb4e7749e84cee,all variations retained from a selected game-fit pack,
2019,Sonniss.com - GDC 2019 - Game Audio Bundle Part 5of8.zip,Rock The Speakerbox - Hero,Sonniss.com - GDC 2019 - Game Audio Bundle Part 5of8/Rock The Speakerbox - Hero/HERO - DESIGNED - TOMB Slide Open.wav,survival_crafting,SurvivalCrafting,Assets/ThirdParty/Sonniss/Selected/SurvivalCrafting/2019/Rock The Speakerbox - Hero-1d4188/HERO - DESIGNED - TOMB Slide Open.wav,15533354,d4cfabc84375d8b0c47d9082dd8f6807e73dbb51b7bf0e85e278fb778c46fbc2,all variations retained from a selected game-fit pack,
2019,Sonniss.com - GDC 2019 - Game Audio Bundle Part 5of8.zip,Pole Position - Thunder & Rain,Sonniss.com - GDC 2019 - Game Audio Bundle Part 5of8/Pole Position - Thunder & Rain/rain_medium_steady_some_drops_on_metal_h4n.wav,"survival_crafting,world_ambience",SurvivalCrafting,Assets/ThirdParty/Sonniss/Selected/SurvivalCrafting/2019/Pole Position - Thunder & Rain-62ccc7/rain_medium_steady_some_drops_on_metal_h4n.wav,56935826,8aa39f7166b8ef6a7f6598ed6a349b25cbc272806930f42098a1d15b3aec7fb6,all variations retained from a selected game-fit pack,
2019,Sonniss.com - GDC 2019 - Game Audio Bundle Part 5of8.zip,Pole Position - Thunder & Rain,Sonniss.com - GDC 2019 - Game Audio Bundle Part 5of8/Pole Position - Thunder & Rain/thunderstorm_summer_morning_distant_rumble_sparse_approaching_2.wav,world_ambience,World,Assets/ThirdParty/Sonniss/Selected/World/2019/Pole Position - Thunder & Rain-62ccc7/thunderstorm_summer_morning_distant_rumble_sparse_approaching_2.wav,33099150,5b143023c4eb94fb3d7c51d2cd0f2932b33e15f17c07bfcc7aa97e7291c5c5a5,all variations retained from a selected game-fit pack,
2019,Sonniss.com - GDC 2019 - Game Audio Bundle Part 6of8.zip,The Sound Pack Tree - Sonic Seaside,Sonniss.com - GDC 2019 - Game Audio Bundle Part 6of8/The Sound Pack Tree - Sonic Seaside/209300 - Distant Ocean Waves - Loop.wav,"survival_crafting,world_ambience",World,Assets/ThirdParty/Sonniss/Selected/World/2019/The Sound Pack Tree - Sonic Seas-7a4c96/209300 - Distant Ocean Waves - Loop.wav,41702120,5b9f602152aa1feb270e4f199160c467778eea3dbbc91b967036026fe38e35d0,all variations retained from a selected game-fit pack,
2019,Sonniss.com - GDC 2019 - Game Audio Bundle Part 6of8.zip,The Sound Pack Tree - Sonic Seaside,Sonniss.com - GDC 2019 - Game Audio Bundle Part 6of8/The Sound Pack Tree - Sonic Seaside/205300 - Crazy Harbor Seagulls - Loop.wav,"survival_crafting,world_ambience",World,Assets/ThirdParty/Sonniss/Selected/World/2019/The Sound Pack Tree - Sonic Seas-7a4c96/205300 - Crazy Harbor Seagulls - Loop.wav,69094690,cd7c4557e5307fac21938ce2fbf421ac0be9a3471a60dd469fdf7be5c6552f77,all variations retained from a selected game-fit pack,
2019,Sonniss.com - GDC 2019 - Game Audio Bundle Part 6of8.zip,The Sound Pack Tree - Sonic Seaside,Sonniss.com - GDC 2019 - Game Audio Bundle Part 6of8/The Sound Pack Tree - Sonic Seaside/057500 - Bubbling Creek - Loop.wav,"survival_crafting,world_ambience",World,Assets/ThirdParty/Sonniss/Selected/World/2019/The Sound Pack Tree - Sonic Seas-7a4c96/057500 - Bubbling Creek - Loop.wav,50250868,f8bce678d6aa0954f8d5391bdcb230abb044427ade3971fce8a2826b4bb35ca3,all variations retained from a selected game-fit pack,
2019,Sonniss.com - GDC 2019 - Game Audio Bundle Part 6of8.zip,The Sound Pack Tree - Sonic Seaside,Sonniss.com - GDC 2019 - Game Audio Bundle Part 6of8/The Sound Pack Tree - Sonic Seaside/003300 - Jungle River Paddling - Loop.wav,"survival_crafting,world_ambience",World,Assets/ThirdParty/Sonniss/Selected/World/2019/The Sound Pack Tree - Sonic Seas-7a4c96/003300 - Jungle River Paddling - Loop.wav,24050482,12a79962a84dd790016c5fc2a72c7d82a2e7562ad536a75905b160fcb0552b82,all variations retained from a selected game-fit pack,
2019,Sonniss.com - GDC 2019 - Game Audio Bundle Part 6of8.zip,Studio 23 - Ultimate Footstep Collection,Sonniss.com - GDC 2019 - Game Audio Bundle Part 6of8/Studio 23 - Ultimate Footstep Collection/S23_SFX_Footsteps_Metal_Boots_Loop_Jogging.wav,"survival_crafting,movement_foley",Movement,Assets/ThirdParty/Sonniss/Selected/Movement/2019/Studio 23 - Ultimate Footstep Co-35e37a/S23_SFX_Footsteps_Metal_Boots_Loop_Jogging.wav,10143848,d5003dc4ee8aeb9e811ca03ee1d45a2313e480b7a317a992a983da62276f9f00,all variations retained from a selected game-fit pack,
2019,Sonniss.com - GDC 2019 - Game Audio Bundle Part 6of8.zip,Studio 23 - Ultimate Footstep Collection,Sonniss.com - GDC 2019 - Game Audio Bundle Part 6of8/Studio 23 - Ultimate Footstep Collection/S23_SFX_Footsteps_Snow_Singles_Sequence.wav,"world_ambience,movement_foley",Movement,Assets/ThirdParty/Sonniss/Selected/Movement/2019/Studio 23 - Ultimate Footstep Co-35e37a/S23_SFX_Footsteps_Snow_Singles_Sequence.wav,8054210,101560f7781eb7ef928ca6433e7929dc088da4843015abeed233d76e8d1eac1a,all variations retained from a selected game-fit pack,
2019,Sonniss.com - GDC 2019 - Game Audio Bundle Part 6of8.zip,Studio 23 - Ultimate Footstep Collection,Sonniss.com - GDC 2019 - Game Audio Bundle Part 6of8/Studio 23 - Ultimate Footstep Collection/S23_SFX_Footsteps_Gravel_Loafers_Loops_Walk_Normal.wav,movement_foley,Movement,Assets/ThirdParty/Sonniss/Selected/Movement/2019/Studio 23 - Ultimate Footstep Co-35e37a/S23_SFX_Footsteps_Gravel_Loafers_Loops_Walk_Normal.wav,9066764,e1761e27212b86cb95c9add63b9295c18879e966f32baaab4660a557a320517a,all variations retained from a selected game-fit pack,
2019,Sonniss.com - GDC 2019 - Game Audio Bundle Part 6of8.zip,Studio 23 - Ultimate Footstep Collection,Sonniss.com - GDC 2019 - Game Audio Bundle Part 6of8/Studio 23 - Ultimate Footstep Collection/S23_SFX_Footsteps_Extras_Doormat_Scrapes_01.wav,"survival_crafting,movement_foley",Movement,Assets/ThirdParty/Sonniss/Selected/Movement/2019/Studio 23 - Ultimate Footstep Co-35e37a/S23_SFX_Footsteps_Extras_Doormat_Scrapes_01.wav,3124216,f0994dd6c1157e54b038acf7e4f22c55390b00b9df1a322a4353a12b924902b3,all variations retained from a selected game-fit pack,
2019,Sonniss.com - GDC 2019 - Game Audio Bundle Part 6of8.zip,Spectravelers - Summer Mountains,Sonniss.com - GDC 2019 - Game Audio Bundle Part 6of8/Spectravelers - Summer Mountains/Summer_Mountains_Ambience_Altitude_Sheep_Herd_Bells_Distants_Marmots_Wind.wav,world_ambience,World,Assets/ThirdParty/Sonniss/Selected/World/2019/Spectravelers - Summer Mountains-cd142a/Summer_Mountains_Ambience_Altitude_Sheep_Herd_Bells_Distants_Marmots_Wind.wav,172383894,079e4c63d5debbb548e242af29540712a238fdba53d74918f05fb73fefef2860,all variations retained from a selected game-fit pack,
2019,Sonniss.com - GDC 2019 - Game Audio Bundle Part 6of8.zip,Spectravelers - Summer Mountains,Sonniss.com - GDC 2019 - Game Audio Bundle Part 6of8/Spectravelers - Summer Mountains/Summer_Mountains_Stream_Medium_Altitude_Close_Perspective_4.wav,world_ambience,World,Assets/ThirdParty/Sonniss/Selected/World/2019/Spectravelers - Summer Mountains-cd142a/Summer_Mountains_Stream_Medium_Altitude_Close_Perspective_4.wav,85204878,ac1293e5ed9700ab3e9d65c832f9e9bd8f9a0663eafa2e9159fb1d8f856a2bfa,all variations retained from a selected game-fit pack,
2019,Sonniss.com - GDC 2019 - Game Audio Bundle Part 6of8.zip,Spectravelers - Summer Mountains,Sonniss.com - GDC 2019 - Game Audio Bundle Part 6of8/Spectravelers - Summer Mountains/Summer_Mountains_Stream_Big_Forest_Distant_Perspective.wav,world_ambience,World,Assets/ThirdParty/Sonniss/Selected/World/2019/Spectravelers - Summer Mountains-cd142a/Summer_Mountains_Stream_Big_Forest_Distant_Perspective.wav,81390038,2733046169ceb4a5a421aa199fe91c481ea3f966d635f9d5c513772fb8305ff2,all variations retained from a selected game-fit pack,
2019,Sonniss.com - GDC 2019 - Game Audio Bundle Part 6of8.zip,Soundopolis - Icy Snow 2 HD,Sonniss.com - GDC 2019 - Game Audio Bundle Part 6of8/Soundopolis - Icy Snow 2 HD/Footsteps_Icy_Normal_Single_Fienup_006_SIS2.wav,"world_ambience,movement_foley",Movement,Assets/ThirdParty/Sonniss/Selected/Movement/2019/Soundopolis - Icy Snow 2 HD-68d90b/Footsteps_Icy_Normal_Single_Fienup_006_SIS2.wav,593790,235c9f26f8ce5d5f417c634b05536ef3e110757359266405e57efbfd7f894c0a,all variations retained from a selected game-fit pack,
2019,Sonniss.com - GDC 2019 - Game Audio Bundle Part 6of8.zip,Soundopolis - Icy Snow 2 HD,Sonniss.com - GDC 2019 - Game Audio Bundle Part 6of8/Soundopolis - Icy Snow 2 HD/Ice_Impact_Debris_Heavy_Single_Fienup_015_SIS2.wav,"combat,survival_crafting,world_ambience",Combat,Assets/ThirdParty/Sonniss/Selected/Combat/2019/Soundopolis - Icy Snow 2 HD-68d90b/Ice_Impact_Debris_Heavy_Single_Fienup_015_SIS2.wav,815024,3d39507f328cb6cc22f3bbc878d569129d042d7f43be382f526825e4b27de59c,all variations retained from a selected game-fit pack,
2019,Sonniss.com - GDC 2019 - Game Audio Bundle Part 6of8.zip,Soundopolis - Icy Snow 2 HD,Sonniss.com - GDC 2019 - Game Audio Bundle Part 6of8/Soundopolis - Icy Snow 2 HD/Snowball_Impact_Snow_Single_Fienup_004_SIS2.wav,"combat,world_ambience",Combat,Assets/ThirdParty/Sonniss/Selected/Combat/2019/Soundopolis - Icy Snow 2 HD-68d90b/Snowball_Impact_Snow_Single_Fienup_004_SIS2.wav,90380,6450763cbf6d93b60e6d7fcc0c714ce89c39481ffabb845657b688b4df14059d,all variations retained from a selected game-fit pack,
2019,Sonniss.com - GDC 2019 - Game Audio Bundle Part 6of8.zip,Soundopolis - Icy Snow 2 HD,Sonniss.com - GDC 2019 - Game Audio Bundle Part 6of8/Soundopolis - Icy Snow 2 HD/Icicle_Sliding on Ice_Fienup_001_SIS2.wav,world_ambience,World,Assets/ThirdParty/Sonniss/Selected/World/2019/Soundopolis - Icy Snow 2 HD-68d90b/Icicle_Sliding on Ice_Fienup_001_SIS2.wav,4374030,635e1a5fb386e5cfaac6f02c014efa9d2f93aa4647a988da6428b7afc84bde2e,all variations retained from a selected game-fit pack,
2019,Sonniss.com - GDC 2019 - Game Audio Bundle Part 6of8.zip,Soundmind - Predatory Birds,"Sonniss.com - GDC 2019 - Game Audio Bundle Part 6of8/Soundmind - Predatory Birds/PRB102 Harris Hawk (Heniek) - Call, Squawk Shriek, Harsh - Schoeps MF.wav",creatures_wildlife,Creatures,"Assets/ThirdParty/Sonniss/Selected/Creatures/2019/Soundmind - Predatory Birds-d609ff/PRB102 Harris Hawk (Heniek) - Call, Squawk Shriek, Harsh - Schoeps MF.wav",14025782,d9a0ff2ad5364d1c20217b853adf50399dc2bbfc7ccf3dff0c23c8c1dffa7cdd,all variations retained from a selected game-fit pack,
2019,Sonniss.com - GDC 2019 - Game Audio Bundle Part 6of8.zip,Soundmind - Predatory Birds,"Sonniss.com - GDC 2019 - Game Audio Bundle Part 6of8/Soundmind - Predatory Birds/PRB216 Saker Falcon (Tosia) - Call, Squawk Screech Scream Cry, High Nervous - 8060 MF.wav",creatures_wildlife,Creatures,"Assets/ThirdParty/Sonniss/Selected/Creatures/2019/Soundmind - Predatory Birds-d609ff/PRB216 Saker Falcon (Tosia) - Call, Squawk Screech Scream Cry, High Nervous - 8060 MF.wav",17176886,36f4c22bf0d160406a27ac17cf2baaf1925f6da825d3f695b018a092135762b5,all variations retained from a selected game-fit pack,
2019,Sonniss.com - GDC 2019 - Game Audio Bundle Part 6of8.zip,Soundmind - Predatory Birds,"Sonniss.com - GDC 2019 - Game Audio Bundle Part 6of8/Soundmind - Predatory Birds/PRB315 Northern Goshawk (Lucjan) - Call, Squawk Shriek Screech Long, Wings Flapping Movements - Sanken MF.wav","creatures_wildlife,movement_foley",Creatures,"Assets/ThirdParty/Sonniss/Selected/Creatures/2019/Soundmind - Predatory Birds-d609ff/PRB315 Northern Goshawk (Lucjan) - Call, Squawk Shriek Screech Long, Wings Flapping Movements - Sanken MF.wav",13387902,ef9be36a7ffe654ec8fe6548781d5cb2595d0f523f17e94a579ecadf26c924cd,all variations retained from a selected game-fit pack,
2019,Sonniss.com - GDC 2019 - Game Audio Bundle Part 6of8.zip,Soundmind - Predatory Birds,"Sonniss.com - GDC 2019 - Game Audio Bundle Part 6of8/Soundmind - Predatory Birds/PRB524 Duet Bald Eagle & Tawny Eagle - Calls, Squawk Cry - Neumann MF.wav",creatures_wildlife,Creatures,"Assets/ThirdParty/Sonniss/Selected/Creatures/2019/Soundmind - Predatory Birds-d609ff/PRB524 Duet Bald Eagle & Tawny Eagle - Calls, Squawk Cry - Neumann MF.wav",10703284,096ab1bd84004f259d5de430ec014eb06e809f244811d0b472cce6ae82a3d7c2,all variations retained from a selected game-fit pack,
2019,Sonniss.com - GDC 2019 - Game Audio Bundle Part 6of8.zip,Soundholder - Swipes And Whooshes,Sonniss.com - GDC 2019 - Game Audio Bundle Part 6of8/Soundholder - Swipes And Whooshes/swipes and whooshes metal grille slow and long swings stereo ORTF 8040.wav,"combat,survival_crafting",Combat,Assets/ThirdParty/Sonniss/Selected/Combat/2019/Soundholder - Swipes And Whooshe-dfc282/swipes and whooshes metal grille slow and long swings stereo ORTF 8040.wav,8513266,8319f1d6159b2b4561d23c12aff1ab41faaf95738c706c65d02d05746f6ca37b,all variations retained from a selected game-fit pack,
2019,Sonniss.com - GDC 2019 - Game Audio Bundle Part 6of8.zip,Soundholder - Swipes And Whooshes,Sonniss.com - GDC 2019 - Game Audio Bundle Part 6of8/Soundholder - Swipes And Whooshes/swipes and whooshes tshirt fast and short swings stereo ORTF 8040.wav,combat,Combat,Assets/ThirdParty/Sonniss/Selected/Combat/2019/Soundholder - Swipes And Whooshe-dfc282/swipes and whooshes tshirt fast and short swings stereo ORTF 8040.wav,9256004,c29710a7596785117af349dcc5baed013ab3f6154c37f31417d67eff96568e38,all variations retained from a selected game-fit pack,
2019,Sonniss.com - GDC 2019 - Game Audio Bundle Part 6of8.zip,Soundholder - Swipes And Whooshes,Sonniss.com - GDC 2019 - Game Audio Bundle Part 6of8/Soundholder - Swipes And Whooshes/swipes and whooshes broom long stick slow and long swings stereo ORTF 8040.wav,combat,Combat,Assets/ThirdParty/Sonniss/Selected/Combat/2019/Soundholder - Swipes And Whooshe-dfc282/swipes and whooshes broom long stick slow and long swings stereo ORTF 8040.wav,14261104,c6385f99792aade45c2ba78d5a80c0b6cfc7552e4a0e5f94ad8bf32ce3436ee1,all variations retained from a selected game-fit pack,
2019,Sonniss.com - GDC 2019 - Game Audio Bundle Part 6of8.zip,Soundbox Library - Mountain Streams & Rivers Collection,Sonniss.com - GDC 2019 - Game Audio Bundle Part 6of8/Soundbox Library - Mountain Streams & Rivers Collection/MS&R_058_River_Rapids.wav,world_ambience,World,Assets/ThirdParty/Sonniss/Selected/World/2019/Soundbox Library - Mountain Stre-8f7394/MS&R_058_River_Rapids.wav,127437768,2b1d1fb040bc24172c107c931e6ed0382886cb653596f59642eb61ed465726ff,all variations retained from a selected game-fit pack,
2019,Sonniss.com - GDC 2019 - Game Audio Bundle Part 6of8.zip,Soundbox Library - Mountain Streams & Rivers Collection,Sonniss.com - GDC 2019 - Game Audio Bundle Part 6of8/Soundbox Library - Mountain Streams & Rivers Collection/MS&R_072_River_Binaural.wav,world_ambience,World,Assets/ThirdParty/Sonniss/Selected/World/2019/Soundbox Library - Mountain Stre-8f7394/MS&R_072_River_Binaural.wav,117406298,cd4acbc9462141b384527f95c84612fb9cd61e78674095a904094a40117cc271,all variations retained from a selected game-fit pack,
2019,Sonniss.com - GDC 2019 - Game Audio Bundle Part 6of8.zip,Soundbox Library - Mountain Streams & Rivers Collection,Sonniss.com - GDC 2019 - Game Audio Bundle Part 6of8/Soundbox Library - Mountain Streams & Rivers Collection/MS&R_029_Stream_Small.wav,world_ambience,World,Assets/ThirdParty/Sonniss/Selected/World/2019/Soundbox Library - Mountain Stre-8f7394/MS&R_029_Stream_Small.wav,92951702,f810bf11a12285022d931cafb6505461db7d9821dd16573a2f53c6fd4d87d0b4,all variations retained from a selected game-fit pack,
2019,Sonniss.com - GDC 2019 - Game Audio Bundle Part 6of8.zip,Soundbox Library - Electromagnetic Fields Collection,Sonniss.com - GDC 2019 - Game Audio Bundle Part 6of8/Soundbox Library - Electromagnetic Fields Collection/EMF_051_Smartphone.wav,world_ambience,World,Assets/ThirdParty/Sonniss/Selected/World/2019/Soundbox Library - Electromagnet-7721e7/EMF_051_Smartphone.wav,51987736,4fb8f3d9b65622c659d81634fe528512f8816c5a2e928c9486c4db26e3ac27f8,all variations retained from a selected game-fit pack,
2019,Sonniss.com - GDC 2019 - Game Audio Bundle Part 6of8.zip,Soundbox Library - Electromagnetic Fields Collection,Sonniss.com - GDC 2019 - Game Audio Bundle Part 6of8/Soundbox Library - Electromagnetic Fields Collection/EMF_090_DVD_Player.wav,world_ambience,World,Assets/ThirdParty/Sonniss/Selected/World/2019/Soundbox Library - Electromagnet-7721e7/EMF_090_DVD_Player.wav,15354260,215ef3167bdc5c7ded7f30601bac1d13de376e700b01257e556c74de116352eb,all variations retained from a selected game-fit pack,
2019,Sonniss.com - GDC 2019 - Game Audio Bundle Part 7of8.zip,2496SoundEffects - Coastal Ambience and Beaches,Sonniss.com - GDC 2019 - Game Audio Bundle Part 7of8/2496SoundEffects - Coastal Ambience and Beaches/Ocean Waves Surf Close 2.wav,world_ambience,World,Assets/ThirdParty/Sonniss/Selected/World/2019/2496SoundEffects - Coastal Ambie-e64f25/Ocean Waves Surf Close 2.wav,104017336,ce2824591109535efd97729815241b65e6548848c9f7b2fd8fd4fc59de025c28,all variations retained from a selected game-fit pack,
2019,Sonniss.com - GDC 2019 - Game Audio Bundle Part 7of8.zip,2496SoundEffects - Coastal Ambience and Beaches,Sonniss.com - GDC 2019 - Game Audio Bundle Part 7of8/2496SoundEffects - Coastal Ambience and Beaches/Ocean Waves Surf On Rocks Close.wav,"survival_crafting,world_ambience",SurvivalCrafting,Assets/ThirdParty/Sonniss/Selected/SurvivalCrafting/2019/2496SoundEffects - Coastal Ambie-e64f25/Ocean Waves Surf On Rocks Close.wav,96489010,af249609ee828ebc4de67dc3800b9c2c0ce275f50fb26db9cee9e2f8eadd6d51,all variations retained from a selected game-fit pack,
2019,Sonniss.com - GDC 2019 - Game Audio Bundle Part 7of8.zip,2496SoundEffects - Coastal Ambience and Beaches,Sonniss.com - GDC 2019 - Game Audio Bundle Part 7of8/2496SoundEffects - Coastal Ambience and Beaches/Roller Coaster Voices Cheers.wav,world_ambience,World,Assets/ThirdParty/Sonniss/Selected/World/2019/2496SoundEffects - Coastal Ambie-e64f25/Roller Coaster Voices Cheers.wav,45562306,3f550380dffdc0c36bce4078bb57d8dfcc7c61fbfff996e6782782c1440f2213,all variations retained from a selected game-fit pack,
2019,Sonniss.com - GDC 2019 - Game Audio Bundle Part 7of8.zip,2496SoundEffects - Hollywood Cameras,Sonniss.com - GDC 2019 - Game Audio Bundle Part 7of8/2496SoundEffects - Hollywood Cameras/Camera Shutter Click Design Double Trouble 5.1 (LCRLsRsLf).wav,survival_crafting,SurvivalCrafting,Assets/ThirdParty/Sonniss/Selected/SurvivalCrafting/2019/2496SoundEffects - Hollywood Cam-7e5fe5/Camera Shutter Click Design Double Trouble 5.1 (LCRLsRsLf).wav,2171092,7a90601ea2ed97e1e959c157795909a143f00d354e7bbab5266b7261a7435ec2,all variations retained from a selected game-fit pack,
2019,Sonniss.com - GDC 2019 - Game Audio Bundle Part 7of8.zip,2496SoundEffects - Hollywood Cameras,Sonniss.com - GDC 2019 - Game Audio Bundle Part 7of8/2496SoundEffects - Hollywood Cameras/Camera Shutter Click Design Rise And Quick Stereo.wav,"survival_crafting,ui_feedback",UI,Assets/ThirdParty/Sonniss/Selected/UI/2019/2496SoundEffects - Hollywood Cam-7e5fe5/Camera Shutter Click Design Rise And Quick Stereo.wav,880204,bf1c7ae64841472f624c0b23577f549b88fac2ef54c0d3257362c1120f407663,all variations retained from a selected game-fit pack,
2019,Sonniss.com - GDC 2019 - Game Audio Bundle Part 7of8.zip,2496SoundEffects - Hollywood Cameras,Sonniss.com - GDC 2019 - Game Audio Bundle Part 7of8/2496SoundEffects - Hollywood Cameras/Camera Shutter Click Design Simple Beep And Shutter Click 5.1 (LCRLsRsLf).wav,survival_crafting,SurvivalCrafting,Assets/ThirdParty/Sonniss/Selected/SurvivalCrafting/2019/2496SoundEffects - Hollywood Cam-7e5fe5/Camera Shutter Click Design Simple Beep And Shutter Click 5.1 (LCRLsRsLf).wav,1301600,a9563bf5680a047b61c26c3be81f2b3dbe8615e5b65f1c927a50bd7b81001f5b,all variations retained from a selected game-fit pack,
2019,Sonniss.com - GDC 2019 - Game Audio Bundle Part 7of8.zip,2496SoundEffects - Super Heroes Sound Design,Sonniss.com - GDC 2019 - Game Audio Bundle Part 7of8/2496SoundEffects - Super Heroes Sound Design/Hawk's Arrow Flies Bow and Arrow shoot 2.wav,combat,Combat,Assets/ThirdParty/Sonniss/Selected/Combat/2019/2496SoundEffects - Super Heroes-862073/Hawk's Arrow Flies Bow and Arrow shoot 2.wav,490706,3d272854f1cdbfd79763b02563669d212b9c2b33ce0882a3a4e9c001062cbba6,all variations retained from a selected game-fit pack,
2019,Sonniss.com - GDC 2019 - Game Audio Bundle Part 7of8.zip,2496SoundEffects - Super Heroes Sound Design,Sonniss.com - GDC 2019 - Game Audio Bundle Part 7of8/2496SoundEffects - Super Heroes Sound Design/The Captain's Shield Metal Hit 5.wav,"combat,survival_crafting",Combat,Assets/ThirdParty/Sonniss/Selected/Combat/2019/2496SoundEffects - Super Heroes-862073/The Captain's Shield Metal Hit 5.wav,693154,2112b2c95d504994afb79e0e8d3b01496adb5a9fc9ef19dd744a9130e3ecb7cf,all variations retained from a selected game-fit pack,
2019,Sonniss.com - GDC 2019 - Game Audio Bundle Part 7of8.zip,2496SoundEffects - Super Heroes Sound Design,Sonniss.com - GDC 2019 - Game Audio Bundle Part 7of8/2496SoundEffects - Super Heroes Sound Design/The Web Slinger Shoots 4.wav,,Combat,Assets/ThirdParty/Sonniss/Selected/Combat/2019/2496SoundEffects - Super Heroes-862073/The Web Slinger Shoots 4.wav,460412,13ba897305ba9a997631beb2236bb738270f92157d33a46f4a20b154cd95bbef,all variations retained from a selected game-fit pack,
2019,Sonniss.com - GDC 2019 - Game Audio Bundle Part 7of8.zip,West Wolf - Seaside Nature And Waves,Sonniss.com - GDC 2019 - Game Audio Bundle Part 7of8/West Wolf - Seaside Nature And Waves/SNW_06_Nature_Forest_Birds_Wind_Early Morning_Spring_Distant Sea_Mediterranean_Grece.wav,"creatures_wildlife,world_ambience",Creatures,Assets/ThirdParty/Sonniss/Selected/Creatures/2019/West Wolf - Seaside Nature And W-b53be1/SNW_06_Nature_Forest_Birds_Wind_Early Morning_Spring_Distant Sea_Mediterranean_Grece.wav,84014154,cba916e0a13cacd17e935d2528ab160d05361bc6d51e0a3836030d1658f6770d,all variations retained from a selected game-fit pack,
2019,Sonniss.com - GDC 2019 - Game Audio Bundle Part 7of8.zip,West Wolf - Seaside Nature And Waves,Sonniss.com - GDC 2019 - Game Audio Bundle Part 7of8/West Wolf - Seaside Nature And Waves/SNW_45_Sea Waves_Middle Distance_Beach_Rough_Winter_North Black Sea_Bulgaria.wav,"creatures_wildlife,world_ambience",Creatures,Assets/ThirdParty/Sonniss/Selected/Creatures/2019/West Wolf - Seaside Nature And W-b53be1/SNW_45_Sea Waves_Middle Distance_Beach_Rough_Winter_North Black Sea_Bulgaria.wav,26763592,611707c689d314a8db8a4a9642d5a93b097dce9e18abc8dcb6f170be7da01c90,all variations retained from a selected game-fit pack,
2019,Sonniss.com - GDC 2019 - Game Audio Bundle Part 7of8.zip,West Wolf - Seaside Nature And Waves,Sonniss.com - GDC 2019 - Game Audio Bundle Part 7of8/West Wolf - Seaside Nature And Waves/SNW_14_Nature_Forest_Birds_Insects_Morning_Spring_Early Summer_South Black Sea_Bulgaria.wav,"creatures_wildlife,world_ambience",Creatures,Assets/ThirdParty/Sonniss/Selected/Creatures/2019/West Wolf - Seaside Nature And W-b53be1/SNW_14_Nature_Forest_Birds_Insects_Morning_Spring_Early Summer_South Black Sea_Bulgaria.wav,61131084,573ed8b5d292549bbd188b560d9813c9e0e1a5d49b5629bae649f494e8ccc180,all variations retained from a selected game-fit pack,
2019,Sonniss.com - GDC 2019 - Game Audio Bundle Part 8of8.zip,2496SoundEffects - Whoosh Pack 1,Sonniss.com - GDC 2019 - Game Audio Bundle Part 8of8/2496SoundEffects - Whoosh Pack 1/Whoosh Electronic Short Beep.wav,combat,Combat,Assets/ThirdParty/Sonniss/Selected/Combat/2019/2496SoundEffects - Whoosh Pack 1-fcabb4/Whoosh Electronic Short Beep.wav,425338,0ff532e7513c6e19160d648256bc7db48b79e408f34e587965d0c2634a6793c3,all variations retained from a selected game-fit pack,
2019,Sonniss.com - GDC 2019 - Game Audio Bundle Part 8of8.zip,2496SoundEffects - Whoosh Pack 1,Sonniss.com - GDC 2019 - Game Audio Bundle Part 8of8/2496SoundEffects - Whoosh Pack 1/Whoosh Experimental Thunder Roll Off.wav,"combat,world_ambience",Combat,Assets/ThirdParty/Sonniss/Selected/Combat/2019/2496SoundEffects - Whoosh Pack 1-fcabb4/Whoosh Experimental Thunder Roll Off.wav,1239860,79827783ed1ff0874ad5cce9b17a302a3a49aa83e8270863aec7a0f9197762f8,all variations retained from a selected game-fit pack,
2019,Sonniss.com - GDC 2019 - Game Audio Bundle Part 8of8.zip,2496SoundEffects - Whoosh Pack 1,Sonniss.com - GDC 2019 - Game Audio Bundle Part 8of8/2496SoundEffects - Whoosh Pack 1/Whoosh Horror Screams Metallic Rattle By.wav,"combat,survival_crafting",Combat,Assets/ThirdParty/Sonniss/Selected/Combat/2019/2496SoundEffects - Whoosh Pack 1-fcabb4/Whoosh Horror Screams Metallic Rattle By.wav,623760,6bfb3e4556b547c02a0fe55f725147b5ffc536ac0a2c809ba3adf446de68cd9a,all variations retained from a selected game-fit pack,
2019,Sonniss.com - GDC 2019 - Game Audio Bundle Part 8of8.zip,2496SoundEffects - Surround The Rain 5.1- Stereo,"Sonniss.com - GDC 2019 - Game Audio Bundle Part 8of8/2496SoundEffects - Surround The Rain 5.1- Stereo/Rain On Auto, Interior Parked, Window Closed 2_5.1 LCRLsRsLFE.wav",world_ambience,World,"Assets/ThirdParty/Sonniss/Selected/World/2019/2496SoundEffects - Surround The-a4f011/Rain On Auto, Interior Parked, Window Closed 2_5.1 LCRLsRsLFE.wav",79470414,fc67d40b700c2e6774fed296bef5f3dcece05b5b4771c8420c17a7f6e0e88276,all variations retained from a selected game-fit pack,
2019,Sonniss.com - GDC 2019 - Game Audio Bundle Part 8of8.zip,2496SoundEffects - Surround The Rain 5.1- Stereo,"Sonniss.com - GDC 2019 - Game Audio Bundle Part 8of8/2496SoundEffects - Surround The Rain 5.1- Stereo/Rain On Concrete, Drips On Metal_5.1 LCRLsRsLFE.wav","survival_crafting,world_ambience",SurvivalCrafting,"Assets/ThirdParty/Sonniss/Selected/SurvivalCrafting/2019/2496SoundEffects - Surround The-a4f011/Rain On Concrete, Drips On Metal_5.1 LCRLsRsLFE.wav",104680554,5aeaf9bbde3c965a1324dd8b5798ac7c9f14cc8ee689f8b8fa6719aaf12a0430,all variations retained from a selected game-fit pack,
